TransactionID,CustomerID,Gender,Age,City,ProductCategory,Quantity,Price,TotalAmount,PurchaseDate,PaymentMode
T101243,C1480,Other,40,Rajkot,Furniture,7,2469.71,17287.97,01-25-2025,upi
T101729,C1596,Male,47,Delhi,Groceries,4,673.88,2695.52,2025-05-01,Card
T100274,C1013,Other,41,Delhi,Beauty,3,4196.8,12590.4,2025/02/30,Cash
T101989,C1490,Female,63,Nashik,Groceries,7,822.46,5757.22,2025-12-17,UPI
null,C1431,Female,None,delhi,Electronics,7,3486.08,24402.56,2025-04-14,CARD
T100615,C1228,Male,24,Vadodara,Groceries,7,3292.33,23046.31,01-25-2025,UPI
T101703,C1416,Male,22,Vadodara,Sports,1,2259.1,2259.1,2025-08-08,Card
T101719,C1237,Male,60,Vadodara,Electronics,4,4822.06,19288.24,2025-01-01,Wallet
T101146,C1004,Male,35,Jaipur,Electronics,6,436.73,2620.38,2025-03-15,Wallet
T100552,C1233,Male,33,Delhi,Groceries,3,567.85,1703.55,2025-12-18,Wallet
T100451,C1254,Other,28,Mumbai,Electronics,6,3436.92,20621.52,2025-03-26,UPI
T101666,C1254,Female,44,Vadodara,Fashion,1,4281.72,4281.72,2025-12-10,Card
T100913,C1392,Male,53,Delhi,Electronics,5,3943.94,19719.7,2025-08-09,UPI
T100428,C1094,Female,18,Mumbai,Beauty,6,1296.49,7778.94,2025-03-18,UPI
T100385,C1494,Male,50,Delhi,Beauty,1,902.48,902.48,2025-09-11,UPI
T101716,C1457,Female,70,Indore,Beauty,1,607.67,607.67,2025-11-24,Wallet
T101138,C1117,Male,28,Nashik,grocery,4,4821.53,19286.12,2025-04-21,UPI
T101799,C1055,Female,60,Vadodara,Electronics,1,4876.26,4876.26,2025-05-04,Wallet
T100967,C1068,Other,56,Delhi,Furniture,2,3901.4,7802.8,2025-10-09,Card
T101658,C1160,Other,49,Pune,Beauty,7,1150.95,8056.65,2025-08-29,UPI
T100789,C1421,Female,62,Jaipur,Electronics,5,2086.16,10430.8,2025-08-13,UPI
T101355,C1045,Female,28,Surat,Groceries,3,3040.66,9121.98,2025-02-03,Cash
T101844,C1293,Other,36,Surat,Furniture,5,2745.79,13728.95,2025-10-23,Wallet
T101386,C1583,Male,54,Vadodara,Groceries,5,502.69,2513.45,2025-01-31,card
T101784,C1411,Male,60,Delhi,Groceries,2,3626.35,7252.7,2025-12-23,UPI
T100889,C1340,Other,66,Pune,grocery,6,3883.8,23302.8,2025-09-03,UPI
T101551,C1299,Other,51,Mumbai,Sports,4,2796.06,11184.24,N/A,UPI
T101604,C1170,Male,33,Jaipur,Beauty,7,1498.99,10492.93,2025-02-01,UPI
T101886,C1143,Other,64,Ahmedabad,Furniture,7,4625.87,NA,2025-01-22,Wallet
T100307,C1494,Male,62,Ahmedabad,Furniture,2,2044.96,4089.92,None,Cash
T100712,C1050,Male,37,Surat,Beauty,5,91.3,456.5,2025-05-22,Cash
T100373,C1510,N/A,47,Vadodara,Electronics,6,None,26958.42,2025-11-11,Wallet
T101880,C1113,Other,41,Jaipur,Groceries,4,2521.12,10084.48,2025-07-28, UpI
T100601,C1398,Other,41,Ahmedabad,Sports,1,3786.66,3786.66,2025-01-12,Wallet
T100486,C1416,Male,50,Rajkot,Groceries,2,1772.89,3545.78,2025-07-20,Cash
T100360,C1516,Other,66,Surat,Furniture,1,2809.66,2809.66,2025-07-25,Wallet
T101712,C1351,Male,59,Ahmedabad,Groceries,1,4206.94,4206.94,2025/02/30,Wallet
T100359,C1077,Male,44,,Sports,1,473.66,473.66,2025-01-23,Card
T100658,C1470,Female,28,Rajkot,ELECTRONICS,4,743.11,2972.44,2025-08-19,Wallet
T100391,C1411,female,50,Ahmedabad,Furniture,5,3573.07,17865.35,2025-01-03,Cash
T101891,C1524,Male,34,Nashik,Electronics,3,2594.64,7783.92,2025-02-18,Wallet
T101923,C1513,Female,50,Delhi,Sports,7,332.29,2326.03,2025-03-29,UPI
T100951,C1187,Male,33,Delhi,Furniture,2,2475.31,wrong,2025-10-05,Card
T101935,C1503,,29,Surat,Electronics,5,3019.37,15096.85,2025-06-01,Wallet
T100309,C1527,Other,39,Nashik,Sports,3,4066.2,12198.6,2025-08-26,UPI
T101806,C1484,Female,28,Jaipur,Beauty,2,2884.35,5768.7,2025-03-28,Wallet
T100627,C1060,Male,67,Pune,Sports,6,1146.6,6879.6,2025-12-17,Cash
T101718,C1339,Other,24,Jaipur,Sports,7,4779.85,null,2025-08-11,Wallet
T101782,C1422,Other,56,Ahmedabad,Beauty,7,2034.9,14244.3,2025-09-29,Cash
T101637,C1357,Other,40,Pune,Groceries,five,2890.81,5781.62,2025-04-30,Card
T101336,C1078,female,63,Rajkot,Groceries,1,3807.79,3807.79,2025-02-20,Cash
T100510,C1536,Female,37,Surat,Groceries,4,3897.52,15590.08,2025-10-25,Card
T100148,C1018,Other,62,Rajkot,BEAUTY,1,3633.52,3633.52,2025-12-28,Cash
T100648,C1171,Male,63,Ahmedabad,Fashion,3,1942.25,5826.75,2025-06-30,Cash
T100215,C1338,Female,37,Nashik,Beauty,1,358.43,358.43,2025-10-12,Wallet
T100198,C1356,Other,21,Jaipur,Furniture,6,3163.21,18979.26,not-a-date,Cash
T100423,C1519,Other,33,Pune,Sports,2,1252.69,2505.38,2025-06-10,Card
T100205,C1423,Male,42,Mumbai,Sports,4,2601.81,10407.24,2025-02-09,Cash
T100914,C1399,Female,32,Surat,Fashion,4,4733.12,18932.48,2025-05-10,Wallet
T100049,C1272,Female,20,Nashik,Beauty,4,1133.32,4533.28,2025-07-21,Card
T101233,C1216,Female,65,Jaipur,Beauty,3,2216.24,6648.72,2025-05-12,Cash
T100245,C1054,Male,23,Nashik,Fashion,1,1274.5,1274.5,2025-05-04,cash
T100236,C1107,Female,53,Delhi,Furniture,4,3963.26,15853.04,2025-07-24,Card
T100297,C1242,Female,23,Nashik,Beauty,6,418.39,NA,2025-08-30,Card
T101234,C1399,Male,66,Delhi,Sports,2,4303.38,8606.76,2025-01-05,Cash
T100523,C1375,,50,Pune,Beauty,4,1066.96,4267.84,2025-05-11,Card
T101492,C1562,Female,48,Ahmedabad,Groceries,4,1139.7,4558.8,2025-12-29,Card
T101070,C1515,f,65,Surat,Sports,4,1788.12,7152.48,2025-10-26,Cash
T101016,C1079,Female,unknown,Delhi,Furniture,3,3108.16,9324.48,null,UPI
T101986,C1021,Female,50,Nashik,Groceries,3,1484.37,4453.11,2025-11-22,UPI
T100900,C1031,MALE,25,Nashik,Fashion,1,1535.79,1535.79,2025-07-12,Wallet
T100600,C1072,Other,unknown,Rajkot,Electronics,2,4466.69,8933.38,2025-08-17,UPI
T100212,C1406,Male,27,Rajkot,Furniture,1,707.11,707.11,2025-11-02,Cash
T100986,C1585,Male,68,Ahmedabad,Furniture,5,2769.37,13846.85,2025-07-22,Cash
T101930,C1402,Other,?,Rajkot,Groceries,2,4177.05,8354.1,2025-01-19,UPI
T101187,C1010,Other,24,Ahmedabad,Sports,3,824.74,2474.22,2025-03-06,Cash
T101360,C1568,Female,18,Rajkot,Beauty,1,2010.56,2010.56,2025-06-06,Cash
T100602,C1380,Female,18,N/A,Fashion,5,811.54,4057.7,2025-10-16,UPI
T100871,C1421,Other,-5,Delhi,Sports,0,2268.27,2268.27,2025-11-17,cash
T100835,C1005,Female,23,Jaipur,Electronics,7,3890.41,27232.87,2025-02-06,UPI
T100785,C1511,Male,51,Ahmedabad,Beauty,4,2097.29,8389.16,2025-02-19,Wallet
T100169,C1442,Male,69,Surat,Groceries,1,4347.3,4347.3,2025-11-25,Wallet
T101311,C1208,Other,65,Surat,Sports,5,2234.87,11174.35,2025-04-24,Wallet
T100220,C1015,Other,57,Ahmedabad,Groceries,5,521.05,2605.25,2025-08-16,Cash
T100979,C1326,Other,49,Delhi,Groceries,1,3075.8,3075.8,2025-05-04,Cash
T100237,C1467,Male,,Mumbai,Electronics,2,1545.62,3091.24,2025-01-02,Cash
T101024,C1053,FEMALE,48,Mumbai,Electronics,5,1039.14,5195.7,2025/02/30,Cash
T101826,C1556,Male,63,Surat,Beauty,7,267.5,1872.5,2025-11-11,Cash
T100098,C1361,Male,54,Surat,Beauty,7,4445.16,31116.12,2025-06-21,Card
T100745,C1380,Other,64,Ahmedabad,Furniture,5,441.47,2207.35,2025-02-05,Cash
T101200,C1473,Other,25,Vadodara,Fashion,4,4247.41,16989.64,2025-08-11,Card
T100319,C1107,Female,45,NA,Furniture,1,1529.16,1529.16,2025/02/30,Card
T101002,C1241,Other,35,Jaipur,Fashion,2,2692.78,5385.56,2025-04-05,Wallet
T100357,C1298,Female,66,Pune,Furniture,1,252.8,252.8,2025-03-05,Wallet
T101633,C1416,Other,36,Jaipur,Fashion,2,427.0,854.0,2025-11-26,Card
None,C1024,Other,33,Jaipur,N/A,6,4839.23,29035.38,2025-08-22,Card
T101597,C1282,Other,47,Surat,Beauty,4,968.93,3875.72,2025-11-05,cash
T101681,C1227,Male,35,Rajkot,Groceries,3,3458.4,10375.2,2025-07-06,Cash
T100143,C1441,Female,56,Vadodara,Electronics,3,free,7340.94,2025-07-25,UPI
T100022,C1421,Male,23,N/A,Groceries,4,1015.27,4061.08,2025-10-26,Wallet
T101391,C1544,Female,36,Mumbai,Fashion,5,4405.73,22028.65,2025-06-04,UPI
T101270,C1242,Female,45,Rajkot,Furniture,1,3300.2,3300.2,2025-09-16,e-wallet
T100356,C1545,Male,18,?,Electronics,4,1399.11,5596.44,2025-07-29,UPI
T101796,C1042,Other,57,Indore,Fashion,2,1895.59,3791.18,2025-11-22,UPI 
T100168,C1282,Male,23,Rajkot,Fashion,1,1451.85,1451.85,2025-12-31,Cash
T100303,C1127,FEMALE,30,Surat,Groceries,3,1027.14,3081.42,2025-08-11,upi
T100731,C1378,FEMALE,32,,Groceries,7,663.3,4643.1,,Cash
T101613,C1310,Other,43, VADODARA,N/A,1,1614.83,1614.83,2025-09-15,Wallet
T100571,C1238,Male,23,Rajkot,Fashion,6,2820.08,16920.48,2025-07-13,Cash
T100183,C1208,Female,31,Delhi,Sports,4,2706.96,10827.84,2025-01-26,UPI
T101794,C1516,Female,26,Ahmedabad,Electronics,1,4265.37,4265.37,2025-04-08,Wallet
T101041,C1522,Female,48,Rajkot,Sports,3,4778.56,14335.68,2025-10-23,Wallet
T101071,C1163,Other,65,Jaipur,Beauty,3,4386.69,13160.07,2025-08-01,Cash
T100355,C1224,Female,52,Vadodara,Beauty,5,2565.45,12827.25,2025-06-19,UPI
T101069,C1343,Male,22,Delhi,Electronics,2,4320.06,8640.12,2025-07-27,e-wallet
T100497,C1138,Male,56,Indore,Fashion,2,552.66,1105.32,2025-07-08,UPI
T100029,C1323,Other,54,Vadodara,Electronics,4,2013.66,8054.64,2025-10-16,Wallet
T101134,C1209,Female,50,Surat,Groceries,2,0,2650.96,2025-04-28,UPI
T101611,C1047,Male,22,Delhi,Groceries,2,3954.08,7908.16,2025-01-08,Card
T101714,C1178,Female,65,Surat,Furniture,7,1869.68,13087.76,2025-07-08,UPI
T101612,C1580,Male,32,Surat,Electronics,7,4372.33,30606.31,2025-10-25,Card
T100472,C1597,Other,35,Vadodara,Fashion,5,4179.97,20899.85,2025-10-18,Card
T101192,C1500,Male,68,Ahmedabad,Groceries,7,3748.99,26242.93,2025-09-20,Card
T101896,C1010,Female,70,Rajkot,Fashion,5,812.64,4063.2,2025-06-22,Card
T100033,C1177,Male,39,Surat,Sports,5,2263.71,11318.55,2025-06-06,Wallet
T101497,C1332,Female,60,Mumbai,Sports,7,4153.68,29075.76,2025-07-22,Cash
T101505,C1070,Male,48,Ahmedabad, Electronics ,6,1839.44,11036.64,2025-12-11,CASH
T101593,C1539,Male,32,delhi,Fashion,3,4972.09,14916.27,2025-02-26,UPI
T101904,C1370,Other,39,N/A,electronics,1,1069.4,1069.4,2025-12-05,UPI
T100339,C1090,Male,30,Mumbai,Sports,2,3800.39,7600.78,2025-06-26,UPI
T100747,C1152,Other,52,Nashik,Groceries,5,804.88,4024.4,2025-03-05,Wallet
T101515,C1414,Female,25,delhi,Beauty,4,1105.47,4421.88,2025-08-27,CASH
T101597,C1282,Other,47,Surat,Beauty,4,968.93,3875.72,2025-11-05,cash
T101479,C1578,Female,60,Nashik,Beauty,5,3636.64,18183.2,2025-04-09,Card
T101410,C1035,Other,20,Delhi,Sports,4,2557.65,10230.6,2025-08-10,UPI
T100792,C1520,Female,36,Jaipur,Furniture,?,3790.57,26533.99,2025-06-03,Wallet
T100768,C1063,Male,55,Pune,Beauty,2,2556.34,5112.68,2025-03-01,Card
T100795,C1244,Other,61,Jaipur,Furniture,7,686.39,4804.73,2025-08-07,Cash
T101128,C1569,Male,36,Delhi NCR,Groceries ,five,580.4,580.4,2025-11-04,Cash
T100788,C1126,Female,unknown,Nashik,Fashion,3,2570.39,7711.17,2025-09-21,Wallet
T101137,C1322,Other,34,Nashik,Groceries,7,2299.73,16098.11,2025-09-21,UPI
T101005,C1083,Other,58,surat ,Sports,6,4756.34,28538.04,2025-07-23,Cash
T101665,C1313,Other,29,Rajkot,Beauty,4,4685.71,18742.84,2025-02-05,UPI
T100703,C1579,Other,27,Vadodara,Sports,1,1916.57,1916.57,2025-02-27,Card
T101277,C1131,Male,34,Mumbai,beauty ,2,4031.19,8062.38,2025-01-22,Cash
T100267,null,Female,44,Vadodara,Beauty,-2,550.41,-500,2025-01-10,Card
T101956,C1134,Male,63,Nashik,Groceries,7,539.37,3775.59,2025-11-30,Cash
T100527,C1466,Other,42,Jaipur,Fashion,3,4838.31,14514.93,2025-05-12,Card
T100570,C1095,Male,N/A,Vadodara,Groceries,4,685.57,2742.28,2025-12-21,Card
T100855,C1231,Female,26,Pune,Groceries,3,479.42,1438.26,2025-08-17,Card
T101315,C1518,Female,43,Indore,,4,4940.52,19762.08,2025-03-02,Cash
T101235,C1252,Other,20,Vadodara,Groceries,4,2390.33,9561.32,2025-05-02,Card
T101968,C1216,O,60,Rajkot,Furniture,6,760.8,4564.8,N/A,Wallet
T100772,C1345,Female,37,Mumbai,Fashion,6,1049.12,6294.72,2025-09-02,Cash
T100150,C1216,Male,63,Ahmedabad,Sports,7,3932.26,27525.82,2025-08-16,Cash
T100538,C1468,Other,69,Jaipur,Furniture,7,3219.82,22538.74,2025-10-27,Wallet
T100302,C1105,Male,-5,Vadodara,Groceries,1,3319.97,3319.97,2025-09-11,Card
T101081,C1412,Other,60,Rajkot,Groceries,4,653.2,2612.8,2025-10-11,UPI
T100238,NA,Other,64,Vadodara,Beauty,3,287.96,863.88,2025-11-19,Card
T101335,C1469,Male,20,N/A,Furniture,5,1233.01,6165.05,2025-06-25,Cash
T100485,C1193,Female,29,Vadodara,Fashion,1,615.47,615.47,2025-02-15,Wallet
T101431,C1370,Male,34,Mumbai,Beauty,1,959.81,959.81,2025-08-21,UPI
T101306,C1585,Male,,Vadodara,Beauty,6,4280.77,25684.62,2025-01-05,Cash
T101993,C1057,male,28,Indore,Electronics,1,2237.08,2237.08,2025-04-03,Wallet
T101623,C1052,Other,19,Indore,Beauty,5,1300.68,6503.4,2025-08-21,UPI
T100732,C1033,Female,20,Mumbai,Fashion,6,143.95,863.7,2025-09-30,Wallet
T100201,None,Other,50,Rajkot,Sports,7,2990.11,20930.77,2025-05-27,Wallet
T101705,C1020,Male,70,Mumbai,Beauty,2,2677.34,5354.68,2025-04-14,e-wallet
T101887,C1350,Female,62,Vadodara,Furniture,3,4331.07,12993.21,2025-11-11,Cash
T100096,C1494,Female,32,Mumbai,Electronics,5,3537.86,17689.3,2025-04-26,Cash
T101652,C1172,Male,63,Vadodara,Furniture,1,2953.55,2953.55,2025-01-30,Card
T101598,C1366,Male,33,Delhi,Fashion,7,4179.71,29257.97,2025-02-09,Wallet
T100756,C1284,Other,60,Pune,Beauty,4,3532.68,14130.72,2025-08-28,Cash
T100443,C1341,Other,48,Vadodara,Furniture,1,4832.13,4832.13,2025-03-19,Wallet
T101926,C1047,Female,57,Nashik,Fashion,1,4514.55,4514.55,2025-10-25,UPI
T101137,C1322,Other,34,Nashik,Groceries,7,2299.73,16098.11,2025-09-21,UPI
T100904,C1593,Other,70,Rajkot,Furniture,5,712.47,3562.35,2025-04-26,UPI
T101214,C1151,Female,19,Jaipur,Fashion,1,4779.25,4779.25,2025-03-03,Wallet
T100412,C1031,Female,48,Jaipur,Fashion,5,1608.76,8043.8,2025-09-05,UPI
T101981,C1195,Other,47,Indore,Groceries,7,2811.3,19679.1,2025-10-11,UPI
T101918,C1465,Male,25,Ahmedabad,Sports,7,1351.22,9458.54,2025-06-19,UPI
T101830,C1152,Female,36,Surat,Sports,5,4398.66,21993.3,2025-12-30,e-wallet
T100616,C1015,Other,50,Pune,Beauty,4,4129.38,16517.52,2025-09-14,UPI
T101583,C1345,Other,null,Rajkot,Electronics,5,2191.43,wrong,2025-08-30,Wallet
T100095,C1194,Male,20,Ahmedabad,Groceries,5,2941.46,14707.3,2025-05-29,UPI
T101112,C1304,,64,Mumbai,Fashion,3,4435.64,13306.92,2025-11-29,Wallet
T100161,C1411,Female,30,Delhi,Fashion,-5,2720.72,8162.16,2025-01-12,UPI
T100530,C1485,Male,58,N/A,Groceries,6,4928.43,29570.58,2025-05-23,wallet
T100790,C1202,Female,35,Surat,Furniture,2,3993.59,7987.18,2025-12-13,Cash
T101039,C1107,Other,70,Indore,Fashion,1,1175.08,1175.08,2025-06-26,Cash
T100149,C1089,Female,46,Indore,Beauty,2,1300.96,2601.92,2025-06-22,UPI
T101524,C1535,Female,61,Ahmedabad,?,1,3597.68,3597.68,2025-03-09,Card
T100775,C1093,Other,38,Mumbai,Beauty,5,0,12502.2,2025-10-04,UPI
T101295,C1030,Female,47,Vadodara,Electronics,6,2125.24,12751.44,2025-08-03,Cash
T100561,C1221,Male,52,Mumbai,Beauty,1,3315.02,3315.02,2025-11-27,UPI
T100501,C1184,Male,N/A,Surat,Beauty,4,647.51,2590.04,2025-07-30,Card
T100084,C1263,Other,33,Pune,Sports,3,1175.02,3525.06,2025-07-25,UPI
T100380,C1072,Male,48,Vadodara,Electronics,7,4033.49,28234.43,2025-03-15,Cash
T101327,C1209,Other,61,Surat,Beauty,2,2309.54,4619.08,2025-09-12,wallet
T100809,C1363,Male,64,mumbai,Beauty,1,2143.62,2143.62,2025-12-26,Cash
T100454,C1558,Male,37,Surat,Fashion,7,1772.61,12408.27,null,UPI
T101957,C1212,Male,60,Mumbai,Fashion,6,2804.62,16827.72,2025-11-03,UPI
T100446,C1291,Female,19,Indore,N/A,3,2724.06,8172.18,2025-04-12,Wallet
T100079,C1490,O,69,Pune,Electronics,4,3696.33,14785.32,2025-01-17,CASH
T101967,C1099,Other,23,Jaipur,Fashion,2,4907.59,9815.18,2025-09-08,Wallet
T101512,C1217,Female,46,Pune,Furniture,6,726.33,4357.98,2025-07-29,Cash
T101179,C1417,Male,64,Pune,Fashion,3,3038.57,9115.71,2025-05-21,Cash
T100801,C1010,Male,59,N/A,Groceries,7,3098.63,21690.41,2025-10-24,UPI
T101162,C1152,Male,27,Indore,beauty ,3,3306.94,9920.82,2025-08-17,UPI
T101344,C1018,Other,58,Vadodara,Furniture,7,4856.52,33995.64,2025-04-16,Wallet
T101460,C1483,male,51,Rajkot,Fashion,4,948.59,3794.36,2025-08-03,Wallet
T101757,C1431,FEMALE,68,Nashik,Beauty,3,1070.93,3212.79,15/01/2025,Wallet
T101966,C1506,Male,51,Indore,Furniture,4,4847.32,19389.28,2025-10-12,Wallet
T100791,C1113,Male,54,Rajkot,Groceries,4,503.15,2012.6,not-a-date,Cash
T100030,C1597,Other,26,Mumbai,Fashion,2,1379.47,2758.94,2025-04-13,UPI
T100916,C1201,Female,34,Pune,Groceries,5,2458.74,12293.7,2025-02-20,UPI
T101670,C1465,Male,27,Vadodara,Beauty,1,3365.18,3365.18,2025-05-28,Wallet
T101573,C1521,Other,57,Mumbai,Beauty,1,93.55,93.55,2025-12-11,UPI
T101793,C1118,Male,69,Jaipur,Beauty,5,2352.71,11763.55,2025-04-03,CASH
T100268,C1406,Male,67,Indore,beauty ,4,1081.48,4325.92,2025-07-11,UPI
T100453,C1181,Male,49,Delhi,Groceries,4,4023.35,16093.4,N/A,Wallet
T101258,C1524,Male,59,Pune,Fashion,1,4212.41,4212.41,2025-05-15,Wallet
T100656,C1447,Other,25,Rajkot,Furniture,4,2193.86,8775.44,2025-11-23,unknown
T100866,C1457,Other,56,Pune,Sports,6,871.51,5229.06,2025-06-21,UPI 
T100056,C1155,Female,45,None,Groceries,7,1736.14,12152.98,2025-03-04,Cash
T100818,C1214,Male,69,Ahmedabad,grocery,1,277.59,277.59,not-a-date,Wallet
T101727,C1277,Other,43,Rajkot,Electronics,1,788.57,788.57,2025-10-03,Card
T101467,C1045, M ,66,Vadodara,Groceries,5,4379.36,21896.8,2025-07-22,Card
T100671,C1339,Female,61,Jaipur,Electronics,7,1686.19,11803.33,2025-02-28,card
T101198,C1086,Female,61,Vadodara,Electronics,7,4283.76,29986.32,2025-04-24,Cash
T100191,C1402,Other,36,Ahmedabad,Groceries,6,4054.44,24326.64,N/A,Wallet
T100271,C1440,Female,48,Indore,Sports,7,3130.55,21913.85,2025-01-24,Wallet
T101292,C1562,Female,29,Ahmedabad,Beauty,7,unknown,24757.18,2025-02-27,UPI
T101092,C1587,Male,34,Nashik,Furniture,7,3059.18,21414.26,2025-08-29,UPI
T100458,C1009,Male,63,Vadodara,Sports,3,587.02,1761.06,2025-11-14,UPI
T101040,C1442,female,27,Ahmedabad,Fashion,1,3637.32,3637.32,2025-02-08,upi
T100750,C1152,Male,unknown,Surat,Furniture,5,2404.64,12023.2,2025-07-05,UPI
T101979,C1193,Male,33,Vadodara,Sports,6,1417.19,?,2025-10-16,Cash
T100369,C1303,Female,21,Mumbai,Electronics,3,4338.3,13014.9,2025-08-13,Cash
T100061,C1130,Female,46,Pune,Sports,1,1429.34,1429.34,2025-07-23,Card
T101609,C1553,m,58,Nashik,Beauty,6,1834.99,11009.94,2025-10-26,Cash
T100091,C1439,Female,35,Pune,Groceries,7,127.04,889.28,2025-12-23,Cash
T101287,C1158,Female,65,Delhi,Beauty,2,3893.82,7787.64,2025-11-16,Card
T100862,C1103,Other,43,Rajkot,Electronics,4,2699.98,10799.92,2025-07-18,Card
T100864,C1199,Female,37,Nashik,Electronics,3,2003.75,-500,2025-06-26,UPI
T101127,C1101,Male,42,mumbai,Electronics,6,2543.42,15260.52,,Card
T101645,C1579,Other,48,Ahmedabad,Electronics,3,4961.89,14885.67,2025-01-22,UPI
T101697,C1330,Male,41,Pune,Electronics,5,4301.19,21505.95,2025-06-30,Card
T101916,C1233,Male,61,Vadodara,Groceries,1,3688.42,3688.42,2025-07-27,UPI
T101536,C1062,other,28,Delhi,Sports,5,2343.65,11718.25,2025-03-04,Wallet
T100824,C1468,Female,67,Mumbai,Furniture,5,4138.85,20694.25,2025-02-05,Card
T100166,C1188,Other,,Rajkot,Fashion,5,3129.3,15646.5,2025-11-11,Wallet
T101334,C1366,Other,27,Jaipur,Furniture,4,1918.25,7673.0,2025-06-26,UPI
T101036,C1393,Other,57,Nashik,Groceries,2,648.5,1297.0,2025-05-08,Wallet
T100667,C1442,N/A,42,Surat,Furniture,4,660.95,2643.8,2025-12-12,UPI
T100448,C1269,Other,66,Surat,Beauty,7,1851.87,12963.09,2025-06-01,Card
T101331,C1157,Female,28,Nashik,Electronics,3,846.96,2540.88,2025-06-10,Cash
T100697,C1167,FEMALE,66,Delhi,Sports,4,3448.77,13795.08,2025-05-28,Wallet
T100441,C1119,Female,27,Surat,Groceries,3,4899.71,NA,2025-01-19,Wallet
T100469,C1332,Other,21,Vadodara,Beauty,6,1678.7,10072.2,2025-10-27,UPI
T101019,C1176,Other,28,Vadodara,Electronics,5,930.31,4651.55,2025-02-05,wallet
T100579,C1359,Male,44,Pune,Beauty,5,4817.83,24089.15,2025-07-01,Cash
T100505,C1415,Male,22,Delhi,Groceries ,5,3364.72,16823.6,2025-09-13,Wallet
?,C1050,Female,40,Ahmedabad,Sports,6,1642.47,9854.82,2025-10-25,UPI
T101072,C1341,Female,40,Mumbai,Beauty,5,3934.77,19673.85,2025-07-05,Cash
T101073,C1572,Male,49,Pune,Electronics,1,3354.91,3354.91,2025-04-02,Card
T101177,C1425,Male,22,Jaipur,Groceries,1,1787.26,1787.26,2025-05-26,Cash
T101741,C1308,FEMALE,66,Nashik,Electronics,5,3793.17,18965.85,2025-10-23,UPI
T101994,C1576,Male,55,Surat,Furniture,1,425.78,425.78,2025-12-17,Card
T101480,C1488,Male,19,Nashik,grocery,7,1056.07,-500,2025-09-13,UPI
T101965,C1465,Other,64,Vadodara,Electronics,6,4467.31,26803.86,2025-03-04,Cash
T100253,C1335,Other,38,Mumbai,Groceries,6,4136.86,unknown,2025-12-26,UPI
T100746,C1042,Female,18,Vadodara,Fashion,6,1506.29,9037.74,2025-06-13,Cash
T100392,C1259,Male,29,Vadodara ,Electronics,5,971.57,NA,2025-08-09,Cash
T100881,C1246,Other,62,vadodara,Groceries,2,2424.41,4848.82,2025-07-06,Cash
T101881,C1490,Female,35,Delhi,Beauty,7,2314.49,16201.43,2025-03-05,UPI
T101145,C1585,Other,34,Vadodara,Fashion,5,-100,544.8,2025-08-02,Card
T101590,C1129,Other,28,Jaipur,ELECTRONICS,5,4293.66,21468.3,2025-12-12,UPI
T100920,C1003,Female,38,Rajkot,Electronics,7,4945.03,34615.21,2025-04-04,UPI
T100848,C1402,Male,NA,Delhi NCR,Fashion,4,2016.0,8064.0,2025-07-07,unknown
T100797,C1191,Other,36,Jaipur,Groceries,6,589.89,3539.34,2025-04-11,Wallet
T101273,C1096,Male,66,Pune,Electronics,4,1327.09,unknown,2025-02-06,UPI
T100646,C1076,Other,38,Surat,BEAUTY,7,4867.59,34073.13,2025-12-07,Wallet
T101030,C1291,Other,68,Surat,Sports,5,3365.94,16829.7,2025-01-14,UPI
T100013,C1114,Other,57,Rajkot,BEAUTY,3,3891.78,11675.34,2025-10-29,Card
T100941,C1182,Female,61,Ahmedabad,Electronics,2,153.19,306.38,2025-01-21,Card
T100396,C1206,Other,49,Jaipur,Electronics,6,299.89,1799.34,2025-08-25,UPI
T101588,C1183,Male,44,Jaipur, Electronics ,6,3719.02,22314.12,2025-12-11,Cash
T101761,C1083,Male,49, VADODARA,Fashion,7,4482.79,31379.53,2025-08-07,Wallet
T100755,C1568,Other,41,Pune,Sports,1,532.59,532.59,2025-09-07,Cash
T101695,C1158,Other,43,Mumbai,Sports,3,716.36,2149.08,2025-12-04,Card
T101023,C1238,Female,66,Indore,Furniture,6,1276.63,7659.78,2025-08-30,UPI
T101298,C1339,Female,55,Indore,Groceries,3,2664.2,7992.6,2025-04-21,Card
T100673,C1215,Female,40,Nashik,Groceries,4,81.04,324.16,2025-02-14,Cash
T100705,C1334,Male,65,Surat,Fashion,4,4061.24,16244.96,N/A,Wallet
T100511,C1350,Female,41,Nashik,Electronics,7,3002.08,-500,2025-09-02,UPI 
T101792,C1153,Other,39,Mumbai,Groceries,1,4468.8,4468.8,2025-03-23,UPI
T101466,null,Female,63,Jaipur,N/A,unknown,2761.13,13805.65,2025-11-02,UPI
T101049,C1423,Male,,Ahmedabad,Sports,4,2725.55,10902.2,2025-09-23,Cash
T101056,C1213,Other,25,Surat,Sports,-2,1880.68,13164.76,2025-07-16,Cash
T101286,C1212,Other,35,Rajkot,Beauty,7,560.53,3923.71,2025-05-09,Wallet
T100614,C1324,Female,45,Nashik,Beauty,1,883.48,883.48,2025-01-12,Wallet
T101289,C1196,Female,48, VADODARA,Furniture,1,4815.48,4815.48,2025-04-05,UPI
T101290,C1135,Male,unknown,Surat,Beauty,1,295.15,295.15,2025-07-20,Card
T101620,C1518,Male,32,Delhi,Groceries,1,3203.45,3203.45,2025-06-29,Wallet
T100408,C1436,Male,70,Rajkot,Furniture,1,163.27,163.27,2025-07-27,Wallet
T100285,C1063,Other,26,Surat,Fashion,7,0,14848.96,2025-01-06,Card
T101676,C1038,Other,,Mumbai,Groceries,five,1244.64,8712.48,2025-06-07,Wallet
null,C1405,Male,47,Rajkot,Furniture,6,196.56,1179.36,2025-04-09,Cash
T101653,C1012,Female,54,Ahmedabad,Beauty,5,3793.56,18967.8,2025-05-21,UPI
T101998,C1513,Male,46,Mumbai,Furniture,5,4274.35,21371.75,2025-03-18,Card
T100390,C1265,Male,150,Indore,Beauty,3,3086.73,9260.19,2025-04-02,UPI 
T101013,C1518,Female,42,Jaipur,Sports,6,1171.34,7028.04,2025-11-07,Cash
T101490,C1159,Other,59,Rajkot,Sports,6,1390.72,8344.32,2025-10-06,CASH
T101585,C1265,Female,?,Ahmedabad,Beauty,6,4129.04,24774.24,2025-08-28,e-wallet
T101704,C1085,Female,31,Mumbai,Electronics,5,974.37,4871.85,2025-06-14,Cash
T101328,C1320,Other,47,Pune,N/A,null,3049.5,12198.0,2025-12-29,Cash
T101724,C1048,Other,20,Nashik,Sports,2,963.34,1926.68,2025-06-14,Wallet
T101316,C1429,Female,58,Nashik,Sports,1,3701.38,3701.38,2025-08-10,upi
T101168,C1033,Other,20,Mumbai,Electronics,4,2105.58,None,2025-04-05,Card
T101528,C1297,Other,66,Delhi NCR,Electronics,2,1206.22,2412.44,2025-01-31,UPI
T100628,C1075,Other,51,Jaipur,Groceries,1,1143.85,1143.85,2025-06-15,wallet
T101136,C1417,Female,37,Vadodara,Electronics,7,2733.97,19137.79,2025-10-09,Cash
T101455,C1482,Other,43,Nashik,Electronics,7,4819.02,33733.14,2025-10-21, UpI
T100923,C1084,Female,20,Ahmedabad,fashion,6,4021.61,24129.66,2025-04-28,Card
T100680,C1396,Other,24,Ahmedabad,None,4,1566.96,6267.84,2025-06-25,Card
T100882,C1191,Female,62,Mumbai,Fashion,1,511.07,511.07,2025-07-30,Wallet
T101543,C1007,Male,67,Indore,Fashion,3,4290.46,12871.38,2025-06-22,UPI
T101905,C1015,Female,66,Vadodara,Electronics,N/A,4693.32,9386.64,2025-02-18,Wallet
T100323,C1071,Female,67,Delhi,Fashion,2,2047.28,,2025-10-12,Wallet
T100997,C1089,Female,42,Nashik,Electronics,2,4126.56,8253.12,2025-11-08,Wallet
T100509,C1254,Other,66,Nashik,Beauty,6,923.65,5541.9,2025-02-26,Cash
T101142,C1218,Other,37,Surat, Electronics ,4,3726.03,14904.12,2025-01-14,Card
T101047,C1588,Male,38,Pune,Beauty,3,494.49,1483.47,2025-02-24,Wallet
T100288,C1062,Other,48,Vadodara ,Beauty,3,671.13,2013.39,2025-02-26, UpI
T100437,C1414,Male,70,Indore,Sports,2,3692.99,7385.98,2025-05-30,Card
T101631,C1466,Female,69,Nashik,Fashion,2,4776.65,9553.3,2025-12-17,Cash
T101510,C1132,Other,65,Ahmedabad,null,6,3688.78,22132.68,2025/02/30,UPI
T100031,C1560,Other,25,Pune,Electronics,5,1378.12,6890.6,2025-11-05,Wallet
T100995,C1050,Male,49,Delhi,Groceries,1,3238.61,3238.61,2025-09-04,UPI
T101648,C1371, M ,,Vadodara,Beauty,6,1275.05,7650.3,2025-05-08,Wallet
T101133,C1112,Other,31,Nashik,Beauty,5,4011.99,20059.95,2025-12-02,UPI
T100292,C1223,Other,23,Pune,Electronics,4,1142.92,4571.68,2025-09-30,Card
T101680,C1219,Female,35,Indore,Beauty,7,2007.97,14055.79,2025-02-22,Wallet
T100196,C1137,Female,18,Delhi,Furniture,6,2820.87,16925.22,2025-10-30,Cash
T100048,C1485,Other,41,Pune,Electronics,4,3572.82,14291.28,2025-01-07,Cash
T100118,C1320,FEMALE,63,Indore,Beauty,6,2528.97,15173.82,2025-02-13,Wallet
T101242,C1351,Male,41,Surat,Furniture,2,2533.98,5067.96,2025-09-02,UPI
T100042,C1589,Male,57,Surat,Electronics,6,2346.16,14076.96,2025-07-07,Card
T101291,C1440,Male,43,Nashik,Groceries,6,4980.53,29883.18,2025-01-05,UPI 
T101882,C1438,Male,21,Rajkot,Electronics,null,4528.1,31696.7,2025-07-20,Cash
T101214,C1151,Female,19,Jaipur,Fashion,1,4779.25,4779.25,2025-03-03,Wallet
T101514,C1463,Male,36,Nashik,Sports,6,3745.68,22474.08,2025-05-03,Cash
T101516,C1155,Other,61,Ahmedabad,Beauty,4,3987.22,15948.88,2025-11-13,Wallet
T101996,C1075,Other,27,Delhi,Electronics,2,384.71,769.42,2025-04-07,UPI
T100763,C1463,Other,57,Rajkot,Sports,4,3810.94,15243.76,,Wallet
T101572,C1147,Other,35,Pune,Groceries,1,4387.04,4387.04,2025-05-29,Cash
T100383,C1584,Female,59,Mumbai,Fashion,4,2584.56,10338.24,2025-09-06,Wallet
T100320,C1112,O,46,Jaipur,Fashion,6,2972.41,17834.46,2025-10-30,UPI
T100376,C1403,Female,36,Nashik,Groceries,6,3040.11,18240.66,2025-03-09,UPI
T100105,C1410,Other,59,Mumbai,Fashion,3,484.97,1454.91,2025-09-18,Card
T101369,C1134,Other,42,Nashik,Groceries ,5,4568.95,22844.75,2025-08-28,Wallet
T101297,C1346,Female,64,Surat,Sports,6,2553.57,15321.42,2025-05-10,Cash
T100728,C1175,Male,47,Rajkot,Groceries,7,2414.68,16902.76,2025-04-13,CARD
T101419,C1566,other,22,Vadodara,Electronics,6,NA,12513.9,2025-04-21,Wallet
T100804,C1400,Male,N/A,Rajkot,Beauty,4,2874.18,11496.72,2025-09-01,UPI
T101702,C1454,Other,30,Indore,Sports,-2,-250.5,4922.34,2025-04-21,Cash
T101568,C1210,Female,32, VADODARA,Sports,4,2039.55,8158.2,2025-08-09,Cash
T101910,C1054,Female,58,Rajkot,Furniture,6,3637.09,21822.54,2025/02/30,Card
T101368,C1110,Other,20,Mumbai,Fashion,1,4190.14,4190.14,2025-05-03,Card
T100411,C1226,Male,24,Vadodara,Furniture,2,1902.02,3804.04,2025-01-20,Cash
T100351,C1439,Other,43,Rajkot,Furniture,6,482.12,2892.72,2025-08-07,Cash
T100970,C1445,Other,55,Ahmedabad, Electronics ,6,4210.55,25263.3,2025-06-29,card
T100644,C1325,Other,41,mumbai,Sports,1,4140.2,4140.2,2025-04-22,UPI
T101226,C1162,Other,41,Surat,Fashion,7,3036.29,21254.03,2025-05-04,Wallet
T101914,C1054,Male,30,Pune,Electronics,2,2503.9,5007.8,2025-11-20,UPI
T100464,C1061,Female,50,Surat,Groceries,1,3823.84,3823.84,2025-11-03,wallet
T101903,C1325,Other,18,Ahmedabad,Beauty,5,3390.08,16950.4,2025-05-12,wallet
T101504,C1462,Female,47,Ahmedabad,Furniture,3,1284.96,NA,2025-05-31,Cash
T100903,C1229,Other,68,Surat,Beauty,6,1017.02,6102.12,2025-08-13,Wallet
T101349,C1122,Female,70,Vadodara,Fashion,5,1749.75,8748.75,2025-01-25,Cash
T100010,C1570,Male,31,Delhi,Electronics,6,4549.23,27295.38,2025-08-11,Cash
T100893,C1505,Other,50,Vadodara,Beauty,4,1943.01,7772.04,2025-06-14,UPI
T101813,C1556,Male,unknown,Surat,Groceries,3,471.06,1413.18,2025-09-17,Card
T101564,C1349,Other,29,Vadodara,Sports,3,2081.91,6245.73,2025-09-16,Cash
T101383,C1443,Female,67,Delhi,Furniture,2,4940.03,9880.06,2025-09-09,Wallet
T101280,C1079,Female,48,Rajkot,Sports,2,4622.6,9245.2,2025-12-29,UPI
T101759,C1189,Male,23,Vadodara,Sports,1,3195.6,3195.6,2025-12-25,UPI
T100444,C1050,Male,31,Ahmedabad,Electronics,5,1253.29,6266.45,2025-12-12,UPI
T100138,C1498,Male,23,Mumbai,Fashion,4,2286.41,9145.64,2025-08-08,Card
T100187,C1011,Male,N/A,Nashik,Beauty,5,2187.92,10939.6,2025-02-24,Card
T100336,C1404,Other,20,Vadodara,Fashion,1,4747.72,4747.72,2025-11-20,Cash
T101065,C1478,Other,23,Pune,Electronics,2,4868.74,9737.48,2025-03-07,Card
T100958,C1275,Other,35,Nashik,Electronics,6,2288.15,13728.9,2025-07-21,UPI
T101790,C1482,male,40,surat ,Fashion,6,1717.78,10306.68,2025-06-13,Cash
T101608,C1157,Other,37,Surat,Sports,3,765.01,2295.03,2025-07-29,Wallet
T100886,C1363,Other,150,Surat,Beauty,2,249.83,499.66,2025-12-25,Wallet
T101249,C1037,Female,18,Jaipur,Fashion,6,3167.27,19003.62,2025-10-08,Card
T100101,C1047,Other,35,Delhi,Groceries ,NA,1694.69,6778.76,2025-06-23,Card
T100521,C1553,Other,45,Jaipur,Electronics,5,1211.67,6058.35,not-a-date,Wallet
T101403,C1094,Female,25,Surat,Furniture,1,4977.99,4977.99,2025-11-16,Card
T100736,C1220,Other,35,Nashik,Fashion,2,2351.84,4703.68,2025-07-30,UPI
T100781,C1521,Male,61,Ahmedabad,Beauty,2,940.29,1880.58,2025-09-25,UPI
T101452,C1551,Other,47,Ahmedabad,Sports,7,2035.8,0,2025-05-18,Cash
T101980,C1003,Male,33,Mumbai,Beauty,6,2372.12,14232.72,2025-06-09,Cash
T101574,C1285,Other,68,Vadodara,Sports,2,1790.85,3581.7,2025-07-05,Cash
T101503,C1205,Male,28,Rajkot,Furniture,5,541.17,2705.85,2025-10-22,UPI
T100695,C1464,Male,37,Delhi,Beauty,4,990.87,3963.48,2025-08-21,UPI
T100603,C1471,O,27,Pune,Electronics,4,2930.21,11720.84,2025-04-21,Wallet
T100769,C1327,Female,35,Indore,fashion,3,4763.77,14291.31,2025-01-17,UPI
T100054,C1366,Female,68,Mumbai,Beauty,6,3868.76,23212.56,2025-07-12,Wallet
T100897,C1318,Female,20,Vadodara,Groceries,5,3376.57,16882.85,2025-08-02,UPI
T101932,C1277,Other,29,Jaipur,Sports,1,4242.66,4242.66,2025-11-29,Card
T101635,C1356,Female,48,Rajkot,?,1,2705.11,2705.11,2025-02-14,Cash
T101274,C1394,Male,26,Rajkot,beauty ,5,252.08,1260.4,2025-08-09,Cash
T101836,C1092,Other,67,,Groceries,4,3541.63,NA,2025-09-19,Wallet
T101421,C1548,Other,31,Pune,Fashion,4,4554.21,18216.84,2025-02-04,UPI
T101689,C1108,Other,23,Jaipur,fashion,4,1336.93,5347.72,2025/02/30,unknown
T100844,C1244,Other,43,Rajkot,Furniture,7,4673.16,32712.12,2025-09-09,cash
T101752,C1407,Female,54,Surat,Fashion,6,1402.71,8416.26,2025-04-09,Card
T101057,C1046,Female,57,Ahmedabad,Electronics,3,1602.66,4807.98,2025-05-18,UPI
T100190,C1306,Other,58,Pune,Beauty,2,3587.63,7175.26,2025-11-07,Card
T100981,C1128,other,45,Ahmedabad,Furniture,7,1683.58,11785.06,2025-09-25,Card
T101378,C1578,Male,20,Jaipur,Sports,6,3515.25,21091.5,2025-05-17,Wallet
T100688,C1174,Other,29,,Sports,4,319.56,1278.24,2025-09-11,Wallet
T100334,C1136,Female,19,Pune,Sports,4,4173.47,16693.88,2025-01-23,Wallet
T100064,C1358,Other,34,Indore,Groceries,3,4312.69,12938.07,2025-09-02,Cash
T100467,C1448,Female,45,vadodara,Furniture,1,2634.71,2634.71,2025-02-23,UPI
T100318,C1248,Female,35,Pune,ELECTRONICS,2,1365.8,2731.6,2025-03-31,CARD
T100119,C1341,Male,42,Delhi,Fashion,5,805.98,4029.9,2025-06-19,UPI
T101449,C1471,Male,46,Surat,Furniture,6,4288.35,25730.1,2025-05-15,CASH
T101952,C1549,Male,65,Mumbai,Fashion,7,1651.61,11561.27,2025-06-05,Wallet
T101586,C1451,Other,?,Pune,Sports,6,508.11,3048.66,2025-07-04,UPI
None,C1024,Other,33,Jaipur,N/A,6,4839.23,29035.38,2025-08-22,Card
T100727,C1561,Male,28,Delhi,Groceries,4,4289.81,17159.24,2025-01-24,Cash
T100583,C1239,Female,66,Vadodara,Groceries,7,3174.72,22223.04,2025-12-02,Wallet
T100963,C1332,Other,38,Surat,Electronics,4,1774.58,7098.32,2025-01-08,UPI
T100502,C1288,Male,37,Indore,Electronics,6,2543.56,15261.36,2025-08-06,Cash
T101230,C1106,Female,70,Nashik,Groceries,5,2084.86,10424.3,2025-02-19,unknown
T101085,C1556,Other,69,Rajkot,NA,7,1353.54,9474.78,2025-01-03,Cash
T101687,C1230,Female,25,Ahmedabad,Sports,3,4975.48,-500,2025-09-30,Wallet
T101491,C1087,Female,37,Vadodara,Electronics,5,1858.41,9292.05,2025-11-23,Wallet
T100532,C1239,Male,27,Jaipur,,1,4662.64,4662.64,2025-04-02,UPI
T101841,C1174,Other,70,Nashik,electronics,1,548.86,548.86,2025-06-25,Card
T100371,C1050,Other,35,Pune,Electronics,7,4052.58,28368.06,2025-03-23,UPI
T100252,C1502,Male,58,Nashik,Sports,4,467.04,1868.16,2025-07-01,Cash
T100919,C1059,Female,37,Nashik, Electronics ,5,3810.12,19050.6,2025-05-06,UPI
T100560,C1285,Female,61,Ahmedabad,Groceries,7,867.96,6075.72,2025-12-21,Card
T100698,C1541,Female,51,Vadodara,,4,4748.23,18992.92,2025-02-07,Card
T101941,C1020,Female,46,Nashik,Groceries,3,885.73,2657.19,2025-10-08,Cash
T100525,C1214,female,44,Vadodara,Fashion,2,967.02,1934.04,2025-06-18,Cash
T101441,C1113,Female,61,null,Beauty,6,234.55,1407.3,2025-01-16,Card
T101437,C1179,Female,150,Mumbai,Furniture,4,3808.8,15235.2,2025-11-18,UPI
T101223,C1141,Female,21,Indore,Beauty,4,79.07,316.28,2025-06-05,Card
T101305,C1097,Male,28,Surat,Sports,6,4199.23,25195.38,2025-06-29,Wallet
T100873,C1593,MALE,61,Surat,Furniture,4,2840.81,11363.24,2025-02-25,Card
T100759,C1443,Male,33,Mumbai,Beauty,6,4240.23,25441.38,2025-10-05,Wallet
T101913,C1014,Female,67,Rajkot,Furniture,1,-250.5,4784.62,2025-09-12,Card
T101711,C1582,Female,65,Nashik,Furniture,3,3332.55,9997.65,2025-02-13,Cash
T100748,C1053,Female,42,Nashik,Furniture,7,4567.59,31973.13,2025-04-29,UPI
T100868,C1501,Female,22,Mumbai,Furniture,4,3416.47,null,2025-09-19,UPI
T100854,C1213,Male,22,Vadodara ,Sports,3,2866.7,NA,2025-04-05,UPI
T100070,C1514,Other,55,Nashik,Sports,7,827.21,5790.47,2025-03-23,Wallet
T100081,C1004,other,62,Nashik,Furniture,7,free,6272.84,2025-06-30,Card
T100342,C1114,Male,62,Rajkot,Beauty,3,971.27,2913.81,2025-07-20,UPI
T101550,C1307,Female,63,Surat,Sports,5,843.33,4216.65,2025-04-16, UpI
T100588,C1018,Female,18,Indore,Groceries,7,1081.15,7568.05,2025-10-13,UPI
T100966,C1245,Female,60,Mumbai,Sports,5,715.61,3578.05,2025-05-03,Cash
T100817,C1540,Male,49,Jaipur,Furniture,5,2804.93,14024.65,2025-06-15,Cash
T100065,C1538,female,27,Vadodara,Fashion,2,2374.68,4749.36,2025-02-17,Cash
T101944,C1144,Other,48,Rajkot,Beauty,3,2836.22,8508.66,2025-08-20,Card
T101798,C1011,Female,27,Ahmedabad,Fashion,1,391.95,391.95,2025-03-26,Cash
T100496,C1114,Other,38,Ahmedabad,Furniture,7,1939.14,13573.98,2025-06-16,Card
T100077,C1140,Other,67,Rajkot,Sports,7,3201.95,22413.65,2025-08-20,Cash
T101037,C1164,Male,50,Jaipur,Groceries,5,4296.29,21481.45,2025-11-24,UPI
T100402,C1153,Female,46,Mumbai,Beauty,4,2054.23,8216.92,2025-05-26,UPI
T101566,C1118,Other,62,Surat,,4,4359.11,17436.44,31-12-25,Wallet
T101302,C1314,Female,60,Vadodara,Electronics,7,3655.78,25590.46,2025-06-21,UPI
T100499,C1533,Male,41,Vadodara,Groceries,5,1903.28,9516.4,2025-08-03,Cash
T101700,C1127,Female,26,Pune,Sports,2,3531.94,7063.88,2025-07-16,Card
T101354,C1549,Male,68,Indore,Beauty,6,None,14909.88,2025-03-04,Card
T101269,C1162,MALE,54,Surat,Furniture,5,909.29,4546.45,2025-05-04,Cash
T100999,C1457,other,19,Rajkot,Furniture,5,4240.89,21204.45,2025-10-24,Cash
T101012,C1463,Other,68,Ahmedabad,Fashion,4,4036.59,16146.36,2025-12-28,Cash
T101614,C1428,Male,69,Vadodara,Groceries,,3228.95,16144.75,2025-07-16,Card
T100495,C1161,Male,66,Indore,Beauty,7,4377.46,30642.22,2025-01-07,Cash
T101261,C1234,Female,35,Vadodara,Furniture,4,1061.52,4246.08,2025-02-20,UPI
T100659,C1080,Female,48,Mumbai,Fashion,7,84.37,590.59,2025-08-02,UPI
T101209,C1355,Other,68,Delhi,Furniture,7,4922.54,34457.78,2025-06-03,CARD
T100921,C1471,Male,26,Indore,Sports,five,4151.25,12453.75,2025-12-12,UPI
T101193,C1510,Other,42,Vadodara,Groceries,2,2263.79,4527.58,2025-04-09,Card
T101397,C1031,Male,null,Jaipur,Fashion,6,2880.68,17284.08,2025-02-17,Wallet
T100554,C1242,m,64,Jaipur,Furniture,5,3574.8,17874.0,2025-10-29,Cash
T100661,C1033,Male,43,Rajkot,Beauty,1,467.04,467.04,,Card
T100987,C1020,Female,45,Jaipur,Electronics,6,4639.17,27835.02,2025-05-18,Wallet
T100586,C1282,Male,62,Mumbai,Furniture,4,2880.64,11522.56,2025-11-07,Cash
T100264,C1455,Other,65,Vadodara,Sports,2,1960.86,3921.72,2025-08-29,Wallet
T101519,C1198,Male,32,Jaipur,Beauty,6,3687.27,22123.62,2025-07-20,CARD
T100286,C1446,Female,20,Mumbai,Fashion,7,free,4466.56,2025-07-24,UPI
T101439,C1131,Other,25,Pune,Sports,3,4211.37,12634.11,2025-11-21,UPI
T101762,C1074,Other,-5,Surat,Fashion,4,3121.71,12486.84,2025-05-02,Cash
T101811,C1101,Other,67,surat ,,2,3043.07,6086.14,2025-11-12,Card
T101977,C1302,Female,49,Jaipur,Electronics,7,3512.73,24589.11,2025-05-02,Cash
T101902,C1595,Other,39,Vadodara,Furniture,2,4179.4,8358.8,2025-05-13,UPI
T100803,C1088,Female,69,Mumbai,BEAUTY,4,258.6,1034.4,NA,Wallet
T100474,C1404,Female,27,Surat,Furniture,1,2272.47,2272.47,2025/02/30,UPI
T101077,C1140,Female,35,Delhi,Furniture,5,882.21,4411.05,2025-11-22,Cash
T100609,C1265,Male,20,Nashik,Electronics,7,2736.46,19155.22,2025-03-15,Wallet
T100209,C1325,Other,47,Ahmedabad,Groceries,3,3078.25,9234.75,2025-03-30,Wallet
T101767,C1018,Male,27,Rajkot,Sports,4,4727.61,18910.44,2025-03-10,UPI
T101580,C1100,Other,64,Indore,Groceries,4,676.95,2707.8,2025-06-19,UPI
T101951,C1123,Male,26,Surat,Groceries,6,1384.69,8308.14,2025-10-19,UPI
T101382,C1316,Male,69,Pune,Electronics,6,1166.03,6996.18,2025-08-30,Wallet
T101216,C1125,Other,70,null,Sports,5,791.5,3957.5,2025-06-02,Card
T100036,C1381,Female,29, VADODARA,Furniture,-5,1450.02,4350.06,2025-01-16,Cash
T101526,C1536,Female,50,Pune,Fashion,3,-100,6715.2,2025-08-03,Card
T100594,C1212,Male,60,Delhi,Furniture,5,4371.12,21855.6,2025-09-13,Wallet
T101099,C1376,Other,64,Nashik,Beauty,1,886.79,886.79,2025-09-28,Card
T100108,C1420,Female,26,Rajkot,Furniture,2,798.5,1597.0,2025-06-10,Cash
T100368,C1180,Female,53,Delhi NCR,Electronics,1,862.22,862.22,2025-04-24,UPI
T101433,C1126,Female,29,Delhi,Beauty,5,854.05,4270.25,2025-06-04,Wallet
T101947,C1376,Other,28,Rajkot,Fashion,1,4531.26,4531.26,2025-07-08,UPI
T101720,C1075,Male,70,Delhi,Beauty,6,1797.15,10782.9,2025-12-26,Card
T101343,C1531,MALE,21,Rajkot,Furniture,1,1498.94,1498.94,2025-05-02,Card
T101094,C1529,Male,65,Nashik,Furniture,5,2083.58,10417.9,2025-08-01,Cash
T100779,C1038,f,63,Nashik,Sports,5,1297.68,6488.4,2025-04-20,Card
T101789,C1038,Female,41,Pune,Electronics,2,2406.07,4812.14,2025-08-31,UPI
T101278,C1202,Male,51,Vadodara,N/A,1,3729.03,3729.03,2025-02-24,cash
T100102,C1272,Female,45,Ahmedabad,Furniture,1,4180.4,4180.4,2025-01-14,Cash
T101370,C1515,Female,55,Rajkot,Groceries,4,1893.07,7572.28,2025-04-30,UPI
T101647,C1099,Male,36,Nashik,Sports,2,1002.42,2004.84,2025-09-07,UPI
T101160,C1580,Male,47,Vadodara,Electronics,1,3513.12,3513.12,2025-03-18,UPI
T100860,C1176,,67,Ahmedabad,Sports,3,1017.95,NA,2025-01-13,Cash
T101256,C1378,Other,31,Pune,Furniture,3,2547.35,7642.05,2025-07-08,upi
T101481,C1115,Female,30,Indore,Sports,6,2483.84,wrong,2025-12-30,Cash
T100018,C1112,Male,56,Surat,Electronics,2,932.7,1865.4,N/A,Wallet
T101776,C1199,Female,39,Mumbai,Beauty,6,1529.42,9176.52,2025-12-22,Wallet
T100449,C1539,Other,68,Delhi,Electronics,7,542.21,3795.47,2025-08-20,Cash
T100117,C1365,Other,64,Indore,Furniture,7,1573.13,11011.91,2025-06-22,Cash
T101900,C1353,Male,61,Pune,Sports,6,0,17234.52,2025-05-15,upi
T101121,C1057,Other,56,Nashik,Electronics,4,null,3414.12,2025-01-16,Wallet
T101565,C1401,Male,34,Rajkot,Beauty,5,427.16,2135.8,2025-05-18,UPI
T101509,C1007,Other,40,Ahmedabad,Beauty,7,1097.01,7679.07,2025-03-03,e-wallet
T101400,C1383,Other,49,Delhi, Electronics ,1,4227.58,4227.58,2025-10-29,Card
T100239,C1420,Other,70,Indore,Sports,3,1851.94,5555.82,2025-03-05,cash
T100606,C1378,Female,55,Surat,Electronics,NA,2779.56,13897.8,2025-07-03,card
T101868,C1198,male,24,Nashik,Beauty,3,2993.28,8979.84,2025-05-18,UPI
T101199,C1599,Male,53,Surat,Beauty,7,-250.5,27374.83,2025-12-18,Cash
T101472,C1060,Male,47,Delhi,Sports,2,3973.18,7946.36,2025-07-14,UPI
T100171,C1260,Male,41,Nashik,Beauty,2,4701.91,9403.82,2025-06-04,Wallet
T100044,C1577,Other,19,Surat,Electronics,6,3413.82,20482.92,2025-01-13,Card
T100694,C1232,other,35,Nashik,Electronics,5,3470.55,17352.75,2025-01-04,cash
T101119,C1475,Other,63,Nashik,Electronics,3,4020.98,12062.94,2025-02-08,upi
T100692,C1443,Other,66,Jaipur,Sports,4,3873.81,15495.24,2025-02-26,Wallet
T101082,C1397,Female,21,Pune,Beauty,2,2254.1,4508.2,2025-08-14,Cash
T100193,C1195,Other,58,Surat,Sports,4,2819.83,11279.32,2025-07-05,Cash
T101713,C1350,Male,30,Jaipur,Sports,2,4127.09,8254.18,2025-06-12,UPI
T100381,C1106,Other,46,Ahmedabad,Groceries,2,581.78,1163.56,,UPI
T100221,C1536,Female,52,Surat,Electronics,3,4288.59,12865.77,2025-07-16,Cash
T100242,C1437,Other,50,Jaipur,Beauty,4,1284.48,wrong,31-12-25,Cash
T100535,C1134,Female,64,Surat,Furniture,6,2138.6,12831.6,2025-07-30,Cash
T101304,C1255,Other,52,Indore,Electronics,7,4691.39,32839.73,2025-07-04,Cash
T101154,C1028,Female,24,Delhi,Fashion,6,336.89,2021.34,2025-09-26,Card
T101774,C1070,Female,28,mumbai,Fashion,6,3169.45,19016.7,2025-07-19,UPI
T101247,C1303,Other,59,Nashik,Electronics,6,558.6,3351.6,2025-11-13,UPI
T101211,C1432,Other,26,Nashik,Groceries,5,2922.57,14612.85,15/01/2025,Card
T101555,C1204,Female,22,Delhi,Groceries,7,2809.51,19666.57,2025-12-15,Card
T100314,C1289,Male,27,Delhi,Electronics,6,3798.26,22789.56,2025-03-21,Cash
T101102,C1247,Female,70,vadodara,Furniture,1,2544.66,2544.66,2025-01-17,CARD
T100294,C1443,Female,40,Jaipur,Beauty,5,4181.24,20906.2,2025-03-29,Wallet
T101464,C1451,Female,39,Rajkot,Furniture,1,1626.68,1626.68,2025-02-23,Wallet
T101356,C1395,Other,37,Jaipur,Electronics,3,3044.51,9133.53,2025-02-19,Cash
T100915,C1502,Female,27,AHMEDABAD,Sports,4,1610.99,6443.96,2025-04-18,Card
T100702,C1176, M ,36,Vadodara,Sports,6,568.8,3412.8,2025-12-14,UPI
T100587,C1480,Male,40,Vadodara,Beauty,6,382.45,2294.7,2025-06-23,Cash
T101494,C1326,O,31,,,5,4041.87,20209.35,2025-03-24,Card
T100506,C1277,Female,70,Surat,Fashion,4,594.12,2376.48,2025/02/30,Wallet
T101657,C1286,Female,34,Delhi,Groceries,7,4087.33,28611.31,2025-07-24,Card
T101675,C1358,Other,40,Vadodara,grocery,1,2528.96,2528.96,2025-10-07,Wallet
T101318,C1375,Female,59,Rajkot,Electronics,2,339.25,678.5,2025-08-04,UPI
T100620,C1582,Other,66,Indore,Beauty,unknown,3901.98,11705.94,2025-11-15,UPI
T100324,C1392,Male,21,Pune,beauty ,4,2688.7,10754.8,2025-05-26,Card
T100482,C1215,Female,34,Jaipur,Sports,5,4552.88,22764.4,2025-10-14,Card
T101721,C1093,Other,32,Nashik,Furniture,3,1864.62,5593.86,2025-06-27,Cash
T101169,C1296,Other,63,Indore,Sports,2,1701.56,3403.12,2025-11-23,Card
T101567,C1560,Other,18,Pune,Electronics,3,3841.12,11523.36,2025-07-09,Cash
T101807,C1235,Female,57,Delhi,Sports,1,unknown,2158.79,2025-07-23,Cash
T101692,C1535,Male,28,Nashik,Beauty,7,1036.07,7252.49,2025-09-03,UPI
T100202,C1455,f,57,Mumbai,Electronics,6,2753.76,16522.56,2025-02-13,UPI
T101664,C1268,Male,38,Ahmedabad,Sports,2,1412.29,2824.58,2025-06-23,Card
T101181,C1436,Male,49,Vadodara,Fashion,6,2521.06,15126.36,2025-07-31,Card
T101616,C1523,Female,68,Indore,Furniture,2,3261.5,6523.0,2025-01-28,Card
T100419,C1532,Female,61,Rajkot,Fashion,6,1655.69,9934.14,2025-06-02,UPI
T100386,C1574,Male,27,Vadodara,Electronics,7,3247.85,22734.95,2025-02-27,UPI
T101364,C1155,Male,37,null,Furniture,5,2343.98,11719.9,2025-09-11,Card
T100300,C1260,Female,48,Pune,Furniture,6,3186.19,19117.14,2025-05-10,UPI
T100553,C1341,Other,34,Pune,Furniture,3,346.67,1040.01,2025-08-22,Card
T100971,C1387,Other,47,ahmedabad,Furniture,2,3105.02,6210.04,2025-04-21,unknown
T100159,C1074,Other,19,Jaipur,Groceries,5,2284.92,11424.6,2025-02-03,UPI
T101279,C1131,Male,64,Indore,Electronics,3,1135.98,3407.94,2025-10-15,Cash
T100216,C1384,Male,20,Indore,Sports,4,519.21,2076.84,2025-05-14,Card
T101296,C1039,Female,43,AHMEDABAD,,1,2356.65,2356.65,2025-10-09,UPI
T101856,C1131,Female,37,Rajkot,Fashion,6,3429.9,20579.4,2025-04-27,Cash
T101067,C1287,N/A,22,Nashik,Groceries,7,1757.39,12301.73,2025-09-15,UPI
None,C1472,Other,43,Mumbai,Sports,7,4102.09,28714.63,2025-06-30,UPI
T100722,C1346,Female,55,Pune,Beauty,2,709.62,1419.24,2025-01-13,Cash
T100284,C1038,Male,21,Ahmedabad,Fashion,2,2118.49,4236.98,2025-06-15,UPI
T100946,C1397,female,43,Delhi,Beauty,6,4888.43,29330.58,2025-04-13,Wallet
T101643,C1219,Female,36,Pune,Beauty,2,2881.46,5762.92,2025-04-17,Cash
T100099,C1110,Female,32,Mumbai,Beauty,1,1395.78,1395.78,2025-04-30,Wallet
T101938,C1506,Other,67,Jaipur,Electronics,5,1408.93,wrong,2025-03-27,Cash
T101245,C1259,Female,63,ahmedabad,Beauty,6,3615.62,21693.72,2025-12-10,Wallet
T101995,C1557,Female,19,Pune,Sports,1,1989.79,1989.79,2025-02-23,Card
T100875,C1202,Male,69,Pune,Groceries,-5,3959.4,7918.8,2025-01-07,Card
T100582,C1355,Other,35,vadodara,Sports,4,4875.34,19501.36,2025-07-23,Card
T101527,C1574,Other,-5,Ahmedabad,Furniture,6,2699.28,16195.68,2025-09-06,Card
T100776,?,male,28,Delhi,Beauty,2,2141.01,4282.02,2025-02-17,Card
T101969,C1208,Other,69,Delhi,ELECTRONICS,5,4274.33,21371.65,,Wallet
T100528,C1471,Male,56,AHMEDABAD,Groceries ,6,1040.54,6243.24,not-a-date,UPI
T100834,C1498,Female,67,Surat,N/A,4,980.72,3922.88,2025-11-12,Card
T101834,C1462,Other,-5,Jaipur,Beauty,5,3342.77,16713.85,2025-02-17,UPI
T100362,C1435,Female,28,Pune,Beauty,5,4653.63,23268.15,2025-09-24,Wallet
T100045,C1419,O,37,Rajkot,Sports,2,2246.18,4492.36,2025-12-12,Wallet
T100058,C1256,Male,60,Indore,Groceries,2,958.28,1916.56,2025-07-07,upi
T100047,C1147,Other,48,Rajkot,BEAUTY,1,115.6,115.6,2025-01-26,Cash
T101377,C1024,Female,33,Jaipur,Groceries ,2,2741.42,5482.84,2025-11-05,Card
T100876,C1202,Other,34,Rajkot,Furniture,1,1502.11,1502.11,2025-08-07,Cash
T101376,C1062,Male,69,Rajkot,Furniture,7,3998.66,27990.62,2025-04-29,Card
T100625,C1287,Female,25,Indore,Fashion,3,302.97,908.91,2025-04-20,UPI
T100612,C1027,Other,31,Mumbai,Furniture,4,1179.44,4717.76,2025-10-20,UPI
T100434,C1584,Male,29,Vadodara,Furniture,5,4189.54,20947.7,2025-11-22,Cash
T100108,C1420,Female,26,Rajkot,Furniture,2,798.5,1597.0,2025-06-10,Cash
T100192,C1187,Female,37,delhi,Fashion,2,1622.59,3245.18,2025-12-17,Cash
T100859,C1405,Female,59,Nashik,Beauty,1,4603.01,4603.01,2025-10-10,Cash
T100439,C1235,Other,62,Jaipur,Beauty,1,1948.05,1948.05,2025-03-24,Cash
T101587,C1060,Female,36,Delhi,Beauty,5,862.58,4312.9,2025-08-23,Cash
T101087,C1206,Male,25,Nashik,Electronics,5,396.67,1983.35,2025-03-05,Wallet
T100983,C1304,Other,NA,Pune,Groceries,6,935.64,5613.84,not-a-date,Cash
T101562,C1291,Male,18,Nashik,Beauty,5,2150.49,10752.45,2025-01-01,UPI
T101525,C1487,Male,65,Rajkot,Fashion,1,4139.8,4139.8,2025-04-24,UPI
T101046,C1415,Other,39,Pune,Fashion,7,2901.07,20307.49,2025-10-23,Wallet
T101684,C1036,Male,37,Mumbai,Electronics,7,757.05,5299.35,2025-10-01,UPI
T101288,C1269,f,66,Jaipur,Furniture,6,None,21029.52,2025-10-04,Card
T100647,C1273,Other,51,Jaipur,Electronics,6,4748.46,28490.76,2025-05-22,Cash
T100715,C1024,Female,61,Mumbai,Groceries,3,51.34,154.02,2025-08-13,Cash
T100942,C1166,Female,44,Rajkot,Electronics,3,4275.52,12826.56,2025-09-19,Card
T101899,C1433,Female,30,Indore,Electronics,1,2843.92,2843.92,2025-07-18,Wallet
T100364,C1232,Male,19,Pune,Furniture,2,3032.98,6065.96,2025-09-07,UPI
T101429,C1038,Other,41,Mumbai,N/A,5,4296.73,21483.65,2025-02-09,Wallet
T101114,C1447,Male,48,Mumbai,Fashion,2,3047.35,6094.7,2025-08-09,Wallet
T100136,C1461,Male,64,Nashik,Fashion,-5,2330.43,4660.86,2025-01-19,e-wallet
T101438,C1227,Male,25,Rajkot,Beauty,-2,1448.9,2897.8,2025-01-11,Wallet
T101632,C1593,Male,,Ahmedabad,Electronics,3,2513.27,7539.81,2025-05-25,Wallet
T101898,C1518,Female,65,Nashik,Furniture,6,4957.02,null,2025-11-26,Wallet
T100993,C1449,Female,59,Nashik,Fashion,-2,1926.36,3852.72,2025-11-30,UPI
T100528,C1471,Male,56,AHMEDABAD,Groceries ,6,1040.54,6243.24,not-a-date,UPI
T100908,C1487,Other,65,Mumbai,Groceries,5,3806.5,19032.5,2025-12-18,Wallet
T101093,C1059,Other,36,Jaipur,beauty ,4,1276.89,5107.56,2025-11-28,Card
T100111,C1061,Male,67,Surat, Electronics ,7,1768.43,12379.01,2025-08-24,Card
T100533,C1379,Male,18,Ahmedabad,Fashion,4,3322.65,13290.6,2025-10-22,Wallet
T100175,C1313,Male,48,Rajkot,Electronics,4,3763.4,15053.6,2025-02-02,UPI
T100965,C1028,Other,64,Rajkot,Fashion,3,0,10156.47,2025-12-06,Wallet
T100060,C1360,Female,66,Jaipur,Sports,6,507.93,3047.58,2025-11-03,Cash
T101055,C1128,Other,30,Ahmedabad,Groceries,5,1903.75,9518.75,2025-05-04,Cash
T101874,C1599,Female,51,Vadodara,Fashion,7,3758.01,26306.07,2025-09-24,Cash
T100827,C1374,Female,54,Indore,Beauty,7,3016.56,21115.92,2025-03-10,UPI
T101885,C1280,Male,35,Delhi,null,7,4752.04,33264.28,2025-07-19,Cash
T101825,C1454,Other,31,Delhi,Groceries,1,1497.77,1497.77,2025-03-01,Wallet
T100575,C1200,Other,47,Indore,Beauty,4,3042.75,12171.0,2025-01-28,cash
NA,C1251,Female,32,Rajkot,Fashion,2,2965.04,5930.08,2025-11-03,Cash
T101352,C1204,,20,N/A,Sports,1,4717.04,4717.04,2025-08-08,Cash
T100589,C1354,Male,48,Jaipur,Sports,4,2515.72,10062.88,2025-03-13,wallet
T100332,C1017,Female,67,Pune,Furniture,6,4003.03,24018.18,2025-06-19,Card
T101221,C1380,Other,63,Mumbai,Sports,2,3851.83,7703.66,2025-02-26,UPI
T100262,C1026,Female,54,Pune,Beauty,4,1589.86,6359.44,2025-01-09,Card
T101409,C1247,Male,54,Surat,Furniture,7,3765.83,26360.81,2025-10-16,Card
T100214,C1340,Other,70,Delhi,Electronics,7,4744.55,33211.85,2025-09-14,Wallet
T101420,C1262,Male,24,Vadodara,Beauty,1,817.8,817.8,2025-05-30,Wallet
T101546,C1001,female,59,Ahmedabad,Groceries,6,1799.06,10794.36,2025-11-17,UPI 
T100027,C1341,Male,43,Jaipur,Furniture,7,2182.19,15275.33,2025-08-10,Card
T100310,C1515,Male,26,Delhi,Fashion,6,4406.6,26439.6,2025-04-19,UPI
T100450,C1456,Male,54,Mumbai,Sports,6,2900.24,17401.44,2025-04-21,cash
T100399,C1025,Other,69,Jaipur,Furniture,2,2952.98,5905.96,2025-05-13,Card
T100569,C1285,Male,49,Mumbai,Electronics,3,539.85,1619.55,2025-06-01,Wallet
T101495,C1261,Other,29,Rajkot,Furniture,1,291.64,291.64,2025-01-10,Cash
T101601,C1536,Male,35,Nashik,Sports,1,732.98,732.98,15/01/2025,Wallet
T100682,C1549,Female,150,Rajkot,null,7,2884.01,N/A,2025-10-06,Card
T100870,C1361,Male,37,Vadodara,Beauty,3,3558.17,10674.51,2025-12-28,UPI
T101470,C1523,Male,33,Indore,Groceries,3,814.08,2442.24,2025-10-15,Card
T101642,C1299,Other,21,Surat,Sports,None,3881.06,3881.06,2025-05-07,UPI
T100435,C1175,Female,58,Surat,Fashion,3,4514.35,13543.05,2025-08-09,UPI
T101603,C1308,,52,Nashik,Sports,2,2941.05,5882.1,2025-07-20,Card
T100830,C1140,Other,34,Vadodara,Furniture,7,283.75,1986.25,2025-02-08,Wallet
T101852,C1015,Male,48,Ahmedabad,Groceries,5,2787.75,?,15/01/2025,UPI
T101482,C1055,male,26,Indore,Groceries,6,740.18,,2025-03-13,Cash
T100083,C1223,Female,56,Rajkot,Beauty,5,4725.72,23628.6,2025-07-12,UPI
T100617,C1012,Female,39,Nashik,Groceries,2,1879.32,3758.64,2025-02-20,UPI
T101624,C1047,Male,59,Indore,Sports,5,3559.7,17798.5,2025-04-13,UPI
T101068,C1415,Male,28,Indore,Beauty,3,4976.2,-500,2025-02-24,Wallet
T100584,C1483,Female,51,Ahmedabad,Sports,7,1472.64,10308.48,2025-11-17,CARD
T101345,C1351,MALE,69,Mumbai,Furniture,4,1017.96,4071.84,2025-12-06,Card
T100704,C1288,Male,44,Jaipur,Groceries,3,4917.96,14753.88,2025-07-07,Card
T101367,C1256,Female,23,Rajkot,Sports,1,134.54,wrong,2025-01-29,UPI
T101443,C1278,Female,61,Surat,Fashion,7,4469.09,31283.63,2025-04-01,Card
T101342,C1503,Male,34,Indore,Fashion,1,3077.23,3077.23,31-12-25,Cash
T101109,C1322,Female,23,Surat,Groceries,5,4510.65,22553.25,2025-07-31,Card
T100649,C1092,m,40,Indore,Furniture,4,1168.42,4673.68,2025-07-07,UPI
T101669,C1452,Other,-5,Ahmedabad,Furniture,2,1599.07,3198.14,2025-02-23,Cash
T101459,C1398,Other,23,Pune,Beauty,1,3297.52,3297.52,2025-01-15,UPI
T101770,C1576,Female,43,Ahmedabad,Fashion,3,1765.24,5295.72,2025-07-08,Card
T100540,C1065,Female,62,Delhi,Fashion,6,1521.9,9131.4,2025-12-23,UPI
T100994,C1136,Female,52,Nashik,Groceries,4,4870.64,19482.56,2025-08-17,Cash
T100906,C1125,Male,27,Pune,Groceries,1,1937.33,1937.33,2025-10-04,Card
T100210,C1507,Other,42,Mumbai,Electronics,7,4281.23,29968.61,2025-09-07,Wallet
T101267,C1331,Male,43,Vadodara,Groceries,4,441.51,1766.04,31-12-25,e-wallet
T100387,C1296,Other,30,Mumbai,Beauty,-5,1747.89,-500,2025-06-27,Card
T101129,C1025,Other,23,Pune,FASHION,2,4386.46,8772.92,2025-04-15,Card
T101325,C1107,Other,42,Indore,Beauty,1,3194.84,3194.84,2025-10-26,Cash
T101471,C1322,Other,64,Mumbai,grocery,5,218.01,1090.05,2025-08-07,wallet
T100014,C1048,N/A,70,Vadodara,Furniture,2,654.03,1308.06,2025-12-27,Card
T101747,C1030,Male,33,Ahmedabad,electronics,1,2767.97,2767.97,2025-02-14,Cash
T101843,C1462, M ,28,Jaipur,fashion,4,2352.37,9409.48,2025-03-20,Card
T101486,C1479,Other,unknown,Mumbai,Fashion,5,1835.91,9179.55,2025-08-03,UPI
T101873,C1319,Other,18,Mumbai,Sports,7,1804.24,12629.68,31-12-25,Cash
T100935,C1235,Male,22,Delhi,Beauty,4,3854.42,15417.68,2025/02/30,Cash
T100229,C1597,Male,21,Vadodara ,Fashion,5,4291.31,21456.55,2025-11-14,Card
T100557,C1433,Male,unknown,Indore,Furniture,4,1291.77,5167.08,2025-05-17,Wallet
T100666,C1427,Other,49,Nashik,Groceries,3,1267.97,,2025-08-23,Card
T100348,C1541,Other,62,Pune,Fashion,5,1508.99,7544.95,2025-05-06,Cash
T100093,C1402,Other,64,Pune,N/A,1,1939.46,1939.46,2025-10-16,Cash
T101171,C1260,Male,62,Nashik,Sports,4,655.62,2622.48,2025-03-15,Cash
T101839,C1397,Male,37,Indore,Beauty,1,4222.78,4222.78,NA, UpI
T100438,C1555,Male,55,Pune,Electronics,5,3544.8,17724.0,2025-04-20,Cash
T101341,C1187,Other,19,Ahmedabad,Electronics,6,2006.12,12036.72,2025-05-18,UPI
T100046,C1395,Male,39,Rajkot,Sports,2,499.06,998.12,2025-12-10,Cash
T101831,C1594,Female,48,Surat,Fashion,4,1764.35,7057.4,2025-09-25,UPI
T100831,C1018,Female,38,Ahmedabad,Beauty,7,1500.17,10501.19,2025-06-12,Wallet
T101860,C1530,Female,30,Jaipur,Sports,5,1970.07,N/A,2025-12-31,Cash
T100508,C1023,Male,33,Indore,Fashion,6,2382.51,14295.06,2025-12-01,UPI
T100896,C1477,Other,41,Mumbai,Electronics,6,2156.04,12936.24,2025-11-15,UPI
T101529,C1287,N/A,19,Surat,Furniture,6,1731.35,10388.1,2025-05-19,Cash
T101107,C1273,Male,41,AHMEDABAD,Fashion,3,4104.46,12313.38,2025-03-29,Cash
T101859,C1140,Other,32,Pune,Electronics,5,4150.07,20750.35,2025-09-24,Card
T101485,C1078,Other,27,Vadodara,Groceries,4,595.83,2383.32,2025-10-23,Cash
T101672,C1153,Male,25,Surat,Electronics,7,625.88,4381.16,2025-10-26,UPI
T100595,C1494,Female,47,Delhi,Sports,3,2698.43,8095.29,2025-03-06,Card
T101758,C1082,Other,68,Surat,Furniture,2,4116.55,8233.1,2025-07-29,Wallet
T101476,C1024,Other,33,N/A,Furniture,4,0,19657.8,2025-03-07,Card
T101960,C1171,Male,63,Mumbai,Sports,2,2731.43,unknown,2025-06-10,UPI
T101149,C1588,female,36,Surat,Sports,3,864.55,2593.65,2025-01-08,Cash
T101805,C1174,Female,38,Nashik,Furniture,1,4748.69,4748.69,2025-06-08,Wallet
T100366,C1402,Female,26,delhi,Electronics,1,4995.49,4995.49,2025-05-29,UPI
T100517,C1218,Female,36,Ahmedabad,fashion,6,3558.67,21352.02,2025-04-14,Cash
T101408,C1050,Other,55,Mumbai,Beauty,1,525.9,525.9,2025-06-29,UPI
T100912,C1069,Male,62,Pune,Electronics,1,3832.21,3832.21,2025-09-14,Cash
T100938,C1387,Female,60,Ahmedabad,Furniture,-5,621.3,2485.2,2025-02-28,UPI
T100812,C1292,Male,66,Mumbai,Fashion,3,1205.62,3616.86,2025-11-13,Wallet
T101547,C1070,other,50,Jaipur,Electronics,4,3851.58,15406.32,2025-06-24,Cash
T101768,C1083,Male,60,Mumbai,Beauty,4,61.9,247.6,2025-12-25,Card
T100002,C1366,Male,59,surat ,Furniture,3,4903.12,14709.36,2025-08-13,Cash
T100265,C1443,Male,44,Ahmedabad,Fashion,1,3390.96,3390.96,2025-10-13,Wallet
T101628,C1573,f,24,Rajkot,Fashion,4,4455.75,17823.0,2025-05-30,Card
T100153,C1358,Male,64,Delhi,Beauty,1,1099.39,1099.39,2025-02-16,UPI
T100884,C1281,Other,48,Surat,Furniture,2,3904.04,7808.08,2025-09-19,Wallet
T101218,C1264,Other,32,Vadodara,Furniture,6,4448.6,26691.6,2025-01-21,Cash
T101780,C1360,Male,19,Jaipur,Beauty,7,4080.26,28561.82,2025-02-09,Wallet
T100869,C1017,Female,48,Rajkot,Fashion,7,3887.95,27215.65,2025-04-21,UPI
T100996,C1063,Male,,Vadodara,Electronics,1,3646.79,3646.79,2025-07-08,Cash
T100447,C1064,Female,59,Mumbai,Electronics,7,4007.8,28054.6,2025-11-01,Wallet
T101888,C1521,Male,19,Mumbai,Electronics,2,136.79,273.58,2025-04-16,Card
T101921,C1279,Female,41,Pune,Fashion,1,286.21,286.21,2025-06-17,Wallet
T101281,C1063,Male,52,Pune,Groceries,6,4789.28,28735.68,2025-10-28,UPI
T100576,C1552,Female,60,Pune,Sports,7,2231.84,15622.88,2025-11-20, UpI
T100787,C1165,Other,36,Rajkot,Electronics,7,1443.19,10102.33,2025-06-24,Cash
T101549,C1579,Female,39,Indore,Beauty,1,2266.34,2266.34,2025-01-13,Card
T101499,C1312,Female,56,NA,Groceries,1,2665.73,2665.73,2025-06-03,Card
T101170,C1300,Male,29,NA,Beauty,0,865.07,1730.14,2025-04-07,upi
T100277,C1093,Other,33,Delhi,Sports,3,672.14,2016.42,2025-09-05,UPI
T101627,C1315,Male,63,Jaipur,None,1,2169.72,2169.72,2025-10-08,Cash
null,C1077,Other,63,Vadodara,Fashion,7,2091.89,14643.23,2025-10-20,Cash
T101141,C1429,Male,52,Mumbai,Furniture,3,3258.81,9776.43,2025-12-13,cash
T101901,C1523,Male,23,,Furniture,6,4640.07,27840.42,2025-05-11,UPI
T100714,C1302,Female,43,Pune,Groceries ,6,4411.91,26471.46,2025-07-22,Card
T100998,C1353,Male,25,Mumbai,Sports,1,361.92,361.92,2025-03-05,card
T101558,C1105,Other,22,Delhi,Sports,2,1448.57,2897.14,2025-12-19,UPI 
T101870,C1459,Male,-5,Vadodara,Sports,7,4787.96,33515.72,2025-02-05,UPI
T101314,C1457,Male,70,Indore,Electronics,4,600.75,2403.0,2025-04-05,Wallet
T100684,C1542,N/A,52,Mumbai,Beauty,3,4842.18,14526.54,2025-06-21,Wallet
T101809,C1285,Other,20,Nashik,Beauty,3,4116.36,NA,2025-12-03,Cash
T101407,C1015,Female,47,Ahmedabad,Furniture,3,3565.59,10696.77,2025-07-11,Cash
T101626,C1552,Other,54,NA,Furniture,3,1964.82,?,NA,Cash
T101883,C1537,Female,60,Indore,Sports,6,3818.51,22911.06,2025-07-26,Card
T100379,C1235,other,61,Jaipur,Groceries,3,959.84,2879.52,2025-10-04,Wallet
T100672,C1596,Male,59,Ahmedabad,Sports,1,2488.86,2488.86,2025-09-27,Card
T101800,C1401,Other,65,Vadodara,Fashion,4,440.21,1760.84,2025-04-10,Cash
T100858,C1290,MALE,?,Ahmedabad,Electronics,5,3390.42,16952.1,2025-06-14, UpI
T101906,C1511,Male,28,Pune,Electronics,4,3396.42,13585.68,2025-01-23,Wallet
T101917,C1172,Other,66,Indore,None,3,1526.41,4579.23,2025-08-27,UPI
T100643,C1420,Other,47,Ahmedabad,Groceries,5,4176.51,20882.55,2025-10-18,UPI
T101710,C1083,Male,20,Indore,Furniture,2,3085.82,NA,2025-05-07,Card
T100948,C1068,Other,45,Surat,Sports,1,None,4932.42,2025-04-14,UPI
T100522,C1452,Male,41,Surat,Fashion,7,4668.42,32678.94,2025-12-07,Cash
T100222,C1593,Female,53,Surat,Furniture,4,944.23,3776.92,2025-04-15,unknown
T100664,C1128,FEMALE,31,Ahmedabad,Fashion,6,1832.72,10996.32,2025-05-20,card
T101435,C1107,f,null,Rajkot,Groceries,7,4224.87,29574.09,2025-06-27,Cash
T100825,C1412,Other,NA,,Groceries,1,2504.69,unknown,2025-01-30,wallet
T100106,C1302,Female,36,Surat,Fashion,-5,885.15,2655.45,2025-11-02,Cash
T100780,C1336,Male,53,Ahmedabad,Furniture,7,N/A,3925.88,2025-04-11,UPI
T100164,C1558,Male,54,Jaipur,Sports,3,200.7,602.1,2025-07-12,UPI
T101156,C1458,Male,22,Delhi,Sports,7,1857.39,13001.73,2025-08-11,Wallet
T101876,C1202,Female,43,Rajkot,NA,6,2571.14,15426.84,2025-08-30,Wallet
T101607,C1082,Female,39,Mumbai,Electronics,7,3853.56,NA,2025-04-02,UPI
T101646,C1462,Male,56,Mumbai,Fashion,3,1395.01,4185.03,2025-04-20,UPI
T101769,C1061,Male,53,Ahmedabad,Sports,2,2208.98,4417.96,2025-12-24,Card
T101557,C1600,Other,65,Rajkot,Furniture,7,598.22,4187.54,2025-03-22,UPI
T100308,C1225,Other,68,Vadodara,Fashion,5,203.66,1018.3,2025-02-15,upi
T101060,C1139,Other,40,Rajkot,Fashion,6,2625.07,15750.42,2025-12-12,Wallet
T100955,C1056,Male,45,Indore,Groceries,5,3602.2,18011.0,2025-07-20,Card
T100041,C1291,Female,24,Nashik,Sports,3,1229.74,3689.22,2025-11-20,Wallet
T101667,C1423,Other,50,Indore,Fashion,3,2320.71,6962.13,2025-05-01,Card
T101228,C1464,Female,19,Pune,Beauty,7,3478.78,24351.46,2025-12-02,Wallet
T100737,C1220,Other,62,Vadodara,Furniture,7,847.94,5935.58,2025-04-12,Card
T101436,C1572,Male,42,Pune,Fashion,1,1798.3,1798.3,2025-03-31,Cash
T100611,C1160,Other,21,delhi,Furniture,1,874.5,874.5,2025-09-05,UPI
T101229,C1426,Other,57,Mumbai,Sports,3,2480.17,7440.51,2025-04-13,Cash
T100624,C1493,Other,34,Pune,Furniture,3,3128.64,9385.92,2025-04-05,Wallet
T101578,C1569,Female,24,Pune,Beauty,6,?,19048.38,2025-04-30,Wallet
T100573,C1166,Other,36,Indore,Beauty,6,4086.0,24516.0,2025-05-30,Cash
T100283,C1481,Female,25,Delhi,Beauty,7,2575.35,18027.45,2025-01-07,UPI
T101731,C1575,Other,47,Pune,Electronics,3,593.58,1780.74,2025-09-11,UPI
T101365,C1159,Other,48,Nashik,Electronics,5,84.09,420.45,2025-01-29,UPI
T100740,C1562,Female,69,Mumbai,Electronics,2,3433.4,6866.8,2025-05-28,UPI
T100259,C1362,Male,67,Rajkot,Electronics,2,1015.33,2030.66,2025-03-13,Card
T100952,C1166,Other,27,Surat,Fashion,1,404.15,404.15,2025-07-05,unknown
T100716,C1005,Female,56,Ahmedabad,Furniture,5,3411.44,17057.2,2025-12-26,Wallet
T101389,C1476,Male,N/A,Delhi,Beauty,7,1438.09,10066.63,2025-08-06,UPI
T101937,C1377,FEMALE,57,Delhi NCR,Electronics,6,3544.38,21266.28,2025-12-06,UPI
T100762,C1388,O,40,Surat,Groceries,3,4823.56,14470.68,2025-11-11,Card
T101797,C1274,Male,39,Surat,Electronics,5,766.15,3830.75,2025-08-07,Wallet
T101106,C1181,Other,48,Vadodara,Furniture,2,566.91,1133.82,2025-07-01,Card
T101636,C1534,Male,26,Pune,Beauty,7,1088.25,7617.75,2025-02-24,Cash
T100094,C1100,Other,50,ahmedabad,Groceries,6,3100.75,18604.5,2025-03-29,UPI
T101760,C1501,Female,39,Pune,Fashion,1,1768.79,unknown,2025-12-18,Card
T100260,C1082,Other,55,Jaipur,Beauty,1,3623.64,3623.64,2025-09-04,Wallet
T100184,C1252,Other,39,Indore,Fashion,4,1016.93,unknown,2025-09-02,e-wallet
T100754,C1209,Female,64,Delhi,Furniture,7,3931.47,null,2025-01-31,Wallet
T100147,C1516,Other,52,Mumbai,Electronics,4,1238.86,4955.44,2025/02/30,UPI
T100241,C1489,Female,21,Indore,Furniture,6,3153.48,18920.88,2025-02-24,Wallet
T100674,C1192,male,28,Delhi,Sports,1,379.99,379.99,2025-08-25,Wallet
T101371,C1482,Other,43,Nashik,Electronics,N/A,-250.5,7662.96,2025-05-25,Wallet
T100382,C1496,Male,35,Delhi,Beauty,6,1182.81,7096.86,2025-01-12,UPI
T100910,C1573,Other,23,vadodara,Furniture,4,2496.96,9987.84,2025-07-02,Card
T100090,C1141,Other,32,Pune,Furniture,7,4470.94,31296.58,2025-03-13,UPI
T101691,C1194,Male,24,Rajkot,Fashion,five,2136.02,6408.06,2025-05-14,Card
T100017,C1225,Female,54,Delhi,Groceries,2,2481.34,4962.68,2025-02-19,Card
T100230,C1219,Male,35,Vadodara,Electronics,7,438.11,3066.77,2025-10-20,UPI
T101453,C1600,Female,53,Jaipur,Sports,6,1134.28,6805.68,2025-10-15,Cash
T101545,C1095,Other,-5,Mumbai,Beauty,5,796.58,-500,2025-11-13,Wallet
T100954,C1206,Male,47,Nashik,Electronics,2,3273.3,6546.6,2025-01-15,Card
T101895,C1423,Female,29,Ahmedabad,Fashion,6,3587.4,21524.4,2025-10-28,Wallet
T100751,C1145,Other,32,Pune,Beauty,7,1858.96,13012.72,2025-11-17,Card
T101674,C1574,Male,44,Ahmedabad,Groceries,2,4510.51,9021.02,2025-08-07,Card
T100100,C1087,Male,65,,Furniture,5,1644.38,8221.9,2025-03-31,Wallet
T101074,C1522,Other,66,Jaipur,Sports,1,3019.7,3019.7,2025-05-02,UPI
T100936,C1581,Male,55,Indore,Groceries,6,1490.33,8941.98,2025-12-24,Wallet
T101785,C1434,Other,38,Surat,Fashion,3,4848.2,14544.6,2025-12-06,Card
T101159,C1413,male,31,Mumbai,Electronics,6,432.5,2595.0,2025-04-30,UPI
T101582,C1412,Other,45,Pune,Groceries,6,2801.27,16807.62,2025-09-21,UPI
T100092,C1540,Female,69,Nashik,Beauty,7,1837.95,12865.65,2025-01-07,Cash
T101020,C1096,Other,56,Indore,Sports,7,4475.4,31327.8,2025-12-14,Card
T100087,C1015,Female,51,Delhi,Sports,1,753.43,753.43,2025-12-20,Wallet
T101688,C1449,Male,59,Indore,Furniture,6,3976.95,23861.7,2025-03-27,Wallet
T101217,C1333,Male,33, VADODARA,Sports,1,2147.35,2147.35,2025-08-06,UPI
T100363,C1451,Male,19,Jaipur,Groceries,1,4880.73,4880.73,2025-04-10,Cash
T100427,C1501,Male,N/A,Mumbai,None,7,2974.04,0,2025-06-14,Cash
T100258,C1134,Male,29,Jaipur,Furniture,7,622.41,4356.87,2025-12-18,UPI
T101384,C1519,Female,28,Mumbai,Fashion,2,free,4397.5,2025-12-15,e-wallet
T100484,C1535,Other,54,Jaipur,Beauty,4,4483.35,17933.4,2025-05-13,Wallet
T101123,C1268,Male,24,Nashik,Sports,4,3265.43,13061.72,2025-06-05,Card
T100015,C1074,Other,61,Jaipur,Furniture,3,1968.6,5905.8,2025-08-25,Wallet
T101778,C1301,Female,54,Ahmedabad,Furniture,4,2955.51,11822.04,2025-05-04,Card
T101011,C1231,Male,30,Indore,Groceries,5,1476.49,0,2025-12-13,Cash
T101779,C1017,Female,24,Rajkot,Sports,4,4028.63,16114.52,2025-11-12,UPI
T101078,C1598,Male,27,Mumbai,Furniture,1,3904.45,3904.45,2025-08-01,Cash
T100515,C1390,Other,26,Ahmedabad,Fashion,3,4324.68,12974.04,2025-03-29,Card
T100088,C1468,Female,39,Delhi,Fashion,2,3521.58,7043.16,2025-01-16,Cash
T101821,C1049,Male,64,Rajkot,Groceries,4,2728.61,10914.44,2025-01-13,Cash
T101224,C1118,Female,44,N/A,Furniture,2,2894.67,5789.34,2025-10-29,Card
T101924,C1580,Male,56,Surat,Groceries,4,4881.95,19527.8,2025-03-05,Wallet
T101474,C1313,Female,68,Jaipur,Sports,7,3964.22,27749.54,2025-04-07,UPI
T101182,C1174,Other,54,Vadodara,Furniture,3,2334.35,7003.05,2025-11-08,Cash
T101042,C1158,Male,52,Vadodara,Furniture,7,345.19,2416.33,2025-02-14,Cash
T101340,C1419,Female,52,Surat,Sports,0,4682.71,9365.42,2025-02-18,Card
T100475,C1579,female,29,Mumbai,Furniture,3,4852.74,14558.22,2025-10-04,UPI 
T101381,C1414,Male,27,Surat,Beauty,1,1877.33,NA,2025-04-21,Cash
T100777,C1539,Male,62,Surat,Groceries,6,211.46,1268.76,2025-10-09,unknown
T101440,C1148,Male,46,Jaipur,None,7,3196.84,22377.88,,Wallet
T101031,C1282,Male,38,Delhi,Electronics,5,2150.32,10751.6,2025-10-25,Card
T100883,C1052,Other,35,Pune,Groceries,4,4677.09,18708.36,2025-06-06,Card
T100562,C1497,Female,66,Pune,Beauty,2,1923.01,3846.02,2025-04-29,Card
T101418,C1358, M ,59,Vadodara,Groceries,1,2398.93,2398.93,2025-11-19,Cash
T101955,C1489,Female,64,Pune,,7,2901.0,20307.0,N/A,Wallet
T101936,C1379,Male,36,Mumbai,Beauty,3,1111.58,3334.74,2025-09-07,Wallet
T100619,C1408,Male,21,Indore,Fashion,5,4944.08,24720.4,2025-01-23,UPI
T101398,C1521, M ,N/A,Surat,Furniture,3,1527.73,4583.19,2025-09-16,Card
T100487,C1365,Female,49,Nashik,Groceries,4,4258.96,17035.84,2025-07-09,Card
T101571,C1016,Female,44,Indore,Groceries,5,2694.96,13474.8,2025-10-31,Cash
T100113,C1324,Other,35,Delhi,Beauty,2,761.78,1523.56,2025-01-24,Card
T100218,C1574,Female,37,Jaipur,grocery,7,2317.47,16222.29,2025-09-07, UpI
T101694,C1081,Male,70,Pune,Groceries,2,4953.19,9906.38,2025-08-23,Wallet
T100922,C1506,Female,27,Surat,Furniture,3,1109.16,3327.48,2025-12-30,UPI
T100488,C1033,Male,33,Surat,Furniture,6,4672.22,28033.32,2025-12-06,Cash
T100891,C1188,Other,59,vadodara,Furniture,1,1929.4,1929.4,01-25-2025,Cash
T100345,C1090,Male,25,Rajkot,Furniture,7,4302.58,30118.06,2025-09-10,Card
T101007,C1265,Female,21,Pune, Electronics ,3,112.72,338.16,2025-01-29,Cash
T100007,C1596,O,68,Vadodara,Beauty,1,1406.19,1406.19,2025-04-25,CARD
T100107,C1434,Female,61,Surat,Beauty,1,2792.47,2792.47,2025-06-06,UPI
T100713,C1299,Other,41,Rajkot,Fashion,6,1856.59,11139.54,2025-11-01,Card
T100693,C1286,Other,23,Indore,Beauty,7,3781.57,26470.99,2025-08-19,Cash
T100591,C1023,Female,24,?,Furniture,5,-100,9980.8,2025-02-07,Card
T100207,C1169,Female,NA,Nashik,Sports,3,4643.98,13931.94,2025-04-05,Wallet
T100607,C1004,Other,56,vadodara,Sports,2,2476.68,4953.36,2025-08-22,Wallet
T101522,C1213,Other,44,Mumbai,BEAUTY,None,4947.76,4947.76,2025-05-21,UPI
T101422,C1085,Female,30,Vadodara,Beauty,6,2057.89,12347.34,2025-01-17,Cash
T100681,C1163,Male,49,Mumbai,Sports,1,2185.17,2185.17,2025-09-04,Card
T101161,C1408,female,63,Surat,Fashion,7,1625.4,11377.8,2025-12-03,UPI
T100618,C1071,Female,62,Nashik,Beauty,1,3898.24,3898.24,2025-05-20,Card
T100398,null,Other,24,Indore,Beauty,2,2465.25,4930.5,2025-10-06,UPI
T100023,C1209,Male,69,Jaipur,Groceries,1,3523.59,3523.59,2025-11-18,Cash
T101511,C1032,Male,66,Mumbai,Furniture,3,1393.51,4180.53,2025-04-05,Cash
T100765,C1293,Male,?,Jaipur,Furniture,3,734.1,2202.3,2025-04-16,Cash
T101320,C1571,Male,50,Rajkot,Electronics,2,4460.91,8921.82,2025-02-14,Cash
T100721,C1232,FEMALE,45,Jaipur,Furniture,3,1918.41,5755.23,2025-06-03,Cash
T100234,C1424,Female,39,Delhi NCR,Electronics,2,4296.43,8592.86,2025-08-07,Wallet
T101100,C1138,Male,35,Indore,Furniture,6,2327.49,13964.94,2025-05-04,UPI
T101777,C1389,Female,40,Rajkot,Electronics,4,1775.94,7103.76,2025-11-21,Wallet
T100126,C1494,Female,52,Delhi,Electronics,3,3152.8,9458.4,2025-03-27,Cash
T101893,C1438,Other,44,Delhi,Groceries ,None,1383.09,4149.27,,UPI
T101028,C1136,Female,49,Ahmedabad,Groceries ,7,3320.34,23242.38,2025-03-08,Card
T101929,C1304,Female,25,Surat,Furniture,5,2981.18,14905.9,2025-03-15,Wallet
T100534,C1532,Other,69,Delhi,Furniture,2,4106.78,8213.56,2025-09-13,Card
T100626,C1405,Other,56,Indore,Fashion,3,1229.33,3687.99,2025-08-12,Wallet
T101098,C1569,Other,52,Vadodara,Furniture,6,1470.92,8825.52,2025-03-06, UpI
T101884,C1073,Female,64,Rajkot,Furniture,5,4316.79,21583.95,2025-08-06,Wallet
T101326,C1172,Male,50,Nashik,Electronics,5,3789.24,18946.2,2025-01-16,Wallet
T100726,C1571,Other,55,?,Beauty,6,173.85,1043.1,2025-03-27,UPI
T100235,C1386,Other,55,Mumbai,Beauty,4,939.76,3759.04,2025-12-09,UPI
T101959,C1269,FEMALE,32,Vadodara,Beauty,5,2900.68,14503.4,2025-06-19,Card
null,C1267,Male,58,Mumbai,Sports,6,265.52,1593.12,2025-01-01,Cash
T100001,C1511,Female,22,Indore,fashion,7,2595.66,18169.62,2025-01-14,Cash
T100243,C1174,Other,27,Pune,Electronics,3,118.74,356.22,2025-08-13,Wallet
T101333,C1473,Other,59,Vadodara,Electronics,4,2221.96,8887.84,2025-12-21,Card
T100422,C1127,N/A,51,Mumbai,Electronics,6,1830.64,10983.84,2025-05-01,Cash
T100172,C1342,Female,66,Nashik,electronics,3,2356.94,7070.82,2025-09-27,UPI
T100213,C1045,male,48,delhi,Sports,-2,676.41,2029.23,2025-07-17,UPI
T100782,C1306,Female,26,Mumbai,Furniture,2,2634.95,5269.9,2025-05-22,Card
T100460,C1289,Female,53,Jaipur,Sports,2,957.8,,2025-08-02,Cash
T100340,C1287,Female,25,Mumbai,Electronics,3,637.24,1911.72,2025-03-21,UPI
T100826,C1300,Other,21,Jaipur,Groceries,3,4719.38,14158.14,2025-10-17,Wallet
T101579,C1036,Other,38,Pune,Furniture,1,1423.54,1423.54,2025-12-27,UPI
T101183,C1348,Male,23,Delhi,Groceries,4,2346.1,9384.4,2025-09-15,UPI
T100841,C1300,Female,34,Pune,Fashion,7,1325.88,9281.16,2025-01-22,UPI
T101810,C1445,Other,40,Nashik,Beauty,2,4382.49,8764.98,2025-03-15,Wallet
T101696,C1447,Female,37,Rajkot,Sports,3,69.39,208.17,2025-05-07,CARD
T101575,C1255, M ,36,Indore,Electronics,5,349.22,1746.1,not-a-date,Card
T101238,C1412,Other,53,delhi,Furniture,3,1635.97,4907.91,2025-10-20,Wallet
T100426,C1072,Female,58,Mumbai,beauty ,6,3314.22,19885.32,2025-03-12,Wallet
T100741,C1017,Other,36,Indore,Groceries,7,2396.84,16777.88,2025-07-29,UPI
T100377,C1420,Other,37,Delhi,Furniture,6,3198.3,19189.8,2025-09-01,Wallet
T100536,C1116,m,35,Mumbai,Groceries,1,294.13,294.13,2025-04-03,UPI
T100709,C1481,Male,56,Pune,Electronics,7,2615.66,18309.62,2025-11-06,unknown
T101723,C1238,Female,48,Surat,electronics,2,2510.88,5021.76,2025-05-06,Card
T101153,C1533,Male,150,delhi,Furniture,1,281.47,281.47,2025-08-10,Card
T100715,C1024,Female,61,Mumbai,Groceries,3,51.34,154.02,2025-08-13,Cash
T101332,C1323,Other,23,Indore,Fashion,5,913.98,4569.9,2025-08-31,Card
T100476,C1475,Other,61,N/A,Groceries,1,3079.46,3079.46,2025-08-07,Wallet
T100430,C1456,Other,19,Rajkot,Furniture,7,311.72,2182.04,2025-04-17,UPI
T100541,C1083,Male,33,Indore,fashion,6,1575.94,None,2025-06-03,unknown
T101372,C1523,Male,23,Delhi,Sports,6,655.58,3933.48,2025-01-20,UPI
T101195,C1474,Female,46,Vadodara ,Beauty,None,3839.83,26878.81,2025-01-23,Cash
T100918,C1228,Other,24,Ahmedabad,Sports,4,4908.85,19635.4,2025-04-13,Cash
T101641,C1362,Other,65,Mumbai,Sports,6,134.44,806.64,2025-10-03,Wallet
T100393,C1181,Female,51,Rajkot,Electronics,3,1546.3,4638.9,2025-10-08,Wallet
T101725,C1362,Male,28,Surat,Beauty,6,-100,27278.76,2025-06-15,Card
T101848,C1509,Female,N/A,Vadodara,Fashion,5,725.1,3625.5,N/A,Wallet
T100231,C1517,Male,48,Nashik,Electronics,4,304.12,1216.48,2025-08-08,Cash
T100406,C1435,Male,47,surat ,Fashion,4,4695.04,18780.16,2025-04-05,UPI
T100546,C1522,Female,19,Rajkot,Furniture,3,-100,5720.19,2025-11-24,Wallet
T100282,C1015,Male,69,Surat,Beauty,3,3739.19,11217.57,2025-09-10,Card
T101501,C1100,Female,37,Vadodara,Fashion,7,573.74,4016.18,2025-06-01,Wallet
T101317,C1432,Male,29,Delhi,Furniture,7,3710.81,25975.67,2025-08-28,Cash
T100786,C1134,Male,26,delhi,Electronics,6,3120.84,18725.04,15/01/2025,Card
T101909,C1400,Other,26,Nashik,Beauty,5,1640.42,8202.1,2025-07-30, UpI
T101733,C1008,Female,41,Indore,ELECTRONICS,3,1569.46,4708.38,2025-10-10,Wallet
T100645,C1083,Male,-5,Vadodara,Electronics,4,3228.05,12912.2,2025-07-18,UPI
T101026,C1281,O,29,surat ,Furniture,7,-100,11517.52,2025-07-21,Cash
T100638,C1108,Female,65,Indore,Electronics,1,478.88,478.88,2025-11-14,Cash
T101059,C1454,Male,36,Mumbai,Sports,3,257.8,773.4,2025-12-12,Wallet
T101375,C1362,Female,48,Vadodara,Groceries,4,2912.84,11651.36,2025-12-11,Wallet
T100956,C1398,FEMALE,35,Ahmedabad,Electronics,3,2437.79,7313.37,2025-02-07,Cash
T100225,C1127,Other,49,Rajkot,Furniture,4,?,6119.6,2025-05-14,Cash
T101468,C1247,Female,52,Indore,Sports,5,2786.11,13930.55,2025-07-30,UPI
T101963,C1051,Male,41,Surat,Sports,1,3132.77,3132.77,2025-11-15,Wallet
T101045,C1331,Other,42,Pune,Fashion,2,3633.02,7266.04,?,Cash
T101853,C1327,Male,41,Mumbai,Groceries,6,1592.8,9556.8,2025-01-21,UPI
T101309,C1455,Male,68,Mumbai,Beauty,5,3831.43,19157.15,2025-11-18,Card
T100181,C1070,MALE,20,Mumbai,Fashion,5,3820.02,19100.1,2025-12-13,UPI 
T100335,C1294,MALE,60,Delhi,Sports,5,3083.26,15416.3,2025-11-08,Cash
T100604,C1078,Other,28,Vadodara,Beauty,3,4318.47,12955.41,2025-09-19,UPI
T100857,C1578,Female,43,Ahmedabad,Electronics,7,1320.99,N/A,2025-01-12,UPI
T100927,C1368,Female,53,Vadodara,Furniture,2,772.68,1545.36,2025-07-23,Cash
T100504,C1371,Other,22,Indore,Groceries,5,3622.47,18112.35,2025-11-16,Card
T100227,C1465,Female,50,Delhi,Groceries,6,367.08,2202.48,2025-09-30,Card
T101347,C1154,Other,65,Surat,Sports,2,3019.64,6039.28,2025-05-31,Cash
T101970,C1583,Other,34,Indore,Groceries,2,678.38,1356.76,not-a-date,Cash
T101189,C1049,Male,25,Vadodara,Groceries,1,4241.15,4241.15,2025-01-09,wallet
T101079,C1471,Other,40,Mumbai,null,5,3641.56,18207.8,2025-01-29,Card
T100053,C1583,female,54,Delhi,Electronics,5,2440.52,12202.6,2025-12-17,Wallet
T101946,C1220,Other,24,,Fashion,3,4594.51,13783.53,,UPI
T100120,C1497,Female,33,Mumbai,Sports,2,1412.15,N/A,2025-10-19,UPI
T101849,C1090,Other,40,Rajkot,Sports,1,1017.4,1017.4,2025-07-10,Card
T101864,C1067,Female,19,Vadodara,Electronics,5,3292.19,16460.95,2025-04-18,UPI
T100563,C1510,Male,41,Pune,Groceries,3,3514.39,10543.17,2025-12-24,Cash
T101166,C1518,Male,28,Indore,Groceries,5,2387.0,11935.0,2025-01-27,Cash
T100420,C1117,Female,65,Vadodara,FASHION,1,4012.43,4012.43,2025-10-12,Wallet
T100663,C1591,Female,18,Pune,Fashion,2,1120.88,2241.76,2025-07-12,Cash
T100610,C1528,Male,37,Pune,Beauty,6,2918.03,17508.18,2025-08-19,Cash
T101185,C1424,Female,33,Ahmedabad,Groceries,6,2810.56,16863.36,2025-04-17,UPI
T101577,C1386,Female,41,Vadodara,Fashion,6,608.6,3651.6,2025-02-08,Card
T101591,C1065,Other,61,Surat,Sports,3,3610.91,10832.73,2025-04-28,UPI
T101145,C1585,Other,34,Vadodara,Fashion,5,-100,544.8,2025-08-02,Card
T100165,C1443,Other,22,Rajkot,Fashion,4,2023.92,8095.68,2025-06-09,Wallet
T100539,C1466,Female,36,Nashik,Beauty,7,410.18,2871.26,2025-06-03,Wallet
T101395,C1299,Female,32,Vadodara,Sports,1,3540.43,3540.43,2025-01-03,UPI
T101227,C1517,Male,64,Vadodara,Electronics,null,4952.76,24763.8,2025-03-24,UPI
T101164,C1259,Other,31,Pune,fashion,5,3662.7,18313.5,2025-11-30,Wallet
T100670,C1370,Other,55,Surat,Beauty,6,826.66,4959.96,2025-01-28,Wallet
T100802,C1081,Other,43,ahmedabad,Fashion,7,4520.32,31642.24,2025-12-03,UPI
T101388,C1253,Male,21,Delhi,Furniture,7,710.4,4972.8,2025-09-06,Wallet
T100710,C1468,Male,34,Surat,Sports,3,2216.49,6649.47,2025-11-11,Card
T100123,C1425,Other,70,Vadodara,ELECTRONICS,1,893.28,893.28,2025-12-11,Wallet
T100911,C1284,Female,47,Jaipur,Groceries,5,2007.87,10039.35,2025-08-28,UPI
T101749,C1135,Other,twenty,Surat,Electronics,2,3859.76,7719.52,2025-02-13,Cash
NA,C1513,Other,38,,Groceries,5,4862.84,24314.2,2025-10-31,Card
T101478,C1021,Other,52,Delhi,N/A,6,2692.51,16155.06,2025-09-27,Card
T100959,C1124,Female,52,Vadodara,fashion,3,2648.7,7946.1,2025-09-16,Wallet
T100856,C1045,Female,32,Indore,Beauty,1,2846.84,2846.84,2025-10-17,Cash
T100170,C1508,Other,65,Surat,Sports,3,4887.61,14662.83,2025-07-19,Cash
T100089,C1199,Female,35,Indore,Fashion,6,1856.77,11140.62,2025-03-06,Wallet
T101131,C1134,Male,34,Surat,Fashion,1,2896.95,2896.95,2025-01-20,UPI
T100819,C1517,Female,27,Pune,Sports,7,588.8,4121.6,2025-07-09,UPI
T101406,C1284,Female,49,Pune,Beauty,2,1945.69,3891.38,2025-11-29,UPI
T101984,C1040,female,38,Indore,Furniture,1,4933.63,4933.63,2025-02-01,UPI
T101413,C1321,Female,43,Nashik,Beauty,3,1376.84,4130.52,2025-11-08,UPI
T101428,C1137,Other,44,Rajkot,Beauty,3,?,8560.02,2025-12-20,Card
T101212,C1077,Other,50,Indore,Furniture,4,2276.3,9105.2,2025-03-19,Cash
T101271,C1250,Male,56,Surat,Furniture,4,3356.8,13427.2,2025-06-04,Cash
T101158,C1556,Male,69,Rajkot,Beauty,2,1857.9,3715.8,2025-03-16,Card
T100296,C1584,,52,Vadodara,Groceries,7,2153.97,15077.79,2025-11-03,Cash
T100623,C1572,Other,44,Pune,Fashion,7,1810.17,12671.19,2025-12-22,Cash
T100542,C1294,Other,59,Delhi,Electronics,5,3986.18,19930.9,2025-08-13,Cash
T100524,C1127,Female,37,Rajkot,Electronics,1,2673.1,2673.1,2025-04-30,Card
T100880,C1102,Female,53,Delhi,Fashion,3,4619.03,13857.09,2025-12-04,Card
T101734,C1211,N/A,70,Indore,Fashion,7,2742.32,19196.24,2025-10-14,Card
T101152,C1502,Female,22,Ahmedabad,Sports,5,4831.18,24155.9,2025-10-22,Cash
T100416,C1112,Male,65,Ahmedabad,Groceries,7,4050.98,28356.86,2025-12-09,Cash
T100867,C1252,,66,Nashik,Fashion,2,2019.35,4038.7,2025-03-05,Cash
T100051,C1159,Male,60,Surat,Furniture,6,451.95,2711.7,2025-04-03,Wallet
T100669,C1566,Other,55,Delhi,Furniture,5,1252.27,6261.35,2025-01-19,Card
T100072,C1305,Male,18,Indore,Fashion,3,4618.48,13855.44,2025-03-02,Cash
T100492,C1007,Male,48,Jaipur,Sports,7,3588.96,25122.72,2025-04-21,Wallet
T100677,C1161,Male,40,vadodara,Electronics,7,741.58,5191.06,2025-04-03,Card
T101878,C1471,Male,59,Jaipur,Furniture,7,2337.74,16364.18,2025-06-23,Wallet
T100151,C1198,Male,,Ahmedabad,Furniture,4,1672.24,6688.96,2025-03-28,UPI
T100270,C1287,Other,52,,Beauty,3,2587.57,7762.71,2025/02/30,Wallet
T101589,C1266,Female,66,Surat,Groceries,4,4742.41,18969.64,2025-02-20,Cash
T100115,C1142,Other,63,Nashik,Groceries,3,2460.59,7381.77,2025-10-13,UPI
T101750,C1505,Male,54,Jaipur,Electronics,7,2218.92,15532.44,2025-02-01,Wallet
T100982,C1527,Male,43,Pune,Electronics,6,1865.15,11190.9,2025-02-16,Wallet
T100622,C1169,Male,62,Delhi,Groceries,4,4312.33,17249.32,2025-05-19,Cash
T101500,C1255,Other,51,,Groceries,4,1534.5,6138.0,31-12-25,CARD
T100550,C1342,Male,58,Surat,Furniture,4,1121.95,4487.8,2025-05-06,Card
T100483,C1182,Other,N/A,Delhi,Groceries,7,3318.54,23229.78,2025-04-14,Wallet
T101380,C1292,Male,19,Surat,Electronics,7,762.92,5340.44,2025-02-17,Wallet
T100861,C1161,Female,50,Pune,Sports,6,unknown,10816.14,2025-10-17,Cash
T100404,C1509,Other,42,Vadodara,Electronics,7,3124.24,NA,2025-01-05,Cash
T101353,C1342,Female,58,Surat,Electronics,0,4072.77,4072.77,2025/02/30,UPI
T100898,C1091,Other,None,Rajkot,beauty ,5,4187.27,20936.35,N/A,Cash
T100326,C1190,Other,61,Delhi,Groceries,1,4492.37,4492.37,2025-03-22,UPI
T100905,C1530,Male,64,Rajkot,Sports,3,3062.52,9187.56,2025-01-02,UPI
T100025,C1452,Male,46,null,Sports,5,1795.84,8979.2,N/A,UPI
T101405,C1116,Female,60,Jaipur,Furniture,2,1885.19,3770.38,2025-01-29,Cash
T101083,C1099,Female,39,Surat,Beauty,3,606.25,1818.75,2025-01-26,Cash
T100039,C1214,Female,38,Vadodara,Fashion,3,1178.41,3535.23,2025-06-29,UPI
T101816,C1489,Female,40,Pune,Electronics,5,4822.94,null,2025-05-01,Wallet
T100794,C1113,Female,44,Delhi,Beauty,3,1038.81,3116.43,2025-11-10,UPI
T101363,C1263,Female,65,Vadodara,Fashion,5,948.26,4741.3,2025-12-24,UPI
T100578,C1364,Other,38,Mumbai,Fashion,5,3112.38,15561.9,2025-11-14,Wallet
T101373,C1231,Female,34,Delhi,Sports,2,4945.02,9890.04,2025-07-20,Cash
T101374,C1444,Other,49,Delhi,Sports,3,1160.01,3480.03,2025-07-29,upi
T101851,C1347,Male,38,Indore,Furniture,7,2964.36,20750.52,2025-01-22,Card
T101174,C1241,Female,30,Surat,Furniture,3,2901.41,8704.23,2025-03-01,Card
T101113,C1125,Other,70,Mumbai,Fashion,1,633.74,633.74,2025-02-05,Cash
T100596,null,Other,52,Mumbai,Fashion,6,1398.68,8392.08,2025-03-23,Cash
T101743,C1492,Male,68,Pune,Groceries,2,4508.99,9017.98,2025-12-16,UPI
T101430,C1425,Male,43,Indore,Groceries,6,4161.15,24966.9,2025-01-20,Card
T101617,C1513,Male,54,Indore,Fashion,2,1148.39,2296.78,2025-12-07,UPI
T100086,C1088,Female,28,Vadodara,Beauty,1,2596.26,2596.26,2025-10-19,Cash
T100699,C1366,Male,29,Delhi,,2,3021.87,6043.74,NA,Card
T100457,C1143,Female,23,Delhi,Beauty,7,798.43,5589.01,2025-03-11,Cash
T100821,C1177,Male,18,Mumbai,Groceries,7,3894.62,27262.34,2025-02-13,UPI
T101862,C1217,Female,59,Nashik,Furniture,2,1298.42,2596.84,2025-03-18,upi
T100080,C1355,Other,43,Mumbai,Beauty,5,957.74,4788.7,2025-05-20,Wallet
T100717,C1299,Female,42,Indore,Beauty,1,97.03,97.03,2025-06-25,UPI
T101559,C1345,Other,25,Nashik,Sports,4,61.07,244.28,2025-08-09,Wallet
T101132,C1415,Other,57,Nashik,Beauty,5,4054.22,20271.1,2025-06-16,Card
T100975,C1282,Female,29,Vadodara,Electronics,1,3998.31,,2025-09-15,Card
T101879,C1348,Male,37,Ahmedabad,Sports,6,1572.03,9432.18,not-a-date,UPI
T100132,C1223,Other,57,Rajkot,Sports,2,3397.97,6795.94,2025-12-16,Cash
T100471,C1406,Other,29,Nashik,Fashion,6,241.51,1449.06,2025-12-10,CASH
T100330,C1028,Other,44,,Fashion,5,2685.61,13428.05,2025-08-19,Wallet
T100863,C1552,Female,20,Nashik,Furniture,3,3281.31,9843.93,2025-04-05,Card
T100019,C1410,Other,33,Surat,Sports,4,4418.98,17675.92,2025-04-08,UPI 
T101991,C1072,Female,59,Nashik,Fashion,4,79.56,318.24,2025-11-29,Wallet
T100498,C1534,Male,53,Rajkot,Furniture,1,4511.54,4511.54,2025-12-12,Card
T101833,C1322, M ,N/A,Surat,Sports,5,2766.39,13831.95,2025-04-14,Card
T101740,C1318,Male,56,Ahmedabad,Fashion,6,667.4,4004.4,2025-07-25,UPI
T101010,C1532,Other,58,Vadodara,Sports,0,4423.9,4423.9,2025-04-11,Cash
T101828,C1148,Male,56,Surat,Groceries,5,1920.31,9601.55,2025-11-08,Wallet
T101548,C1030,Other,0,AHMEDABAD,NA,7,563.63,3945.41,2025-05-14,Wallet
T100650,C1040,Female,37,Surat,Electronics,1,1253.98,1253.98,2025-02-21,Wallet
T100784,C1508,Female,36,Rajkot,?,7,789.22,5524.54,2025-08-30,Wallet
T101385,C1001,MALE,28,Surat,N/A,1,808.83,808.83,N/A,Wallet
T100028,C1040,Female,61,Pune,Electronics,3,304.27,NA,2025-11-28,Wallet
T100232,C1150,Other,58,Delhi,Sports,5,2191.93,10959.65,2025-11-23,UPI 
T101570,C1206,Female,39,Surat,Fashion,3,1111.44,3334.32,2025-03-11,Cash
?,C1345,Male,36,Indore,Furniture,2,4255.03,8510.06,2025-08-08,Card
T101053,C1259,Male,45,Vadodara,Groceries,6,920.8,5524.8,2025-02-10,UPI
T101321,C1549,Other,64,Pune,Sports,1,2497.65,2497.65,2025-11-02,UPI
T100372,C1378,Female,44,Nashik,Furniture,4,1166.0,4664.0,2025-06-19,unknown
T100810,C1494,FEMALE,40,Delhi,Electronics,3,934.26,2802.78,2025-09-15,Wallet
T101140,C1386,Other,31,Jaipur,Sports,3,1416.69,4250.07,2025-03-11,Wallet
T101091,NA,Other,48,Jaipur,N/A,5,105.06,525.3,2025-05-16,UPI
T101783,C1309,Male,41,Pune,Fashion,6,2172.25,13033.5,2025-11-29,UPI
T100063,C1187,Other,29,Nashik,Beauty,4,2150.31,8601.24,2025-03-30,UPI
T101254,C1473,O,30,,Beauty,6,822.49,4934.94,2025-10-24,UPI
T100621,C1112,Female,45,Pune,Electronics,2,2434.92,4869.84,15/01/2025,Card
T100574,C1242,,30,Mumbai,Beauty,1,3630.05,3630.05,NA,Wallet
T101541,C1302,Female,28,Nashik,Sports,2,3429.06,6858.12,2025-08-01,Card
T100945,C1084,Other,51,Jaipur,Electronics,7,1598.99,11192.93,2025-09-13,UPI
T100331,C1322,Other,40,surat ,Groceries,2,4028.25,8056.5,2025-07-21,Wallet
T100304,C1334,Male,43,Ahmedabad,Groceries,6,355.27,2131.62,2025-07-20,Card
T101682,C1116,Female,66,,Furniture,N/A,4058.75,20293.75,2025-04-18,UPI
T101730,C1295,Other,52,Rajkot,Fashion,6,2399.58,14397.48,2025-04-09,Wallet
T101728,C1205,Male,32,Indore,Sports,7,505.17,3536.19,2025-08-12,UPI
T101630,C1024,Female,56,Pune,Electronics,3,N/A,-500,2025-04-03,UPI
T101943,C1402,Female,41,Vadodara,Electronics,5,1244.97,6224.85,2025-08-24,Card
T100494,C1007,Other,27,Jaipur,Sports,5,2271.1,11355.5,2025-06-02,UPI
T100577,C1102,Other,40,Surat,Groceries,7,4713.57,32994.99,2025-05-19,Card
T101122,C1189,Other,60,Ahmedabad,Beauty,3,3214.46,wrong,2025-08-19,Cash
T100463,C1208,Female,60,Rajkot,Sports,5,3535.58,17677.9,2025-04-30,Card
T100009,C1124,Other,56,Delhi,Furniture,4,2903.59,11614.36,2025-11-13,Card
T101600,C1242,Male,22,Mumbai,Furniture,7,1937.63,13563.41,2025-04-09,UPI
T101581,C1095,Female,48,Jaipur,Groceries,1,1050.82,1050.82,2025-03-08,Card
T100050,C1412,Other,28,Vadodara,Beauty,1,4333.97,4333.97,2025-08-16,Card
T100313,C1378,Other,58,Ahmedabad,Beauty,1,4489.45,4489.45,2025-03-18,Card
T101655,C1262,Male,21,Pune,Furniture,4,4512.29,18049.16,2025-04-18,Card
T100306,C1565,Female,68,Rajkot,Fashion,N/A,3297.44,16487.2,2025-07-20,Cash
T100199,C1580,Male,62,,Groceries,3,703.52,2110.56,2025-12-12,Card
T101415,C1177,Female,57,Vadodara,Beauty,4,4148.69,16594.76,2025-04-26,Wallet
T101738,C1278,Male,26,Delhi,Electronics,7,378.08,2646.56,2025-11-20,Card
T100972,C1179,Male,28,Jaipur,Electronics,3,3712.73,11138.19,2025-03-29,UPI
T100822,C1511,Female,64,Delhi,Sports,3,428.41,1285.23,2025/02/30,Wallet
T101118,C1437,Other,34,Vadodara,Beauty,1,3973.12,3973.12,2025-02-05,Cash
T100353,C1282,Other,39,AHMEDABAD,Fashion,7,449.86,3149.02,2025-05-26,Wallet
T100950,C1462,Male,56,Nashik,grocery,2,805.51,1611.02,2025-02-04,Card
T100461,C1431,Other,24,Nashik,Groceries,3,2913.18,8739.54,2025-04-01,Card
T100555,C1231,Female,45,Vadodara,Sports,2,204.42,408.84,None,Wallet
T101324,C1211,Female,35,Ahmedabad,Electronics,7,2588.58,18120.06,2025-05-28,Card
T100188,C1291,Female,52,Ahmedabad,Fashion,1,4355.12,4355.12,2025-10-01,Card
T101240,C1571,Male,54,,Beauty,1,703.59,703.59,2025-12-21,UPI
T101595,C1289,Male,37,Ahmedabad,Beauty,6,4773.32,28639.92,2025-06-05,Cash
T101219,C1070,Male,32,Rajkot,Beauty,4,1022.71,4090.84,2025-05-26,Cash
T100640,C1018,Male,24,Rajkot,Sports,3,4215.08,12645.24,2025-02-08,UPI
T100799,C1294,Male,27,Surat,Furniture,4,3064.39,12257.56,2025-08-26,UPI
T100403,C1033,Other,35,Rajkot,Furniture,7,2052.66,14368.62,2025-10-19,UPI
T100329,C1224,Male,150,Pune,Electronics,2,4248.73,8497.46,2025-02-16,UPI
T101915,C1482,Male,27,Pune,Groceries,2,1731.25,3462.5,2025-07-25,Card
T101110,C1349,Other,37,Surat,Electronics,5,3102.75,15513.75,2025-12-31,upi
T100168,C1282,Male,23,Rajkot,Fashion,1,1451.85,1451.85,2025-12-31,Cash
T101167,C1052,Female,44,Indore,Groceries,6,675.99,4055.94,2025-08-08,Card
T100003,C1383,Female,23,Pune,Electronics,3,2754.44,8263.32,2025-07-22,Wallet
T101983,C1329,Male,52,Nashik,Furniture,4,1111.83,4447.32,2025-01-15,Wallet
T101180,C1284,other,70,Rajkot,ELECTRONICS,2,N/A,827.36,2025-03-13,Cash
T101272,C1485,Other,20,Rajkot,Fashion,1,4992.7,4992.7,2025-07-26,UPI
T101911,C1367,Male,NA,Vadodara,Electronics,5,3706.84,18534.2,2025-01-28,UPI
T100185,C1541,Female,23,Surat,Furniture,6,2536.79,15220.74,2025-06-29,Cash
T101606,C1077,Other,70,Pune,Sports,1,1509.52,1509.52,2025-08-28,Cash
T100652,C1394,Male,25,Indore,Groceries,7,1361.85,9532.95,2025-02-26,Cash
T100424,C1451,Female,45,,Furniture,1,2033.19,2033.19,2025-01-21,Card
T100325,C1590,Female,54,Indore,Beauty,6,908.21,5449.26,2025-11-17,Card
T101447,C1157,Other,39,Vadodara,Electronics,5,2808.39,14041.95,2025-12-25,Cash
T100567,C1366,Other,32,Delhi,ELECTRONICS,0,3613.37,3613.37,2025-03-25,Wallet
T101814,C1521,female,56,Pune,Furniture,1,4759.22,4759.22,2025-05-19,Cash
T101225,C1186,Other,34,Rajkot,Electronics,5,903.76,4518.8,2025-10-13,Wallet
T100691,C1055,Other,41,Rajkot,Electronics,3,1531.54,4594.62,2025-07-10,Cash
T100176,C1326,Other,63,Rajkot,Groceries,5,3057.56,15287.8,2025-09-25,upi
T101319,C1258,Male,40,Nashik,Groceries,6,4056.49,24338.94,2025-05-21,Card
T101824,C1229,Other,31,Nashik,Sports,4,4029.41,16117.64,2025-05-10,Wallet
T101115,C1308,Male,39,Vadodara,Fashion,7,1819.36,12735.52,2025-09-20,Cash
T101990,C1256,Other,40,Surat,Fashion,2,1663.64,3327.28,2025-11-29,Cash
T101532,C1003,Other,60,?,Furniture,4,2984.99,11939.96,2025-06-08,Cash
T100020,C1340,Male,68,Delhi,Beauty,N/A,4710.07,4710.07,2025-03-21,UPI
T101000,C1492,Other,19,Nashik,Furniture,6,1162.96,6977.76,N/A,UPI
T100462,C1095,Male,49,Surat,Sports,2,3190.5,6381.0,2025-11-11,Wallet
T101771,C1363,MALE,30,Pune,Fashion,3,1311.76,3935.28,01-25-2025,Card
T101032,C1482,Other,18,Nashik,Fashion,1,?,2278.3,15/01/2025,Wallet
T101463,C1187,Female,60,Ahmedabad,Electronics,6,488.56,2931.36,2025-10-28,Card
T100291,C1550,Male,20,Surat,Fashion,7,1032.87,7230.09,2025-05-25,UPI
T101788,C1400,male,NA,Jaipur,Electronics,3,3707.98,11123.94,2025-05-27,Card
T100346,C1578,Male,62,Delhi,Groceries,1,1105.98,1105.98,2025-01-05,Card
T100397,C1200,Other,19,Mumbai,Groceries,1,2502.09,2502.09,2025-03-23,Cash
T101863,C1309,Other,41,Nashik,Groceries,5,4765.71,23828.55,2025-02-08,UPI
T100990,C1058,Female,65,Delhi,Fashion,7,480.84,3365.88,2025-07-13,Card
T100139,C1136,Male,58,Indore,Fashion,-5,2111.1,8444.4,2025-03-05,e-wallet
T101660,C1484,Female,70,Surat,Groceries,6,1343.68,8062.08,2025-07-30,UPI
T100733,C1383,Other,28,Jaipur,Electronics,7,4026.67,28186.69,2025-04-27,Cash
T100062,C1556,Other,45,Vadodara,Groceries,5,2916.95,14584.75,2025-02-13,UPI
T101034,C1437,Male,49,Delhi,Groceries,5,-250.5,17925.3,2025-10-10,UPI
T101661,C1091,Male,22,Jaipur,Electronics,3,3999.91,11999.73,2025-03-25,CARD
T100421,C1154,Other,67,Vadodara,Fashion,3,1505.67,4517.01,2025-07-16,UPI
T100572,C1527,Female,39,Nashik,Beauty,-2,2438.18,2438.18,2025-11-02,Card
T100814,C1196,Female,69,Pune,Fashion,5,2389.93,11949.65,2025-07-14,UPI
T100299,C1564,Male,29,Delhi NCR,Furniture,1,1769.88,1769.88,2025-05-20,UPI
T100770,C1479,Other,57,Jaipur,Fashion,7,3581.41,25069.87,2025-10-30,Wallet
T100592,C1048,Other,54,Vadodara,Electronics,1,3619.68,3619.68,2025-05-12,Cash
T101964,C1194,Female,46,Nashik,Furniture,7,2038.79,14271.53,2025-02-24,Cash
T100301,C1129,Female,53,Rajkot,Electronics,2,1975.11,3950.22,2025-06-10,UPI
T101139,C1488,N/A,25,Surat,Electronics,1,1975.59,1975.59,2025-11-29,Wallet
T100518,C1507,f,52, VADODARA,Beauty,4,2936.33,11745.32,2025-10-27,UPI
T101865,C1399,Other,69,Jaipur,Groceries,1,4367.73,4367.73,2025-05-05,Wallet
T101686,C1057,Other,56,Mumbai,Groceries,3,1673.27,5019.81,2025-03-17,Cash
T100076,C1068,FEMALE,54,Ahmedabad,Furniture,6,4752.99,unknown,2025-09-07,Cash
T100142,C1207,male,22,Nashik,Sports,1,2766.7,0,2025-09-01,Cash
T100744,C1552,Male,34,Nashik,Beauty,4,3576.7,14306.8,2025-03-01,Card
T101892,C1029,Other,67,Surat,Beauty,5,1247.54,6237.7,2025/02/30,UPI
T101962,C1231,Female,62,Nashik,Fashion,4,N/A,5363.0,2025-01-09,Cash
T101554,C1155,Other,49,Ahmedabad,Groceries,4,3686.9,14747.6,2025-05-17,UPI
T101469,C1219,Male,unknown,surat ,null,2,4253.35,8506.7,2025-10-30,Card
T100067,C1306,Other,24,Ahmedabad,Beauty,6,4726.35,28358.1,2025-11-04,Wallet
T101111,C1085,Other,42,Nashik,Beauty,5,178.2,891.0,2025-11-08,Card
T100629,,Male,41,ahmedabad,Electronics,6,1518.16,wrong,2025-09-23,UPI
T100281,C1166,Male,19,Mumbai,Sports,3,4032.3,12096.9,2025-10-20,Cash
T101054,C1543,Male,62,Vadodara,Furniture,7,3950.45,27653.15,2025-10-06,UPI
T101184,C1188,Female,63,Pune,Groceries,7,3344.99,23414.93,2025-10-15,Wallet
T101282,C1457,Female,26,Mumbai,Groceries,7,-250.5,19055.96,2025-12-16,Cash
T100700,C1568,Other,19,Surat,Fashion,5,909.78,4548.9,2025-08-16,Wallet
T101124,C1326,Other,41,Indore,Electronics,6,1469.41,8816.46,2025-10-03,Card
T101763,C1170,Female,43,Nashik,Fashion,1,3203.63,3203.63,2025-07-28,Card
T101755,C1410,f,36,Mumbai,Electronics,3,4881.78,14645.34,2025-06-29,Wallet
T101300,C1439,female,67,Nashik,Fashion,4,398.84,1595.36,2025-03-13,Cash
T100493,C1128,female,54,Ahmedabad,Electronics,3,1684.72,5054.16,2025-02-28,Card
T101801,C1465, M ,67,Mumbai,ELECTRONICS,4,4952.73,19810.92,2025-04-18,Wallet
T100370,?,Male,32,Vadodara,Electronics,5,2473.73,12368.65,2025-10-15,Wallet
T101742,C1276,Female,70,?,Groceries,7,4148.88,29042.16,2025-01-29,UPI
T100980,C1410,Female,59,Ahmedabad,Groceries ,7,4252.45,29767.15,2025-01-30,Cash
T101650,C1399,Female,62,Nashik,Furniture,7,3367.5,23572.5,2025-03-12,UPI
T100226,C1144,Male,23,Mumbai,Beauty,1,572.11,572.11,2025-01-28,Wallet
T100008,C1107,Female,50,vadodara,Sports,6,4330.85,25985.1,2025-03-15,CARD
T100263,C1478,Female,63,Mumbai,Groceries,5,2706.86,13534.3,2025-11-17,Wallet
T100865,C1527,Other,36, VADODARA,Fashion,7,4628.9,32402.3,15/01/2025,UPI
T100766,C1553,Other,56,Rajkot,Sports,?,3120.48,18722.88,2025-08-22,Wallet
T100055,C1372,Other,34,Delhi,Beauty,3,4472.03,13416.09,2025-01-09,Wallet
T101043,C1228,Other,39,Pune,Beauty,5,4996.05,24980.25,null,Wallet
T101396,C1468,Female,67,Indore,Sports,5,2711.64,13558.2,2025-06-11,Card
T101638,C1458,Female,34,Mumbai,Sports,7,784.44,5491.08,2025-10-05,Wallet
T100711,C1274,Male,42,Mumbai,Groceries,5,4781.62,23908.1,2025-07-06,Cash
T101897,C1491,Other,26,Nashik,Sports,1,1609.1,1609.1,2025-03-09,Card
T100843,C1288,N/A,32,Vadodara,Sports,3,1995.62,5986.86,2025-05-22,Cash
T100491,C1582,Female,32,Mumbai,Electronics,3,1103.27,3309.81,15/01/2025,Cash
T101268,C1197,Male,28,Indore,Sports,3,3939.08,11817.24,2025-10-12,Cash
T100512,C1330,Male,61,Surat,Fashion,6,3177.0,19062.0,2025-10-29,CASH
T100947,C1587,f,22,Pune,Sports,1,2150.61,2150.61,2025-09-07,Card
T100337,C1192,Female,57,Mumbai,Electronics,7,1546.43,10825.01,2025-03-03, UpI
T100130,C1391,Other,66,Ahmedabad,Fashion,6,3003.4,18020.4,15/01/2025,Cash
T100556,C1203,Other,NA,Surat,Sports,1,3822.73,3822.73,2025-08-16,Cash
T100949,C1418,f,23,Surat,Beauty,5,578.98,2894.9,2025-04-23,Cash
T100219,C1248,Other,25,Delhi,Electronics,2,3902.02,7804.04,2025-10-16,Card
T101101,C1122,Female,44,Delhi,Sports,2,4424.27,8848.54,2025-09-09,Wallet
T100872,C1273,Other,54,mumbai,Groceries,3,4796.04,14388.12,2025-12-23,Wallet
T100593,C1439,Other,54,Delhi,Furniture,-5,4261.02,21305.1,2025-06-01,Wallet
T101213,C1324,Male,None,Indore, Electronics ,1,3186.55,3186.55,2025-03-05,Wallet
T100630,C1270,FEMALE,40,Pune,Fashion,2,-100,6055.96,2025-07-18,Wallet
T100960,C1082,Female,39,Ahmedabad,Fashion,3,2699.89,8099.67,2025-10-16,Cash
T101493,C1273,Other,34,Ahmedabad,Groceries,5,571.41,2857.05,2025-01-04,Wallet
T100558,C1336,Male,39,Pune,?,4,2548.99,10195.96,2025-10-02,Wallet
T101931,C1321,Female,48,Surat,Groceries,5,1130.67,5653.35,2025-03-21,Cash
T100344,C1257,Female,42,Vadodara,Groceries,7,1834.96,12844.72,2025-07-16,UPI
T101540,C1297,Female,36,Jaipur,Sports,2,868.94,1737.88,01-25-2025,Wallet
T101362,C1369,Other,35,Rajkot,Groceries,7,838.66,5870.62,2025-03-23,Card
T100984,C1511,Other,57,Delhi, Electronics ,7,2570.52,17993.64,2025-06-18,Wallet
T100452,C1235,Female,54,Ahmedabad,Groceries,2,435.96,871.92,2025-04-06,Wallet
T100926,C1416,Male,27,Ahmedabad,Groceries ,5,989.38,4946.9,null,Cash
T101748,C1529,Other,21,Pune,Beauty,4,3635.41,14541.64,2025-08-22,UPI
T100654,C1017,Other,32,Pune,FASHION,6,843.96,5063.76,2025-04-09,UPI
T101659,C1385,Other,23,Surat,Furniture,,2465.67,9862.68,2025-01-30,Cash
T100414,C1531,Other,50,Rajkot,Groceries,2,4250.28,8500.56,2025-12-15,Cash
T101651,C1286,Female,33,Indore,Electronics,3,1947.43,5842.29,2025-03-06,Cash
T101954,C1351,Male,32,Ahmedabad,,3,2924.64,8773.92,2025-07-16,Wallet
T101246,C1144,Other,19,Vadodara,Furniture,4,826.3,3305.2,2025-04-08,Cash
T100116,C1413,Female,59,Vadodara,Beauty,5,79.36,396.8,2025-03-29,Cash
T100224,C1153,Other,44,mumbai,Sports,5,1478.2,7391.0,2025-12-14,Card
T101423,C1307,Male,33,Nashik,Beauty,5,3093.35,15466.75,2025-01-21,Cash
T101594,C1323,Male,28,Pune,Groceries,4,2579.85,10319.4,2025-08-10,UPI
T100735,C1461,Female,39,Delhi,Electronics,3,844.82,2534.46,2025-09-04,Card
T101535,C1518,Male,44,Rajkot,Beauty,4,1320.14,5280.56,2025-10-17,Wallet
T100104,C1297,Other,37,Jaipur,Beauty,1,516.52,516.52,2025-08-19,Card
T100203,C1226,Other,21,Rajkot,Electronics,5,2774.95,13874.75,2025-03-14,Cash
T100204,C1221,Other,27,Ahmedabad,Fashion,2,4859.42,9718.84,2025-05-10,Card
T100907,C1280,Female,23,Mumbai,Beauty,5,3429.33,17146.65,2025-05-21,Wallet
T100507,C1035,Male,67,Pune,Beauty,2,1499.81,2999.62,2025-10-06,Wallet
T100636,C1237,Female,50,None,Groceries,3,3806.9,11420.7,2025-07-05,Cash
T101838,C1352,Female,30,Mumbai,Electronics,4,891.09,3564.36,2025-07-10,e-wallet
T100433,C1401,Other,59,Delhi,Furniture,4,840.67,3362.68,2025-10-29,UPI
T100417,C1444,Male,36,Nashik,Fashion,4,1492.56,5970.24,2025-03-30,UPI
T100233,C1545,f,68,Jaipur,Electronics,1,2127.61,2127.61,2025-02-25,Wallet
T101488,C1506,Female,33,Jaipur,Beauty,2,2826.87,5653.74,2025-10-11,Card
T101151,C1539,Male,23,Vadodara,ELECTRONICS,7,477.51,3342.57,2025-09-23,Wallet
T100189,C1294,Male,27,Jaipur,Electronics,2,2926.91,5853.82,2025-12-06,Wallet
T101264,C1213,f,50,Vadodara,Furniture,5,N/A,3635.35,2025-05-23,Card
T100973,C1003,Other,29,Surat,Beauty,7,0,2749.74,2025-07-21,UPI
T101310,C1069,Other,?,Nashik,Fashion,2,2530.48,5060.96,2025-04-16,e-wallet
T100114,C1089,Female,70,Pune,Electronics,7,2701.65,18911.55,2025-12-28,Cash
T101038,C1436,Other,46,Delhi,Fashion,7,4938.58,34570.06,2025-02-28,Cash
T100723,C1354,Female,58,Indore,Furniture,4,3707.88,14831.52,2025-01-30,UPI
T100808,C1245,Female,54,Vadodara,Furniture,3,738.75,2216.25,2025-12-07,Card
T101265,C1529,Female,31,Jaipur,Groceries,2,3034.09,6068.18,2025-03-01,Wallet
T101857,,Other,55,Delhi,Sports,6,1404.17,8425.02,2025-11-24,Wallet
T101765,C1184,other,34,N/A,Groceries,6,3936.08,23616.48,2025-05-15,Card
T101254,C1473,O,30,,Beauty,6,822.49,4934.94,2025-10-24,UPI
T101125,C1171,,61,Indore,Sports,1,2733.16,2733.16,2025-10-13,Wallet
T100125,C1059,Female,25,Nashik,Sports,5,3199.71,15998.55,2025-11-12,UPI
T100240,C1571,Male,18,Indore,Groceries,4,2014.23,,2025-07-29,Cash
T100349,C1009,Male,46,Jaipur,Sports,4,3872.51,15490.04,2025-07-02,UPI
T101310,C1069,Other,?,Nashik,Fashion,2,2530.48,5060.96,2025-04-16,e-wallet
T100895,C1220,Male,70,,Electronics,6,859.06,5154.36,2025-10-06,card
T101255,C1524,female,37,Ahmedabad,Groceries,5,2461.25,12306.25,2025-09-28,Cash
T102000,C1403,Male,18,Pune,Sports,4,491.42,1965.68,2025-11-07,Wallet
T100352,C1552,Other,61,Delhi,Groceries,2,925.93,1851.86,2025-01-09,Card
T101089,C1520,,56,Ahmedabad,Electronics,3,3358.06,10074.18,2025-11-07,Cash
T100289,C1362,Other,27,Surat,Beauty,7,1360.63,9524.41,2025-02-03,Card
T101622,C1039,Other,45,Rajkot,Groceries,3,1984.01,5952.03,2025-04-09,UPI
T101232,C1119,Other,20,Surat,Groceries,3,1070.05,3210.15,2025-04-20,Cash
T100131,C1066,Male,39,Delhi,Sports,4,328.32,1313.28,2025-01-21,Wallet
T101451,C1415,Other,55,Vadodara,Groceries,2,2383.61,4767.22,2025-01-05,Card
T101677,C1186,Male,26,Jaipur,Beauty,1,1804.21,1804.21,2025-08-24,Cash
T100962,C1241,Other,51,Vadodara,Electronics,4,4503.02,18012.08,2025-01-28,Wallet
T101644,C1274,Female,36,Mumbai,Fashion,3,N/A,2162.82,2025-08-01,Cash
T100311,C1367,N/A,45,Ahmedabad,Sports,7,1484.4,10390.8,2025-07-31,Wallet
T101330,C1186,Male,57,Indore,Furniture,5,1676.12,8380.6,2025-02-11,Card
T101105,C1142,Other,22,Rajkot,FASHION,2,1590.67,3181.34,2025-02-16,Wallet
T101188,C1231,Female,58,Indore,Electronics,2,4462.63,8925.26,2025/02/30,Cash
T100005,C1099,Male,40,Rajkot,Beauty,5,3999.2,19996.0,2025-02-19,Card
T101621,C1487,Male,38,Vadodara,Furniture,7,399.28,2794.96,2025-05-05,Card
T100249,C1351,FEMALE,42,delhi,Beauty,2,2934.1,5868.2,2025-05-28,Card
T101871,C1471,Male,34,Ahmedabad,Sports,1,4503.59,4503.59,2025-09-15,UPI 
T101237,C1370,Other,66,Pune,Sports,1,3716.39,3716.39,2025-12-13,Cash
T100896,C1477,Other,41,Mumbai,Electronics,6,2156.04,12936.24,2025-11-15,UPI
T101671,C1457,Female,32,Jaipur,Beauty,1,639.95,639.95,2025-03-09,Cash
T101553,C1279,Other,65,Ahmedabad,Groceries,4,4957.24,19828.96,2025-01-08,Card
T100367,C1202,Female,19,Indore,Fashion,2,2853.79,5707.58,2025-02-25,Wallet
T100180,C1195,Other,57,Ahmedabad,Groceries,7,2549.31,17845.17,2025-09-10,Card
T100276,C1401,Female,52,Jaipur,Sports,3,4275.73,12827.19,2025-10-25,UPI
T101206,C1519,Female,22,Delhi,Electronics,2,3493.72,6987.44,2025-09-22,unknown
T100255,C1020,Other,37,Delhi,Sports,4,2442.06,9768.24,2025-05-16,Wallet
T101427,C1310,Male,57,Ahmedabad,Groceries,5,2545.33,12726.65,2025-04-28,Wallet
T101974,C1155,Male,29,Delhi,Beauty,1,413.66,413.66,2025-12-13,Cash
T101015,C1325,Female,19,Mumbai,Groceries,6,2590.48,15542.88,2025-02-02,Card
T101104,C1409,Male,60,Rajkot,Fashion,3,1315.86,3947.58,2025-09-28,Card
T100480,C1123,O,61,Ahmedabad,Fashion,5,2673.88,13369.4,2025-02-12,UPI
T101322,C1298,Other,150,Surat,Groceries,2,2150.2,4300.4,2025-08-17,UPI
T101978,C1262,Male,33,Mumbai,Furniture,2,2158.41,4316.82,2025-01-19,Wallet
T101615,C1448,Other,40,Jaipur,Sports,3,347.62,1042.86,2025-04-23,Cash
T101887,C1350,Female,62,Vadodara,Furniture,3,4331.07,12993.21,2025-11-11,Cash
T100937,C1424,Other,70,Pune,Furniture,7,3628.36,25398.52,2025-06-22,Wallet
T101872,C1491,Female,25,Jaipur,fashion,6,1779.99,10679.94,2025-02-08,UPI
T100341,C1212,Other,36,Delhi,Groceries,2,3727.13,7454.26,01-25-2025,UPI
T101220,C1024,Other,48,Pune,Groceries,3,3778.8,11336.4,2025-02-23,Cash
T101157,C1128,Other,51,Jaipur,Fashion,6,2363.0,14178.0,2025-10-13,Card
T101003,C1209,N/A,69,Nashik,grocery,7,3774.32,26420.24,2025-12-17,Card
T101450,C1057,Male,63,N/A,Groceries,6,4259.39,25556.34,2025-05-07,UPI
T101560,C1091,Other,60,Delhi,Furniture,6,2858.8,17152.8,2025-01-25,Cash
T101442,C1373,Female,64,Indore,Sports,1,1951.14,1951.14,2025-07-13,Wallet
T100687,C1124,Female,26,Mumbai,Furniture,6,3577.44,21464.64,2025-04-03,Card
T100223,C1239,Other,25,Mumbai,Beauty,1,4745.64,4745.64,2025-03-09,Wallet
T101683,C1459,other,23,Pune,Groceries,4,3481.98,13927.92,2025-04-20,Cash
T101709,C1456,Male,19,Nashik,Groceries,4,1142.28,4569.12,2025-08-02,UPI
T101576,C1251,Male,66,Ahmedabad,Fashion,4,867.08,3468.32,2025-09-29,UPI
T101673,C1298,m,24,Surat,Groceries,7,1392.93,9750.51,2025-12-04,UPI
T101021,C1005,Male,32,Surat,Fashion,,3146.11,12584.44,31-12-25,UPI
T100668,C1147,Male,67,,None,1,2445.33,2445.33,2025-03-09,Card
T100725,C1206,Male,51,Mumbai,Sports,4,971.18,3884.72,not-a-date, UpI
T100730,C1292,Other,32,Vadodara,Furniture,3,2493.57,7480.71,2025-09-02,UPI
T101241,C1475,Female,N/A,Surat,Furniture,3,4247.35,12742.05,2025-07-01,Wallet
T101458,C1534,Female,61,Nashik,Electronics,3,free,6123.03,31-12-25,Card
T100011,C1215,Male,50,Vadodara,Fashion,4,303.41,1213.64,2025-11-18,Card
T101802,C1326,Female,22,Jaipur,Furniture,7,N/A,24681.23,2025-06-04,card
T100145,C1576,Other,57,Pune,Electronics,3,1595.03,4785.09,2025-04-29,UPI
T101858,C1530,Other,50,Delhi,Electronics,4,2931.24,11724.96,2025-01-20,Card
T100247,C1496,Female,60,Delhi,Sports,1,1428.5,null,2025/02/30,Card
T100287,C1527,Female,69,Ahmedabad,Sports,1,4067.43,4067.43,2025-08-16,UPI
T100579,C1359,Male,44,Pune,Beauty,5,4817.83,24089.15,2025-07-01,Cash
T101404,C1021,Female,54,Surat,Electronics,3,3310.88,9932.64,2025-04-03,Card
T101172,C1356,Other,0,?, Electronics ,7,1364.0,9548.0,2025-10-30,UPI
T101393,C1486,Other,65,Mumbai,Fashion,1,4058.14,4058.14,2025-04-26,Card
T100295,C1007,Male,68,Nashik,Groceries,1,2044.17,2044.17,2025-01-29,Cash
T100977,C1508,Other,43,ahmedabad,null,4,157.63,630.52,2025-12-21,UPI
T100365,C1468,Male,28,Jaipur,Electronics,1,1259.25,1259.25,2025-06-07,Card
T101517,C1114,Other,55,Pune,Fashion,4,1330.1,5320.4,2025-02-16,Card
T101877,C1564,Male,67,Indore,Groceries,3,3340.59,10021.77,2025-10-14,UPI
T101266,C1002,Female,69,Ahmedabad,Sports,7,1882.76,13179.32,2025-03-03,Card
T100743,C1215,male,57,Mumbai,Sports,5,1724.48,8622.4,2025-07-19,Card
T101008,C1394,Female,59,Jaipur,Beauty,5,4066.37,20331.85,2025-04-04,Cash
T101706,C1547,Other,62,Delhi,Groceries,7,1806.09,12642.63,2025-01-30,Card
T100324,C1392,Male,21,Pune,beauty ,4,2688.7,10754.8,2025-05-26,Card
T100890,C1540,Female,33,N/A,Beauty,7,2892.78,20249.46,2025-04-28,Card
T100992,C1033,Male,23,Pune,Groceries,1,2130.4,2130.4,2025-03-06,UPI
T101190,C1335,Male,21,Mumbai,Sports,7,831.66,5821.62,2025-03-02,Card
T101366,C1489,Female,46,Ahmedabad,Sports,5,1169.11,5845.55,2025-07-01,UPI
T100473,C1285,Other,68,Pune,Furniture,5,-250.5,19198.15,2025-12-07,Wallet
NA,C1193,FEMALE,39,Rajkot,Fashion,5,2508.87,12544.35,2025-11-29,Wallet
T100874,C1502,Female,38,Mumbai,Sports,2,2154.68,4309.36,2025-06-23,Wallet
T100597,C1023,Male,21,Mumbai,Electronics,6,3404.97,20429.82,2025-09-11,wallet
T100395,C1180,Male,48,Jaipur,Furniture,7,4933.96,34537.72,2025-02-07,Wallet
T101850,C1121,Female,55,Mumbai,Beauty,7,959.48,6716.36,2025-07-11,Wallet
T100129,C1207,Male,38,Ahmedabad,Sports,3,1251.42,3754.26,2025-08-15,Wallet
T100701,C1372,Female,29,Surat,Electronics,5,1016.77,5083.85,2025-04-27,Card
T100387,C1296,Other,30,Mumbai,Beauty,-5,1747.89,-500,2025-06-27,Card
T101508,C1265,Other,29,Ahmedabad,Beauty,2,2493.34,4986.68,2025-11-02,UPI
T101829,C1514,Male,44,Nashik,Furniture,3,4414.27,13242.81,2025-06-26,Cash
T100991,C1009,Female,70,Jaipur,Fashion,2,3443.47,6886.94,2025-03-11,UPI
T100037,C1181,Male,54,Mumbai,Sports,2,355.84,711.68,01-25-2025,UPI
T101197,C1129,other,37,Delhi,Beauty,5,1379.17,6895.85,2025-08-29,Wallet
T100327,C1249,Female,44,Vadodara,Electronics,5,538.13,2690.65,2025/02/30,UPI
T101662,C1487,Female,57,Delhi,Electronics,2,922.63,1845.26,2025-12-29,UPI
T101629,C1434,N/A,35,Pune,Groceries,7,281.43,1970.01,2025-04-01,UPI
T100845,C1340,Female,54,Rajkot,Groceries,7,3646.73,25527.11,2025-08-19,Card
T100085,C1266,Other,25,Rajkot,Fashion,6,3379.01,20274.06,2025-03-11,Card
T100771,C1091,Male,41,Ahmedabad,Fashion,4,2561.54,10246.16,2025-10-21,Wallet
T101097,C1486,Male,45,Pune,Electronics,5,3968.25,19841.25,2025-08-24,Card
T101122,C1189,Other,60,Ahmedabad,Beauty,3,3214.46,wrong,2025-08-19,Cash
T100272,C1465,Male,66,Vadodara,Furniture,1,4643.35,4643.35,2025-07-20,Cash
T100200,C1322,Other,59,Delhi,Groceries,1,1918.41,1918.41,2025-03-13,UPI
T101351,C1146,Other,23,Vadodara,Fashion,2,2846.92,5693.84,2025-08-31,Card
T100016,C1545,Male,62,Nashik,Fashion,6,1160.81,6964.86,2025-10-11,Card
T100811,C1569,Other,65,Delhi,N/A,3,4191.02,12573.06,2025-03-15,Cash
T100969,C1447,Male,60,Delhi,Beauty,3,1740.1,5220.3,2025-02-10,Card
T100350,C1021,Female,50,Indore,Beauty,1,2443.24,2443.24,2025-07-09,Card
T100639,C1088,Other,37,Indore,Sports,3,844.36,2533.08,2025-06-12,UPI
T101454,C1296,Other,61,Pune,Furniture,5,3386.4,16932.0,2025-04-15,Card
T100208,C1490,Other,44,Vadodara,Furniture,7,1015.55,7108.85,2025-08-02,cash
T100823,C1480,Male,70,Ahmedabad,Groceries,6,3905.25,23431.5,2025-08-31,UPI
T100909,C1021,Male,26,Surat,Furniture,3,4932.55,NA,2025-12-18,UPI
T100389,C1127,Other,34,Rajkot,Fashion,2,519.27,1038.54,2025-09-08,Card
T100719,C1420,Other,34,Delhi,Furniture,3,2625.67,wrong,2025-12-20,Cash
T101175,C1057,Male,61,Surat,Groceries,6,3337.79,unknown,2025-07-22,Wallet
T100706,C1218,male,37,Pune,Beauty,3,1107.65,-500,2025-07-31,Wallet
T100134,C1553,Male,62,Surat,Groceries,6,1945.42,11672.52,2025-03-12,Cash
T100805,C1110,Female,26,Surat,Fashion,2,3635.42,7270.84,2025-02-06,UPI
T100405,C1116,Male,56,Surat,Electronics,7,3847.25,26930.75,2025-08-16,CASH
T101823,C1182,Female,26,Jaipur,Fashion,6,2519.65,15117.9,2025-12-19,Card
T101186,C1098,Other,49,Indore,Furniture,2,3682.91,7365.82,2025-01-05,Card
T101126,C1152,Female,68,Surat,Furniture,1,4416.46,4416.46,2025-07-04,Card
T101920,C1427,Male,58,Pune,Fashion,2,3346.12,6692.24,2025-07-24,Cash
T100394,C1296,Female,26,Delhi,Fashion,7,3972.3,27806.1,2025-12-26,Cash
T100206,C1138,Male,56,Pune,Electronics,7,2722.85,19059.95,2025-08-30,Cash
T100097,C1017,Male,34,Vadodara,Beauty,5,4856.52,24282.6,2025-09-22,cash
T100798,C1578,m,25,Ahmedabad,Electronics,5,4033.28,20166.4,2025-05-26,UPI
T101685,C1200,Other,60,Vadodara ,Furniture,6,1674.05,10044.3,2025-12-05,Wallet
T101048,C1153,Female,59,Vadodara,Electronics,7,3321.39,23249.73,2025-07-31,UPI
T100662,C1001,Female,32,Mumbai,Sports,1,3919.63,3919.63,2025-02-06, UpI
T101513,C1096,Male,39,Mumbai,Groceries,2,4150.95,8301.9,2025-03-22,Card
T101402,C1088,Female,49,Surat,Beauty,2,3637.26,7274.52,2025-10-03,Wallet
T101050,C1056,Male,37,Jaipur,Electronics,7,887.76,6214.32,2025-06-20,Wallet
T100759,C1443,Male,33,Mumbai,Beauty,6,4240.23,25441.38,2025-10-05,Wallet
T101191,C1172,Other,N/A,Pune,Groceries,6,782.09,4692.54,,Wallet
T100152,C1563,Male,69,Surat,Electronics,7,550.75,3855.25,2025-12-10,UPI
T100559,C1540,Male,43,Rajkot,Furniture,6,4931.81,29590.86,2025-04-08,Card
T101487,C1159,Male,51,Nashik,Furniture,5,1209.17,6045.85,2025-06-03,Wallet
T101791,C1014,Female,52,Pune,Furniture,7,3481.97,24373.79,2025-11-01,UPI
T100774,C1437,Male,38,Delhi,Beauty,2,3250.13,6500.26,2025-10-11,Cash
T100686,C1394,Male,54,Surat,FASHION,2,303.24,606.48,2025-09-04,Wallet
T101592,C1585,Other,43,Nashik,Electronics,5,622.53,3112.65,2025-04-17,Cash
T101506,C1414,Male,22,Nashik,Electronics,4,2233.16,8932.64,2025-09-22,UPI
T100837,C1571,Female,39,Vadodara,Beauty,4,415.73,1662.92,01-25-2025,Wallet
T100128,C1009,O,30,Ahmedabad,Fashion,4,2078.95,8315.8,2025-08-30,Card
T101088,C1303,Male,64,Delhi,Furniture,4,1877.65,7510.6,2025-12-09,UPI
T101417,C1114,Male,49,Surat,Electronics,2,388.67,777.34,2025-03-22,UPI 
T101889,C1092,Male,48,Indore,FASHION,7,528.58,3700.06,2025-10-02,Wallet
T101222,C1276,Male,45,Ahmedabad,Groceries,2,952.14,1904.28,2025-04-28,Cash
T101671,C1457,Female,32,Jaipur,Beauty,1,639.95,639.95,2025-03-09,Cash
T101299,C1526,Other,64,Mumbai,Groceries,3,4630.51,13891.53,2025-09-06,UPI 
T101563,C1048,Other,60,Mumbai,Fashion,1,2687.98,2687.98,2025-09-10,UPI
T100278,C1551,Male,40,Nashik,Furniture,5,free,16873.0,2025-02-08,Card
T101412,C1360,FEMALE,67,Delhi,Furniture,5,853.84,4269.2,2025-10-07,UPI
T100197,C1282,Female,47,Rajkot,Fashion,6,4401.18,26407.08,2025-04-30,Card
T101163,C1203,Other,49,Indore,Electronics,7,3245.91,22721.37,2025/02/30,UPI
T101817,C1053,Other,67,Indore,Fashion,2,2793.39,5586.78,2025-07-11,UPI
T101489,C1345,Other,39,Vadodara,Sports,6,1590.37,9542.22,2025-09-20,UPI
T101867,C1037,Male,33,Rajkot,Furniture,7,2104.07,14728.49,2025-01-26,UPI
T100807,C1419,Female,24,Jaipur,Beauty,4,2360.31,9441.24,2025-07-13,UPI
T101854,C1091,Male,67,Vadodara,Electronics,4,3961.7,15846.8,2025-05-15,Cash
T100410,C1001,Male,34,Ahmedabad,Beauty,5,2910.54,14552.7,2025-02-15,Cash
T101358,C1567,Female,23,Vadodara,Furniture,5,1560.42,7802.1,2025-07-07,Wallet
T100773,C1529,Other,31,Ahmedabad,Electronics,2,3195.49,6390.98,2025-10-07,UPI
T100689,C1534,Other,54,Mumbai,Furniture,6,1775.61,10653.66,2025-05-14,UPI
T100961,C1507,Female,65,Delhi,Groceries,6,1763.12,10578.72,2025-10-28,Cash
T101933,C1027,Male,66,Pune,Furniture,1,3507.43,3507.43,2025-01-14,Card
T101942,C1452,Female,30,Nashik,Furniture,5,3403.89,17019.45,2025-03-11,UPI
T101820,C1453,Female,21,Pune,Furniture,3,3478.64,10435.92,2025-05-08,Wallet
T100675,C1101,Male,46,Indore,Sports,4,-250.5,3716.6,2025-10-24,Wallet
T101262,C1483,Male,18,Pune,Beauty,7,4193.81,29356.67,2025-12-21,UPI
T100078,C1474,Other,70,Surat,Sports,2,1317.51,2635.02,2025-01-19,Card
T100217,C1109,Male,70,, Electronics ,1,1034.36,1034.36,2025-11-14,Cash
T101445,C1043,Other,42,Nashik,Furniture,5,3134.69,15673.45,2025-03-17,Card
T101654,C1214,Female,31,Rajkot,fashion,7,1729.06,12103.42,2025-11-20,Card
T100179,C1573,Female,36,Surat,Groceries,7,162.39,1136.73,2025-04-01,Card
T100989,C1179,Female,41,Ahmedabad,Sports,3,546.1,1638.3,2025-12-12,Cash
T101178,C1346,O,41,Surat,Fashion,6,4087.84,24527.04,31-12-25,Wallet
T100186,C1323,O,40,Pune,Fashion,7,3016.97,21118.79,2025-10-07,wallet
T100632,C1338,Female,twenty,Mumbai,Beauty,4,2349.75,9399.0,2025-06-07,UPI
T100783,C1455,Male,19,Delhi,Groceries,3,889.34,2668.02,15/01/2025,Wallet
T101890,C1475,Other,35,Ahmedabad,Beauty,1,3083.17,3083.17,2025-11-03,UPI 
T101022,C1528,Other,61,Mumbai,None,4,4949.02,19796.08,2025-11-27,Cash
T100760,C1022,Male,28,Rajkot,Electronics,5,4500.7,22503.5,2025-06-18,UPI
T100537,C1094,N/A,,Surat,Furniture,7,-250.5,22522.92,2025-08-20,UPI
T101275,C1487,Male,49,Indore,Fashion,5,1320.4,6602.0,2025-09-04,UPI
T101283,C1437,Female,19,Mumbai,Furniture,4,2154.28,8617.12,2025-05-09,Wallet
T101726,C1348,Male,20,Indore,Beauty,4,278.75,1115.0,2025-01-14,Card
T100605,C1002,Other,62,Mumbai,Sports,2,null,1985.2,2025-04-13,Wallet
T101894,,Male,47,Ahmedabad,Groceries,7,3791.38,26539.66,,UPI
T101215,C1146,Male,32,Mumbai,Electronics,-5,4686.44,N/A,2025-08-16,UPI
T100244,C1511,Male,47,Mumbai,Fashion,4,722.32,2889.28,2025-12-24,UPI
T100933,C1489,Male,38,Indore,Electronics,6,2403.62,14421.72,2025-12-19,UPI
T101928,C1333,Male,61,Pune,Groceries,1,730.66,730.66,2025-08-13,Card
T100840,C1297,O,21,vadodara,Groceries,3,3919.44,11758.32,2025-01-08,Cash
T101827,C1249,Female,60,Mumbai,Groceries,3,809.42,2428.26,2025-06-12,Card
T100248,C1084,Female,49,Vadodara,ELECTRONICS,6,4512.94,27077.64,2025-01-31,UPI
T101323,C1490,Male,55,Rajkot,Furniture,1,2193.38,2193.38,2025-01-30,Cash
T101462,C1370,Other,31,Vadodara,Fashion,7,4487.9,31415.3,2025-02-02,Cash
T101086,C1038,Male,62,Surat,Fashion,5,2265.76,11328.8,2025-10-19,Card
T101329,C1004,Other,67,Surat,Furniture,4,1380.72,5522.88,2025-04-16,Cash
T100384,C1594,Other,38,Rajkot,Beauty,7,3956.96,27698.72,2025-12-25,Card
T101244,C1340,Other,21,Ahmedabad,Beauty,5,431.83,2159.15,2025-10-29,UPI
T100361,C1198,Male,38,Indore,Sports,1,3265.77,3265.77,2025-04-02,Wallet
T101076,C1460,Female,30, VADODARA,Furniture,7,3769.56,26386.92,2025-08-31,UPI
T100988,C1235,Male,28,Delhi,Groceries,7,432.02,3024.14,2025-07-11,Cash
T101988,C1312,Other,52,Pune,Furniture,2,2936.33,5872.66,2025-02-18,Card
T101610,C1182,Other,None,Delhi,Beauty,1,4736.58,4736.58,2025-12-19,UPI
T101143,C1381,Male,51,Rajkot,Furniture,7,503.44,3524.08,2025-03-17,Wallet
T100144,C1472,Female,50,Indore,Furniture,6,3250.91,19505.46,2025-02-08,Card
T101561,C1484,Other,61,Pune,Furniture,2,3266.32,6532.64,2025-07-07,Card
T101334,C1366,Other,27,Jaipur,Furniture,4,1918.25,7673.0,2025-06-26,UPI
T100829,C1508,Female,45,Mumbai,Fashion,4,3799.55,15198.2,not-a-date,Cash
T100635,C1499,Male,19,Indore,Beauty,7,2889.9,20229.3,2025-06-20,Card
T100901,C1161,Other,35,Jaipur,Groceries,4,1290.55,unknown,2025-05-27,UPI
T101035,C1425,Female,52,Mumbai,Groceries,2,3644.24,7288.48,2025-01-11,UPI
T100275,C1468,Male,46,N/A,Fashion,7,548.39,3838.73,2025-09-15,Wallet
T100516,C1200,Male,66,Mumbai,Furniture,1,1603.65,1603.65,2025-10-26,Card
T101556,C1161,Other,32,Ahmedabad,Electronics,3,610.4,1831.2,2025-11-04,Card
T101484,C1299,Male,69,Jaipur,Beauty,6,347.86,2087.16,2025-05-04,Wallet
T101196,C1364,Other,29,?,Sports,6,1027.33,6163.98,2025-07-26,UPI
T100261,C1590,Other,67,Nashik,Fashion,3,1945.39,5836.17,2025-03-11,Card
T100590,C1030,Other,18,Vadodara,Electronics,2,4335.9,8671.8,2025-11-08,cash
T100269,C1145,Other,40,Nashik,Groceries,2,2233.51,4467.02,2025-12-19,UPI
T100888,C1370,MALE,41,Indore,Fashion,2,4420.79,8841.58,N/A,Card
T100877,C1537,Other,26,Rajkot,Furniture,6,1983.48,11900.88,2025-06-19,Wallet
T100470,C1387,Male,67,Mumbai,Furniture,1,57.24,57.24,2025-05-02,UPI
T100761,C1426,Other,?,Ahmedabad,N/A,2,4236.71,8473.42,2025-02-25,Card
T100940,C1100,Other,36,Jaipur,Electronics,1,3855.86,3855.86,2025-09-06,Cash
T100849,C1200,Female,58,Indore,Furniture,4,4085.19,16340.76,2025-01-03,Card
T101399,C1445,Other,49,Pune,Furniture,1,4171.46,4171.46,2025-04-06,UPI
T101785,C1434,Other,38,Surat,Fashion,3,4848.2,14544.6,2025-12-06,Card
T101210,C1443,Male,18,Surat,Fashion,N/A,2909.16,5818.32,2025-07-27,Wallet
T101284,C1016,Female,27,Nashik,Beauty,6,2381.19,14287.14,2025-05-03,e-wallet
T100081,C1004,other,62,Nashik,Furniture,7,free,6272.84,2025-06-30,Card
T100815,C1007,Male,45,Surat,Sports,7,4278.24,29947.68,2025-03-07,Wallet
T100466,C1102,Male,53,Pune,Fashion,2,3624.43,7248.86,2025-02-13,Card
T100707,C1325, M ,52,None,Fashion,5,3166.22,15831.1,2025-03-01,Cash
T100887,C1592,Female,42,Mumbai,Groceries,7,4281.23,29968.61,2025-11-23,UPI
T101948,C1599,Male,0,,ELECTRONICS,3,3663.96,10991.88,2025-05-05,Card
T100489,C1188,Other,40,Vadodara,Sports,2,562.58,1125.16,2025-09-23,UPI
T101731,C1575,Other,47,Pune,Electronics,3,593.58,1780.74,2025-09-11,UPI
T100767,C1058,N/A,20,Nashik,Groceries,4,102.13,408.52,2025-04-22,Wallet
T101985,C1041,Male,49,?,Groceries,7,3132.56,21927.92,2025-02-05,Card
T101656,C1007,Female,35,Delhi NCR,Fashion,6,4755.54,28533.24,2025-10-22,Cash
T101029,C1034,Female,40,Rajkot,Sports,3,785.59,2356.77,2025-09-08,Wallet
T101444,C1472,Other,58,Vadodara,Beauty,7,2401.38,16809.66,2025-02-23,Cash
T101259,C1112,Other,37,Pune,Electronics,3,4789.07,14367.21,2025-09-15,UPI
T100333,C1475,Male,70,Surat,Groceries,5,1720.08,8600.4,2025-03-23,UPI
T101018,C1579,Male,22,Mumbai,Furniture,6,2503.27,15019.62,2025-01-06,Cash
T100254,C1030,Female,38,null,fashion,2,2946.88,0,2025-12-31,Wallet
T101338,C1424,Female,57,Vadodara,Groceries,6,4849.57,29097.42,2025-07-04,UPI
T101359,C1345,Female,30,Nashik,Electronics,5,970.91,4854.55,2025-09-04,Wallet
T101707,C1238,Other,67,Indore,Beauty,2,2946.05,5892.1,2025-02-18,Wallet
T100004,C1323,Male,45,Pune,Electronics,7,3983.22,27882.54,2025-07-04,Card
T100436,C1192,Male,30,Mumbai, Electronics ,1,4388.65,4388.65,2025-04-27,Card
T100075,C1516,Female,54,Indore,Fashion,None,1761.14,5283.42,2025-12-05,Wallet
T100894,C1415,Other,55,Delhi,ELECTRONICS,2,2816.42,5632.84,2025-07-27,Card
T100122,C1378,Other,56,Surat,Fashion,4,1954.52,7818.08,2025-01-22,Card
T100676,C1169,Male,25,Jaipur,Sports,5,399.98,1999.9,2025-12-19,wallet
T101017,C1224,m,31,Surat,Groceries,4,3531.54,14126.16,,Card
T100833,C1563,Other,66,Pune,Furniture,7,2671.68,18701.76,2025-03-10,Cash
T100752,C1123,Female,36,Pune,Fashion,6,1404.34,8426.04,2025-07-06,Card
T100178,C1313,FEMALE,57,Indore,Fashion,4,486.82,1947.28,2025-12-28,Cash
T101735,C1581,Male,28,Surat,Groceries,7,3688.21,25817.47,2025-04-19,Wallet
T101165,C1139,Other,27,Ahmedabad,ELECTRONICS,7,2810.37,19672.59,2025-01-12,UPI
T101475,C1600,Other,57,Mumbai,grocery,2,3662.31,7324.62,2025-08-07,UPI
T100543,C1284,Male,23,Jaipur,fashion,7,3042.86,21300.02,2025-04-12,Card
T101639,C1235,Other,31,Ahmedabad,Furniture,5,1108.9,5544.5,2025-09-03,Wallet
T101001,C1492,Male,46,Mumbai,Furniture,4,3004.95,12019.8,2025-07-23,Card
T101751,C1539,Female,48,Delhi NCR,Fashion,6,1456.93,8741.58,2025-08-10,Cash
T101531,C1363,Other,58,Ahmedabad,null,7,788.38,5518.66,2025-07-13,UPI
T101775,C1077,Female,?,Pune,grocery,7,4736.25,33153.75,2025-09-16,Card
T101357,C1141,Other,66,Vadodara,Fashion,4,3231.8,12927.2,2025-02-11,UPI
T100729,C1147,Other,20,Rajkot,Fashion,2,1394.14,2788.28,2025-08-12,Wallet
T101390,C1287,Other,22,Indore,Beauty,6,3572.56,21435.36,2025-03-25,Wallet
T101832,C1266,Other,63,Ahmedabad,Furniture,6,2152.23,12913.38,null,Wallet
T100657,C1491,Other,69,None,Beauty,3,4955.66,14866.98,2025-07-02,UPI
T101999,C1257,Female,19,mumbai,Sports,1,-250.5,2602.96,2025-06-27,Wallet
T101533,C1341,Female,33,Surat,,3,985.82,2957.46,2025-12-18,Card
T100978,C1449,Female,39,Indore,Fashion,6,1411.98,8471.88,2025-08-01,Card
T100813,C1483,Other,55,Vadodara,Sports,3,2229.57,6688.71,2025-10-28,Wallet
T101950,C1395,Female,54,Pune,Beauty,4,1456.22,5824.88,2025-10-06,Card
T100565,C1516,Other,None,Vadodara,Furniture,3,828.78,2486.34,2025-09-07,Wallet
T100637,C1537,Female,36,Delhi,Fashion,3,210.51,631.53,2025-04-03,UPI
T101095,C1378,Female,61,Surat,Beauty,4,587.86,2351.44,2025-02-11, UpI
T101103,C1512,Other,50,Rajkot,Groceries,-2,653.75,2615.0,2025-02-14,Wallet
T101786,C1600,Female,68,Nashik,Furniture,7,4708.19,32957.33,2025-05-17,UPI 
T101231,C1159,N/A,35,Jaipur,Groceries,2,2905.87,5811.74,2025-01-25,Cash
T100440,C1528,Other,31,Jaipur,Electronics,2,3162.5,6325.0,2025-07-29,Cash
T101569,C1552,Male,19,Vadodara,Fashion,4,3116.76,12467.04,2025-03-12,Cash
T100548,C1474,Female,21,Pune,Groceries,7,3706.24,25943.68,2025-07-19,Cash
T100378,C1348,Female,67,Mumbai,Beauty,-2,361.79,723.58,2025-12-24,UPI
T101062,C1242,Male,19,Mumbai,Fashion,2,4185.99,8371.98,2025-12-15,Wallet
T100146,C1482,N/A,37,Surat,Beauty,5,381.22,1906.1,2025-11-01,Card
T100479,None,Other,27,Rajkot, Electronics ,4,749.45,2997.8,2025-10-16,Wallet
T101766,C1599,Male,67,Mumbai,Sports,2,4628.48,9256.96,01-25-2025,UPI
T101976,C1431,Male,42,Vadodara,Beauty,1,2926.47,2926.47,2025-03-06,UPI
T100273,C1159,female,57,Ahmedabad,Electronics,1,1811.44,1811.44,2025-09-03,Wallet
T100613,C1015,O,59,Rajkot,N/A,7,2500.95,17506.65,2025-09-30,Wallet
T100140,C1429,Other,60,Rajkot,Furniture,5,3577.72,17888.6,2025-05-19,Card
T101236,C1020,Male,19,Ahmedabad,Groceries,1,1037.05,1037.05,2025-03-05,UPI
T100059,C1245,Male,62,Jaipur,Groceries,3,756.46,2269.38,2025-05-01,Wallet
T100006,C1018,Female,40,Indore,Groceries,2,3256.36,6512.72,2025-07-20,Card
T101426,C1302,Other,31,Surat,Furniture,2,4373.12,8746.24,2025-02-16,Wallet
T100431,C1249,Male,59,Mumbai,Electronics,4,2214.59,8858.36,2025-07-05,Cash
T100322,C1159,Male,28,Nashik,Furniture,6,402.88,2417.28,2025-07-12,UPI
T100599,C1576,Male,null,Mumbai,Fashion,7,767.74,5374.18,2025-03-23,Card
T101207,C1170,Other,43,Pune,Electronics,5,2607.2,?,2025-10-28,Wallet
T101080,C1599,Female,41,Pune,Sports,5,2232.09,11160.45,2025-10-10,Card
T100514,C1426,Female,22,Vadodara,Furniture,7,1883.67,13185.69,2025-02-28,Wallet
T101605,C1438,Other,50,Ahmedabad,Furniture,3,2959.01,8877.03,2025-03-21,UPI
T100038,C1359,Other,41,Pune,Fashion,3,1700.1,5100.3,2025-09-15,UPI
T101678,C1210,Other,38,Mumbai,Beauty,4,674.35,2697.4,2025-08-07,UPI
T101117,C1356,Other,22,mumbai,Electronics,5,446.23,2231.15,2025-02-28,Card
T101483,C1074,Other,19,Vadodara,Beauty,3,1068.8,3206.4,2025-10-29,UPI
T101446,C1433,Other,27,Delhi,Sports,6,3566.83,21400.98,2025-05-21,Cash
T101392,C1253,Other,31,Mumbai,Groceries,5,1089.77,5448.85,2025-10-01,Wallet
T101090,C1520,Other,68,Surat,?,6,free,21175.56,2025-01-05,Card
T100024,C1069,Female,22,Ahmedabad,electronics,1,3763.94,3763.94,2025-01-31,UPI
T100279,C1355,Male,30,None,Furniture,6,1530.3,9181.8,2025-06-13,e-wallet
T101116,C1072, M ,56,Mumbai,Fashion,5,3612.34,18061.7,2025-12-17,Card
T101753,C1414,Other,24,Surat,Fashion,6,2770.15,16620.9,2025-01-30,UPI
T100321,C1534,Female,44,Ahmedabad,Furniture,3,1038.05,3114.15,2025-11-23,Card
T101772,C1565,Female,47,Mumbai,Groceries,5,393.96,1969.8,2025-05-04,Wallet
T101135,C1122,Other,24,Pune,Beauty,3,2752.61,8257.83,2025-11-19,Cash
T100194,C1302,Female,63,Delhi,Electronics,2,3408.85,6817.7,2025-01-20,UPI
T101248,C1066,Female,61,Surat,Fashion,2,1716.62,wrong,2025-09-07,UPI
T100312,C1239,Female,65,Delhi,Groceries,1,2028.57,2028.57,2025-07-22,Cash
T101619,C1202,Female,26,Surat,Electronics,-5,1778.45,10670.7,2025-12-21,Cash
T100459,C1402,Other,55,Nashik,Sports,7,2633.44,18434.08,2025-10-26,UPI
T101708,C1387,Female,41,Jaipur,Beauty,4,4926.47,19705.88,2025-02-13,Wallet
T100073,C1057,Other,39,Jaipur,Electronics,3,1010.32,3030.96,2025-06-29,UPI
T101066,C1069,Female,47,Indore,grocery,2,2785.59,5571.18,2025-06-02,UPI
T100195,C1011,Male,64,vadodara, Electronics ,5,4679.71,23398.55,2025-07-02,Wallet
T100878,C1528,Other,36,Indore,Sports,3,4240.3,12720.9,2025-11-26,Cash
T100793,C1535,Other,unknown,Jaipur,Groceries,7,2768.9,19382.3,2025-06-10,unknown
T100074,C1343,Male,34,Jaipur,Beauty,5,1578.15,7890.75,2025-07-28,Cash
T100641,C1057,Female,63,Delhi,Beauty,5,2903.64,14518.2,2025-04-02,Wallet
T100545,C1255,Female,55,Rajkot,Sports,7,269.32,1885.24,2025-01-11,Wallet
T100847,C1399,Female,56,Jaipur,Fashion,7,1949.18,13644.26,2025-03-08,UPI 
T100520,C1356,Other,25,Mumbai,Sports,-2,736.52,4419.12,2025-05-20,Cash
T100932,C1188,Other,56,Mumbai,Furniture,4,2514.19,10056.76,2025-12-06,Card
T100177,C1113,Other,39,Vadodara,Beauty,7,473.34,3313.38,2025-02-24,Cash
T100685,C1011,Male,33,Pune,Electronics,2,4979.36,9958.72,2025-08-02,Card
T101204,C1146,Other,40,Mumbai,Sports,1,1017.78,1017.78,2025-07-31,UPI
T101822,C1461,O,26,Nashik,Groceries,1,3809.6,3809.6,2025-05-08,Cash
T100828,C1485,Male,N/A,Vadodara,Groceries,7,4932.52,34527.64,2025-10-02,CASH
T100500,C1367,Female,24,Indore,Furniture,3,4995.59,14986.77,2025-06-26,Cash
T100742,C1316,Female,63,Rajkot,Furniture,2,599.13,1198.26,2025-01-19,Card
T101812,C1479,Female,62,Nashik,Furniture,3,128.89,386.67,2025-02-17,Card
T100228,C1495,Other,57,Jaipur,Electronics,5,2514.25,12571.25,2025-12-29,Wallet
T100734,C1343,Other,52,Vadodara,Electronics,3,2706.07,N/A,2025-09-03,Cash
T100566,C1472,Other,61,Rajkot,Furniture,4,2350.62,9402.48,None,UPI
T101781,C1561,Male,42,Vadodara,Electronics,4,2756.4,11025.6,2025-11-29,UPI
T101939,C1430,Other,39,Delhi,Sports,2,507.64,1015.28,2025-03-17,Cash
T101201,C1381, M ,58,Indore,Sports,2,2746.89,5493.78,2025-10-17,UPI
T100718,C1398,Other,24,Delhi,Groceries,3,3668.99,?,2025-02-19,CARD
T100141,C1258,Other,43,Nashik,Beauty,5,2308.16,11540.8,2025-04-12,UPI
T101815,C1464,Male,44,Indore,Groceries,7,None,19649.91,N/A,Wallet
T101949,C1226,Female,23,Pune,Furniture,7,-250.5,10094.77,2025-08-20,Card
T100280,C1520,Male,43,Mumbai,Furniture,1,4941.98,4941.98,2025-11-23,Cash
T100374,C1521,Female,60,Rajkot,Electronics,7,2498.36,17488.52,2025-07-13,Cash
T101840,C1315,female,44,Delhi,Sports,6,2055.25,12331.5,2025-08-09,UPI
T101502,C1470,Female,68,Nashik,Electronics,3,414.99,1244.97,2025-10-01,UPI
T100315,C1415,Other,67,Rajkot,Furniture,2,3861.16,7722.32,2025-11-11,Card
T100293,C1404,Male,57,Surat,Beauty,5,376.15,1880.75,2025-09-10,UPI
T100925,C1286,Female,62,Jaipur,Fashion,0,1699.11,3398.22,N/A,UPI
,C1424,Male,38,NA,Fashion,4,2109.15,8436.6,2025-10-28,UPI
T101927,C1347,Other,37,Surat,Groceries,5,1571.93,7859.65,2025-06-21,UPI
T100820,C1109,Male,31,Nashik,Furniture,4,1189.94,4759.76,2025-03-17,UPI
T100173,C1503,Male,44,Nashik,Fashion,3,3322.94,9968.82,2025-08-25,Wallet
T101745,C1119,Male,20,Mumbai,,1,1516.47,1516.47,2025-01-23,Card
T100749,C1334,Other,26,Surat,Beauty,3,1807.92,5423.76,2025-10-28,Card
T100163,C1460,Male,twenty,Rajkot,Furniture,2,444.65,889.3,2025-09-04,Card
T100445,C1546,Male,69,Mumbai,Groceries,1,3840.21,3840.21,2025-02-12,Cash
T101301,C1040,Other,26,Delhi,Sports,3,721.27,2163.81,2025-03-16, UpI
T101432,C1337,Other,41,Indore,Groceries,4,3583.45,14333.8,2025-12-16,Cash
T100082,C1260,Male,unknown,delhi,Sports,1,1302.75,1302.75,2025-12-31,Wallet
T101253,C1348,FEMALE,59,Delhi,Sports,6,3625.95,N/A,2025-02-11,UPI
T100375,C1497,Female,25,Vadodara,Groceries ,4,2589.04,10356.16,2025-01-02,Card
T100708,C1028,Other,35,Surat,Furniture,7,2180.2,15261.4,2025-07-15,Wallet
T100660,C1196,Other,64,Ahmedabad,beauty ,6,3363.93,20183.58,2025-12-10,Wallet
T100347,C1278,Other,53,Ahmedabad,Groceries,4,756.22,3024.88,01-25-2025,Wallet
T100174,C1433,Other,68,Delhi,Electronics,2,4145.3,8290.6,N/A,Card
T100429,C1523,Other,38,Nashik,Sports,3,2611.68,7835.04,31-12-25,Cash
T101732,C1098,Female,18,Mumbai,Electronics,3,761.39,2284.17,2025-10-17,Wallet
T100155,C1558,Male,56,Delhi,Groceries,1,4166.43,4166.43,2025-12-28,Wallet
T100477,C1417,Male,19,Indore,Electronics,2,4497.98,8995.96,2025-10-16,UPI
T100968,C1472,Male,57,Jaipur,Furniture,3,4478.73,13436.19,2025-03-17,UPI
T101044,C1217,Other,70,Delhi,Furniture,5,4719.73,23598.65,2025-05-08,Card
T101147,C1053,Male,51,Vadodara,Sports,1,3750.83,3750.83,2025-03-11,Cash
T100529,C1039,Female,29,Jaipur,Groceries,1,570.36,570.36,2025-09-12,UPI 
T100103,C1316,Other,53,Pune,Electronics,5,55.76,278.8,2025-05-12,Cash
T101027,C1533,Other,19,Vadodara,,7,2026.99,14188.93,2025-11-19,Cash
T101537,C1135,Other,36,Jaipur,Groceries,4,942.78,3771.12,2025-08-27,Wallet
T100842,C1571,Other,,Vadodara,Electronics,2,3423.56,6847.12,01-25-2025,UPI
T101715,C1376,Male,32, VADODARA,Fashion,2,919.18,1838.36,NA,Cash
T101004,C1377,Male,48,Mumbai,Beauty,7,4312.94,30190.58,2025-07-19,Card
T100032,C1505,Other,55,Ahmedabad,Fashion,6,749.48,4496.88,2025-04-23,Card
T101542,C1335,Male,36,Pune,Electronics,7,2690.48,18833.36,2025-04-03,Card
T100757,C1546,Female,67,Delhi,Groceries,3,2240.81,6722.43,2025-05-30,UPI
T101150,C1173,Female,40,Nashik,Fashion,2,3655.36,7310.72,2025-10-19,Wallet
T101148,C1581,Male,?,Nashik,Sports,4,4044.77,16179.08,2025-01-22,e-wallet
T101875,C1145,Other,18,Jaipur,Fashion,7,1905.1,13335.7,2025-09-11,Wallet
T101303,C1543,Other,26,Indore,Beauty,null,4844.83,9689.66,2025-05-21,Cash
T100964,C1579,Male,56,Delhi,Sports,5,3470.63,NA,NA,UPI
T100071,C1052,Other,59,Indore,Beauty,7,2534.06,17738.42,2025-10-31,Wallet
T101263,C1137,Female,27,Mumbai,Furniture,1,3083.25,3083.25,2025-02-27,Wallet
T101953,C1161,Other,66,Surat,Fashion,1,259.7,259.7,2025-08-13,UPI
T101523,C1373,Other,51,Mumbai,Furniture,7,877.82,6144.74,2025-03-06,UPI
T101144,C1524,Female,69,Ahmedabad,Furniture,2,2960.15,5920.3,2025-06-02,Wallet
T101387,C1145,Other,25,Ahmedabad,Furniture,4,4848.29,19393.16,2025-08-15,Cash
T101958,C1283,Male,23,Delhi NCR,Beauty,5,1044.72,5223.6,2025-01-21,Wallet
T100549,C1133,Male,30,Rajkot,Sports,7,613.11,4291.77,2025-08-31,Card
T101425,C1003,Female,33,Mumbai,Fashion,3,80.75,242.25,,Cash
T100400,C1039,Male,60,Pune,FASHION,6,2056.39,12338.34,2025-05-02,Cash
T101819,C1586,Other,26,Ahmedabad,Furniture,3,3315.64,9946.92,2025-02-23,Card
T100999,C1457,other,19,Rajkot,Furniture,5,4240.89,21204.45,2025-10-24,Cash
T101808,C1508,Male,69,Mumbai,Beauty,3,2351.83,7055.49,2025-07-01,Cash
T101961,C1475,Female,51,NA,Electronics,3,1332.25,3996.75,2025-07-09,Cash
T100836,C1415,Female,N/A,Jaipur,Electronics,5,4500.25,22501.25,2025-10-17,UPI
T101155,C1593,Female,25,Pune,Electronics,4,1241.41,4965.64,31-12-25,Card
T100246,C1331,Female,30,Surat,Fashion,7,4710.86,32976.02,2025-05-01,Wallet
T100598,C1552,Female,22,Rajkot,Groceries,7,2732.67,19128.69,2025-08-08,Cash
T100328,C1217,Female,57,mumbai,Beauty,3,3174.42,9523.26,2025-10-06,Cash
T100850,C1456,Male,33,Ahmedabad,Sports,2,4704.24,9408.48,2025-11-16,UPI
T101346,C1303,Other,52,Rajkot,Groceries,4,3654.23,,2025-06-15,Wallet
T101293,C1484,Other,58,Delhi,Sports,1,2311.4,2311.4,2025-12-06,UPI
T100924,C1429,Male,0,Nashik,Electronics,7,2894.81,20263.67,31-12-25,Card
T101544,C1491,Other,29,Nashik,Fashion,3,4744.89,14234.67,2025-06-24,UPI
T100305,C1166,Male,19,Ahmedabad,Beauty,6,3878.9,23273.4,2025-05-10,Cash
T101361,C1130,Male,42,Delhi,Sports,4,96.09,384.36,2025-02-18,UPI
T100764,C1100,Female,60,Delhi,Groceries,1,-250.5,2783.07,2025-04-08,Card
T100531,C1122,Male,44,Jaipur,Furniture,7,448.67,3140.69,2025-08-20,Card
T101424,C1090,Other,46,Mumbai,Fashion,2,2136.38,4272.76,2025-01-04,Cash
T100953,C1122,Other,28,Indore,Furniture,5,4699.0,23495.0,2025-08-12,UPI
T100397,C1200,Other,19,Mumbai,Groceries,1,2502.09,2502.09,2025-03-23,Cash
T101602,C1148,Male,39,Jaipur,Groceries,1,4254.59,4254.59,2025-09-07,Card
T100653,C1361,Male,,Delhi,Sports,7,346.75,2427.25,2025-02-08,Card
T100985,C1412,Male,57,Ahmedabad,Fashion,5,2865.11,14325.55,01-25-2025,Wallet
T101803,C1196,Male,27,Delhi NCR,Beauty,4,3253.86,13015.44,2025-04-30,Card
T100290,C1082,Other,66,Rajkot,Electronics,6,4514.66,27087.96,,Card
T100934,C1306,Female,64,Nashik,Sports,3,851.55,2554.65,2025/02/30,UPI
T100257,C1002,m,49,Mumbai,Groceries,3,4451.17,13353.51,2025-10-25,Wallet
T101596,C1390,Other,30,Surat,Sports,4,1253.64,5014.56,2025-05-20,CARD
T100852,C1363,Other,40,Surat,Electronics,7,2485.83,17400.81,2025-02-05,Cash
T101096,C1414,Female,25,Nashik,Groceries,2,54.73,wrong,2025-10-24,Wallet
T101908,C1507,Other,18,Vadodara,Electronics,1,2125.3,2125.3,2025-09-16,UPI
T100455,C1360,Female,29,Rajkot,Electronics,1,1504.58,1504.58,2025-04-18,Card
T100846,C1295,Male,39,Jaipur,Electronics,6,1507.98,9047.88,2025-11-22,Wallet
T100110,C1487,Male,45,Nashik,Groceries,1,4080.7,4080.7,2025-01-07,CASH
T101250,C1213,Male,39,Delhi,Fashion,1,1442.44,1442.44,2025-10-10,Cash
T101051,C1461,Other,22,Mumbai,Groceries,7,4544.38,31810.66,2025-02-18,UPI
T101773,C1581,other,31,Nashik,Groceries,7,1815.31,12707.17,2025-09-20,Cash
T100822,C1511,Female,64,Delhi,Sports,3,428.41,1285.23,2025/02/30,Wallet
T100354,C1126,Other,N/A,Pune,Sports,1,2600.07,2600.07,2025-06-07,UPI
T101473,C1204,Other,59,Ahmedabad,Fashion,7,904.5,6331.5,2025-01-24,Card
T100465,C1447,Female,67,Ahmedabad,Beauty,6,2687.34,16124.04,2025-01-13,Card
T101294,C1213,Male,26,Nashik,Fashion,4,4163.42,16653.68,2025-08-21,UPI
T101394,C1195,Male,24,Indore,Sports,7,4525.71,31679.97,NA,Wallet
T100043,C1107,Male,25,Vadodara,Electronics,2,4103.68,8207.36,2025-10-02,Wallet
T100503,C1160,Other,61,Mumbai,Beauty,5,2875.76,14378.8,31-12-25,Wallet
T100413,C1024,Male,28,Nashik,Electronics,1,2229.22,2229.22,2025-03-27,Card
T101698,C1158,Other,25,Vadodara,Fashion,5,4368.04,21840.2,2025-03-21,Cash
T100665,C1145,N/A,64,Jaipur,Fashion,five,4675.82,28054.92,2025-04-03,Card
T100343,C1399,Male,68,Vadodara,Sports,6,3222.35,19334.1,2025-04-20,UPI
T101313,C1444,Female,66,Vadodara,Sports,4,4121.1,16484.4,2025-05-20,Card
T100157,C1476,Other,65,Indore,Furniture,4,2250.63,9002.52,2025-05-28,UPI
T101120,C1283,Other,19,ahmedabad,Furniture,7,1187.33,8311.31,2025-10-16,Cash
T101842,C1593,Other,,Pune,Beauty,5,1189.94,5949.7,2025-10-15,UPI
T100778,C1593,Other,52,Delhi,Electronics,6,4908.7,29452.2,2025-01-08,Card
T101847,C1006,Male,24,Jaipur,Fashion,4,4394.84,17579.36,2025-05-12,Cash
T100838,C1338,Female,27,Rajkot,Electronics,4,882.01,3528.04,2025-05-10,Wallet
T101063,C1406,Other,40,Jaipur,Electronics,2,2729.16,5458.32,2025-12-02,Wallet
T101934,C1377,Female,64,Delhi,Furniture,null,4359.7,21798.5,2025-10-16,UPI
T101061,C1580,m,33,Vadodara,Electronics,5,3808.1,19040.5,2025-09-14,Wallet
T101649,C1114,Other,34,Surat,Electronics,7,2399.82,16798.74,NA,Cash
T101416,C1259,male,45,Rajkot,Beauty,5,3381.33,16906.65,2025-03-24,Card
T100853,C1118,Female,20,Delhi,Beauty,6,4442.84,26657.04,2025-07-09,Wallet
T100068,C1531,Female,36,Rajkot,Furniture,2,145.45,290.9,2025-04-23,Wallet
T100456,C1490,Male,24,Jaipur,Beauty,1,4372.43,4372.43,2025-04-02,UPI 
T100109,C1386,female,24,Surat,Furniture,6,4025.29,24151.74,2025-05-13,upi
T101075,C1251,Male,24,Delhi,Fashion,5,488.02,2440.1,2025-09-23,Wallet
T100388,C1296,Female,31,Vadodara,Fashion,7,1740.1,12180.7,2025-11-09,wallet
T100034,C1136,Other,57,Indore,Sports,5,2141.41,10707.05,2025-10-14,UPI
T101064,C1354,Other,28,Vadodara,Electronics,1,3853.23,3853.23,2025-12-20,Cash
T100537,C1094,N/A,,Surat,Furniture,7,-250.5,22522.92,2025-08-20,UPI
T101105,C1142,Other,22,Rajkot,FASHION,2,1590.67,3181.34,2025-02-16,Wallet
T100892,C1008,Male,43,Delhi,Groceries,4,3325.64,13302.56,2025-09-30,UPI
T101058,C1141,Male,62,Delhi NCR,Furniture,1,4811.18,4811.18,2025-02-12,Cash
T100158,C1504,Female,60,Vadodara,Groceries,4,3412.28,wrong,2025-01-21,Card
T100608,C1243,Other,49,Indore,Fashion,4,4488.69,17954.76,2025-06-09, UpI
T100634,C1408,Male,18,Surat,Groceries,6,4692.05,28152.3,2025-08-12,UPI
T101202,C1066,Male,39,Rajkot,Electronics,6,2011.41,12068.46,2025-08-27,UPI
T101925,C1564,Female,41,Rajkot,Furniture,7,932.6,6528.2,2025-11-27,Wallet
T100976,C1504,Male,62,Jaipur,Beauty,1,1915.75,1915.75,2025-01-26,Cash
T101176,C1335,Female,54,Jaipur,Electronics,7,509.64,3567.48,2025-06-23,Cash
T101754,C1193,Male,59,Pune,Fashion,6,?,22585.5,2025-02-10,UPI
T100724,C1552,Male,37,Pune,Groceries,6,1453.66,8721.96,N/A,UPI
T100655,C1332,Female,64,Delhi,Electronics,5,N/A,14111.0,N/A,UPI
T101919,C1328,O,67,Surat,Beauty,6,2372.56,-500,2025-02-15,Wallet
T101312,C1206,Female,68,Rajkot,Electronics,6,1368.28,8209.68,2025-06-14,Cash
T101764,C1156,Female,68,Indore,Furniture,7,701.2,4908.4,2025-09-09,UPI
T101975,C1428,f,63,Pune,Fashion,4,2895.97,11583.88,2025-10-30,Wallet
T100251,C1040,Other,19,Surat,Groceries,5,3389.93,NA,2025-06-21,UPI
T100696,C1369,Male,46,Pune,Furniture,7,2024.71,14172.97,2025-10-24,Wallet
T101678,C1210,Other,38,Mumbai,Beauty,4,674.35,2697.4,2025-08-07,UPI
T101739,C1103,Male,49,Surat,Electronics,3,1365.61,4096.83,2025-09-27,UPI
T101663,C1049,Female,22,Mumbai,Electronics,6,1479.75,8878.5,2025-06-01,Cash
T101307,C1322,female,47,Nashik,Beauty,2,3991.31,7982.62,2025-03-30,UPI
T101339,C1465,female,63,Nashik,Furniture,1,4524.53,4524.53,2025-12-05,Wallet
T101251,C1387,Other,64,Delhi,Fashion,2,1133.59,2267.18,2025-07-19,Card
T101584,C1164,Male,52,Surat,Beauty,1,1795.03,1795.03,2025-09-03,UPI
T100519,C1484,Male,61,Vadodara,Beauty,2,4908.92,9817.84,2025-11-23, UpI
T100040,C1412,Other,61,Indore,Groceries,7,?,18309.76,2025-02-07,Cash
T100513,C1383,male,21,Nashik,Furniture,4,1581.37,6325.48,2025-08-05,Card
T101006,C1598,Female,59,None,Electronics,4,3598.62,14394.48,2025-01-27,UPI
T101846,C1031,Other,18,Surat,Fashion,6,1695.03,10170.18,2025-03-25,UPI
T100317,N/A,Male,35,Vadodara,Groceries,7,4126.98,28888.86,2025-12-31,UPI
T101743,C1492,Male,68,Pune,Groceries,2,4508.99,9017.98,2025-12-16,UPI
T101717,C1188,Other,50,null,Electronics,6,3404.16,20424.96,2025-11-12,UPI
T100422,C1127,N/A,51,Mumbai,Electronics,6,1830.64,10983.84,2025-05-01,Cash
T101625,C1579,Other,23,Mumbai,Beauty,5,4397.66,21988.3,2025-07-17,Wallet
T101173,C1231,Female,70,Vadodara,Fashion,2,4127.25,8254.5,2025-10-19,Wallet
T100974,C1146,Female,65,Indore,Beauty,7,None,4753.84,2025-05-11,UPI
T101276,C1077,Other,70,Surat,Beauty,4,3000.09,12000.36,2025-08-04,Wallet
T101940,C1193,Female,49,Mumbai,Beauty,6,2507.48,15044.88,2025-10-19,UPI
T100442,C1260,Female,56,Indore,Groceries,2,3285.79,6571.58,2025-10-27,Cash
T100409,C1585,Male,43,Ahmedabad,Beauty,1,495.18,495.18,2025-11-26,Wallet
T101456,C1080,Female,68,Pune,Groceries,1,1373.37,1373.37,2025-01-28,Wallet
T101736,C1103,Male,25,Ahmedabad,Electronics,4,3893.8,15575.2,2025-09-28,Cash
T101130,C1175,Female,41,Surat,Beauty,1,880.39,880.39,2025-07-27,Cash
T101496,C1102,Other,70,Ahmedabad,Electronics,1,3365.41,3365.41,2025-09-17,Wallet
T100547,C1344,Other,30,Jaipur,Furniture,2,2439.61,null,2025-06-05,Wallet
T101804,C1368,Male,52,Pune,Beauty,1,2413.74,2413.74,2025-01-12,Cash
T100358,C1234,Other,53,Surat,fashion,3,3635.25,10905.75,2025-03-09,UPI
T100568,C1064,Male,29,Pune,Sports,2,3721.42,7442.84,2025-01-31,UPI
T101448,C1588,Male,21,Indore,Sports,6,1993.86,11963.16,2025-07-12,upi
T101308,C1126,Female,54,Rajkot,null,2,748.29,1496.58,2025-09-26,Card
T101855,C1471,Female,41,Ahmedabad,Groceries,3,2914.24,8742.72,2025-11-04,Card
T100035,C1100,Male,52,Delhi,Beauty,1,900.32,900.32,2025-02-28,UPI
T100934,C1306,Female,64,Nashik,Sports,3,851.55,2554.65,2025/02/30,UPI
T100800,C1176,female,65,Indore,Beauty,2,3460.06,6920.12,2025-02-11,upi
T101520,C1177,Female,57,Mumbai,Groceries,2,4391.11,8782.22,2025-03-06,UPI 
T100931,C1471,Female,22,Indore,Fashion,4,3184.35,12737.4,2025-09-12,UPI
T101693,C1515,Female,65,Surat,Sports,0,3499.73,13998.92,2025-08-11,Cash
T100902,C1041,Other,22,Mumbai,Electronics,5,4644.61,23223.05,2025-05-07,Cash
T100633,C1270,Other,34,N/A,Furniture,4,2629.36,10517.44,2025-09-18,Card
T101640,C1357,Other,47,Delhi,Electronics,5,4600.95,-500,2025-11-08,upi
T101690,C1402,Male,23,Ahmedabad,Furniture,1,603.28,603.28,2025-09-11,Wallet
T100720,C1154,Female,69,Pune,Furniture,5,796.81,3984.05,2025-04-12,UPI
T101737,C1536,Male,58,Ahmedabad,Groceries,1,2010.29,2010.29,2025-01-15,Cash
T101465,C1454,Female,32,Delhi,Sports,3,404.92,1214.76,2025-08-10,Wallet
T101912,C1163,Other,66,Jaipur,Beauty,4,2742.5,10970.0,2025-09-06,Cash
T101530,C1508,Male,None,Mumbai,fashion,1,315.72,315.72,2025-03-27,Cash
T100678,C1224,Male,29,Jaipur,Beauty,1,3738.3,3738.3,2025-10-01,UPI
T101699,C1246,Male,49,Mumbai,Fashion,6,3797.64,22785.84,2025-08-07,Wallet
T101866,C1249,Female,63,Jaipur,Beauty,6,2024.53,12147.18,2025-02-20,Wallet
T100544,C1047,Male,21,Ahmedabad,Electronics,1,594.02,594.02,2025-08-28,Wallet
T100256,C1294,Female,22,Nashik,Beauty,2,2525.51,5051.02,2025-05-14,Cash
T101507,C1067,Male,42,Indore,Fashion,6,854.37,5126.22,2025-08-05,Card
T100154,C1131,Female,64,Surat,Furniture,1,3541.0,3541.0,2025-03-20,UPI
T100939,C1178,Female,51,Nashik,Beauty,6,3854.82,23128.92,2025-03-20,Cash
T100124,C1473,Other,42,Ahmedabad,Furniture,3,3988.18,11964.54,2025-05-18,Card
T101845,C1251,Male,19,Indore,Furniture,7,4514.43,31601.01,N/A,Cash
T101203,C1186,Female,54,Nashik,Sports,1,2268.85,2268.85,2025-05-05,Card
T100679,C1442,Male,23,Ahmedabad,Groceries,3,2572.96,7718.88,2025-07-07,Card
T100753,C1115,Other,58,Pune,Groceries,7,4778.12,33446.84,2025-07-27,UPI
T101982,C1533,Male,55,Vadodara,Electronics,1,1528.73,1528.73,2025-03-29,Card
T100816,C1495,Female,52,Mumbai,Electronics,1,3191.34,3191.34,2025-09-03,Card
T101348,C1297,Other,28,Rajkot,Sports,2,4905.03,9810.06,2025-03-31,Cash
T101260,C1151,Other,47,Pune,Electronics,3,4619.01,13857.03,2025-12-02,UPI
T101052,C1158,Female,27,surat ,Furniture,7,2507.5,17552.5,2025-06-27,UPI
T100739,C1543,Other,56,Pune,Groceries,6,1424.39,8546.34,2025-11-13,Cash
T101534,C1535,Female,52,Surat,Sports,7,3288.15,23017.05,2025-06-27,Cash
T100581,C1149,MALE,42,Jaipur,Beauty,6,4964.67,29788.02,2025-06-05,CASH
T101538,C1246,Female,34,Pune,Beauty,2,2506.73,5013.46,2025-01-01,Card
T101194,C1167,Female,25,AHMEDABAD,Groceries,4,1123.62,4494.48,2025-05-17,CARD
T101518,C1283,Male,45,delhi,Beauty,2,3079.59,6159.18,15/01/2025,UPI
T100683,C1240,Male,57,Vadodara,Furniture,6,null,22329.18,2025-04-20,UPI
T100026,C1003,Other,42,Jaipur,Fashion,7,1840.46,12883.22,01-25-2025,UPI
T101379,C1567,Male,69,Jaipur,Beauty,1,467.11,467.11,2025-04-19,Card
T100929,C1286,Male,45,mumbai,Electronics,5,2143.8,10719.0,2025/02/30,Card
T101108,C1363,Male,45,Surat,Electronics,2,2759.81,5519.62,2025-08-19,Wallet
T101987,C1019,Male,66,Nashik, Electronics ,-5,3250.9,6501.8,2025-03-04,Cash
T101907,C1501,Other,70,Mumbai,Fashion,5,-100,1182.1,2025-11-12,UPI
T101787,C1332,Female,34,N/A,Electronics,unknown,2660.18,18621.26,2025-03-14,Card
T100839,C1314,Other,58,Surat,Beauty,5,3320.79,16603.95,2025-11-25,Cash
T100899,C1293,Male,47,Ahmedabad,Fashion,6,2031.09,wrong,2025-04-17,Wallet
T101014,C1401,Other,48,Mumbai,Fashion,4,3533.24,14132.96,2025-09-21,cash
T100012,C1097,Other,65,Jaipur,Sports,6,372.5,2235.0,2025-02-13,Card
T100758,C1065,Male,49,Delhi,Furniture,1,1248.53,1248.53,2025-11-17,Wallet
T101033,C1503,Female,61,Indore,Sports,4,-250.5,6176.72,2025-04-16,Wallet
T101972,C1247,Female,49,Mumbai,Groceries,2,185.37,370.74,2025-02-20,Cash
T101025,C1600,Other,49,Surat,None,2,362.18,724.36,2025/02/30,Wallet
T101257,C1403,Other,23,Surat,Furniture,5,2997.13,14985.65,2025-03-20,Wallet
T100266,C1414,Male,27,Delhi,Fashion,5,1266.88,6334.4,2025-03-29,UPI
T100432,C1485,Male,60,,Groceries,6,828.15,4968.9,2025-03-14,Wallet
T100481,C1486,Female,47,Vadodara,Furniture,1,228.36,228.36,2025-08-22,Wallet
T101205,C1571,Female,36,Vadodara,Furniture,1,3029.15,3029.15,2025-04-15,Wallet
T100490,C1081,Female,43,Indore,Groceries,1,67.15,67.15,2025-09-25,Cash
T101350,C1593,Male,52,Delhi,Electronics,2,2729.78,5459.56,2025-11-06,Card
T100112,C1322,Male,29,Mumbai,Fashion,1,1112.71,1112.71,2025-05-20,UPI 
T100930,C1524,Other,55,Vadodara,Fashion,5,4584.32,22921.6,2025-09-21,UPI
T100851,C1129,Other,59,Surat,Furniture,1,2905.83,2905.83,2025-02-22,Cash
T100127,C1078,Male,38,Mumbai,Groceries,None,453.62,1814.48,2025-08-27,Wallet
T101756,N/A,Female,30,Nashik,Groceries,6,2889.87,17339.22,2025-09-14,UPI
T100885,C1397,female,33,Ahmedabad,Furniture,7,1030.94,7216.58,2025-03-16,Card
T100738,C1101,Male,68,Jaipur,Beauty,3,2022.89,6068.67,2025-04-07,Card
T101818,C1406,Female,60,Delhi,Furniture,3,3984.92,11954.76,2025-12-10,Cash
T101337,C1487,Male,45,Ahmedabad,Groceries,6,1022.28,6133.68,2025-12-06,Wallet
T100057,C1391,other,62,Nashik,Furniture,6,234.88,1409.28,2025-10-22,UPI
T100651,C1278,Female,23,Surat,Sports,6,3760.71,22564.26,2025-11-14,UPI
T101411,C1443,Other,69,Mumbai,Electronics,6,2601.26,15607.56,2025-05-19,UPI
T100551,C1546,Other,69,Pune,Sports,7,4043.14,28301.98,2025-06-17,Cash
T101837,C1188,,56,delhi,Beauty,1,2633.16,2633.16,2025-08-02,UPI
T101992,C1005, M ,69,Vadodara,Sports,7,3856.52,26995.64,2025-12-11,Card
T101009,C1217,Other,28,Ahmedabad,Groceries,1,172.82,172.82,2025-09-29,upi
T100298,C1225,N/A,62,vadodara,Electronics,unknown,4498.83,17995.32,2025-02-01,Card
T100943,C1326,Other,46,None,Electronics,3,641.69,1925.07,2025-11-18,Wallet
T101463,C1187,Female,60,Ahmedabad,Electronics,6,488.56,2931.36,2025-10-28,Card
T101539,C1018,Female,64,Rajkot,Groceries,5,569.73,2848.65,2025-06-28,Wallet
T101861,C1599,Other,68,Nashik,Groceries,1,4428.61,4428.61,2025-06-13,Cash
T100160,C1575,Female,29,Mumbai,Fashion,2,3082.65,6165.3,2025-06-07,Wallet
T100690,C1118,Male,31,Mumbai,Groceries,2,3451.79,6903.58,2025-09-05,Cash
T100162,C1093, M ,40,Nashik,Electronics,3,2963.44,8890.32,2025-12-29,UPI
T100137,C1491,Other,38,Ahmedabad,Sports,2,1189.07,2378.14,2025-06-03,UPI
T100917,C1532,male,62,Jaipur,Fashion,7,3130.06,21910.42,2025-02-25,Card
T100806,C1268,Other,22,Pune,Furniture,3,1454.47,4363.41,2025-02-08,Cash
T100425,C1312,Other,47,Surat,Electronics,4,2624.83,10499.32,2025-11-26,Cash
T100412,C1031,Female,48,Jaipur,Fashion,5,1608.76,8043.8,2025-09-05,UPI
T101521,C1563,Other,67,Delhi,Electronics,3,78.01,234.03,2025-03-24,Card
T101997,C1467,female,66,Delhi,Furniture,6,2229.76,13378.56,2025-10-23,Card
T100407,C1180,Female,63,Mumbai,Sports,1,4643.14,4643.14,2025-06-17,Cash
T100631,C1358,Male,46,,Beauty,7,4284.33,29990.31,2025-06-01,Wallet
T100796,C1373,Female,39,Pune,Fashion,5,3105.56,15527.8,2025-12-05,UPI
T100944,C1058,Female,43,Jaipur,Fashion,7,4414.45,30901.15,2025-03-05,Cash
T101084,C1485,Male,24,Surat,Sports,7,1534.89,10744.23,not-a-date,Wallet
T100316,C1234,Other,39,Jaipur,Electronics,6,1766.36,10598.16,2025-07-15,Wallet
T101835,C1587,N/A,23,Jaipur,Sports,6,2223.4,13340.4,2025-11-14,UPI
T101208,C1194,MALE,53,Vadodara,Furniture,3,937.67,2813.01,2025-02-25,Cash
T101498,C1192,Male,69,Mumbai,Fashion,7,2529.42,17705.94,2025-08-21,Cash
T101552,C1120,Female,29,Rajkot,null,6,3381.5,20289.0,2025-10-20,Cash
T101477,C1360,Male,34,Pune,Fashion,1,352.15,352.15,2025-07-03,Card
T100182,C1394,Female,20,Mumbai,Sports,3,4170.22,12510.66,2025-04-21,UPI
T100928,C1360,Female,24,Indore,Furniture,6,682.14,4092.84,2025-09-02,Card
T100052,C1181,Other,NA,Nashik,Fashion,5,2790.87,13954.35,2025-02-26,Cash
T101414,C1169,MALE,67,Ahmedabad,grocery,6,1243.16,7458.96,2025-01-25,Card
T100879,C1571,FEMALE,70,Indore,Sports,3,3700.38,11101.14,2025-05-09,Wallet
T100478,C1560,Female,53,Surat,Sports,1,3369.8,3369.8,2025-11-16,UPI
T100167,C1408,Male,59,Rajkot,Beauty,3,1346.16,4038.48,2025-06-21,UPI
T101434,C1469,O,28,Delhi,Beauty,7,4310.41,30172.87,2025-02-26,Card
T101461,C1375,Female,66,Vadodara,Furniture,5,2799.32,13996.6,2025-05-06,Card
T100642,C1140,Other,68,Delhi,Electronics,2,2950.45,unknown,2025-09-14,Wallet
T100121,C1481,O,48,Pune,Sports,3,3711.36,11134.08,2025-03-21,UPI
T100580,C1488,Female,NA,Delhi,,3,-100,6149.43,2025-08-06,Cash
T101618,C1072,Other,25,,Furniture,6,935.1,5610.6,2025-08-17,Cash
T100069,C1466,Female,63,Delhi,Electronics,4,3250.74,13002.96,2025-01-07,Card
T100418,C1469,Female,51,Nashik,Fashion,6,727.95,4367.7,2025-07-20,Card
T100133,C1199,Male,23,Vadodara,Sports,5,2976.31,14881.55,2025-01-16,UPI
T101744,C1038,Other,32,Indore,Sports,5,4378.25,21891.25,2025-02-13,Wallet
T101722,C1357,Male,28,Indore,Groceries,3,2752.57,8257.71,2025-06-16,Wallet
T101945,C1033,Male,46,Pune,Beauty,2,1073.41,2146.82,2025-12-29,Cash
T100250,C1584,Male,64,Jaipur,Fashion,3,1574.85,4724.55,2025-06-03,Cash
T100066,C1435,Other,N/A,Surat,Sports,7,1473.54,10314.78,2025-06-07,Card
T100832,C1301,Female,59,Mumbai,Beauty,7,4684.54,32791.78,2025-03-17,Card
T101599,C1171,N/A,61,N/A,Beauty,2,1768.99,3537.98,2025-08-14,Wallet
T101634,C1309,Male,66,Mumbai,Sports,7,2263.16,15842.12,2025-05-28,Card
T100401,C1331,Female,19,Delhi,Sports,4,816.25,3265.0,2025-12-08,Cash
T100585,C1514,Female,None,Vadodara, Electronics ,1,1299.2,1299.2,2025/02/30,Cash
T101746,C1178,female,29,Surat,Furniture,2,2520.64,5041.28,2025-07-30,Cash
T101973,C1008,Female,49,Vadodara,Groceries,3,4376.5,13129.5,2025-05-07,Wallet
T100156,C1531,Other,23,Nashik,Electronics,3,-250.5,13645.8,2025-06-06,Wallet
T101401,C1471,Other,55,Nashik,Sports,3,2100.85,6302.55,2025-03-19,Wallet
T100021,C1254,Female,51,Rajkot,Sports,7,2917.62,20423.34,2025-06-05,UPI
T101252,C1317,m,52,Indore,Sports,5,4071.23,20356.15,2025-08-08,UPI
T101247,C1303,Other,59,Nashik,Electronics,6,558.6,3351.6,2025-11-13,UPI
T101869,C1423,Male,150,Surat,Furniture,3,224.52,673.56,2025-07-26,UPI
T101922,C1072,Female,70,surat ,Sports,3,2833.23,8499.69,2025-08-08,UPI
T100211,C1216,Other,28,Nashik,Electronics,4,1199.08,4796.32,2025-03-28,Cash
T100415,C1061,Male,32,Vadodara,N/A,4,1405.09,5620.36,2025-11-20,Cash
T101679,C1143,Male,41,surat ,Furniture,3,2153.38,6460.14,2025-01-04,wallet
T100564,C1431,Female,63,Mumbai,Fashion,3,3428.55,10285.65,2025-07-24,Card
