TransactionID,CustomerID,Age,Quantity,Price,TotalAmount,PurchaseDate,Month,Gender_Female,Gender_Male,Gender_Other,City_Ahmedabad,City_Delhi,City_Delhi Ncr,City_Indore,City_Jaipur,City_Mumbai,City_Nashik,City_Pune,City_Rajkot,City_Surat,City_Vadodara,ProductCategory_Beauty,ProductCategory_Electronics,ProductCategory_Fashion,ProductCategory_Furniture,ProductCategory_Groceries,ProductCategory_Sports,PaymentMode_Card,PaymentMode_Cash,PaymentMode_E-wallet,PaymentMode_UPI,PaymentMode_Wallet,DayOfWeek_Friday,DayOfWeek_Monday,DayOfWeek_Saturday,DayOfWeek_Sunday,DayOfWeek_Thursday,DayOfWeek_Tuesday,DayOfWeek_Wednesday,AgeGroup_18-25,AgeGroup_26-40,AgeGroup_41-60,AgeGroup_60+,Age_Normalized,Quantity_Normalized,Price_Normalized,TotalAmount_Normalized
T101243,C1480,40,7,2469.71,17287.97,2025-01-25,2025-01,0,0,1,0,0,0,0,0,0,0,0,1,0,0,0,0,0,1,0,0,0,0,0,1,0,0,0,1,0,0,0,0,0,1,0,0,0.4230769230769231,1.0,0.4891277746877686,0.4986036506195242
T101729,C1596,47,4,673.88,2695.52,2025-05-01,2025-05,0,1,0,0,1,0,0,0,0,0,0,0,0,0,0,0,0,0,1,0,1,0,0,0,0,0,0,0,0,1,0,0,0,0,1,0,0.5576923076923077,0.5,0.12591191788441117,0.07634360467353841
T101989,C1490,63,7,822.46,5757.22,2025-12-17,2025-12,1,0,0,0,0,0,0,0,0,1,0,0,0,0,0,0,0,0,1,0,0,0,0,1,0,0,0,0,0,0,0,1,0,0,0,1,0.8653846153846154,1.0,0.15596298730848965,0.16493966514815542
T100615,C1228,24,7,3292.33,23046.31,2025-01-25,2025-01,0,1,0,0,0,0,0,0,0,0,0,0,0,1,0,0,0,0,1,0,0,0,0,1,0,0,0,1,0,0,0,0,1,0,0,0,0.11538461538461539,1.0,0.6555069019568185,0.6652320723699916
T101703,C1416,22,1,2259.1,2259.1,2025-08-08,2025-08,0,1,0,0,0,0,0,0,0,0,0,0,0,1,0,0,0,0,0,1,1,0,0,0,0,1,0,0,0,0,0,0,1,0,0,0,0.07692307692307693,0.0,0.4465308186276988,0.0637149693688605
T101719,C1237,60,4,4822.06,19288.24,2025-01-01,2025-01,0,1,0,0,0,0,0,0,0,0,0,0,0,1,0,1,0,0,0,0,0,0,0,0,1,0,0,0,0,0,0,1,0,0,1,0,0.8076923076923077,0.5,0.9649026647115336,0.5564852333629551
T101146,C1004,35,6,436.73,2620.38,2025-03-15,2025-03,0,1,0,0,0,0,0,1,0,0,0,0,0,0,0,1,0,0,0,0,0,0,0,0,1,0,0,1,0,0,0,0,0,1,0,0,0.3269230769230769,0.8333333333333334,0.07794711027961773,0.07416928714273438
T100552,C1233,33,3,567.85,1703.55,2025-12-18,2025-12,0,1,0,0,1,0,0,0,0,0,0,0,0,0,0,0,0,0,1,0,0,0,0,0,1,0,0,0,0,1,0,0,0,1,0,0,0.28846153846153844,0.3333333333333333,0.10446680487434899,0.047639082966968255
T100451,C1254,28,6,3436.92,20621.52,2025-03-26,2025-03,0,0,1,0,0,0,0,0,1,0,0,0,0,0,0,1,0,0,0,0,0,0,0,1,0,0,0,0,0,0,0,1,0,1,0,0,0.19230769230769232,0.8333333333333334,0.6847509733528846,0.5950662032521007
T101666,C1254,44,1,4281.72,4281.72,2025-12-10,2025-12,1,0,0,0,0,0,0,0,0,0,0,0,0,1,0,0,1,0,0,0,1,0,0,0,0,0,0,0,0,0,0,1,0,0,1,0,0.5,0.0,0.8556161197350458,0.12224329148963323
T100913,C1392,53,5,3943.94,19719.7,2025-08-09,2025-08,0,1,0,0,1,0,0,0,0,0,0,0,0,0,0,1,0,0,0,0,0,0,0,1,0,0,0,1,0,0,0,0,0,0,1,0,0.6730769230769231,0.6666666666666666,0.7872983769024624,0.5689703417185673
T100428,C1094,18,6,1296.49,7778.94,2025-03-18,2025-03,1,0,0,0,0,0,0,0,1,0,0,0,0,0,1,0,0,0,0,0,0,0,0,1,0,0,0,0,0,0,1,0,1,0,0,0,0.0,0.8333333333333334,0.251837993628963,0.22344194407252507
T100385,C1494,50,1,902.48,902.48,2025-09-11,2025-09,0,1,0,0,1,0,0,0,0,0,0,0,0,0,1,0,0,0,0,0,0,0,0,1,0,0,0,0,0,1,0,0,0,0,1,0,0.6153846153846154,0.0,0.17214744400060678,0.02445861258632958
T101716,C1457,70,1,607.67,607.67,2025-11-24,2025-11,1,0,0,0,0,0,1,0,0,0,0,0,0,0,1,0,0,0,0,0,0,0,0,0,1,0,1,0,0,0,0,0,0,0,0,1,1.0,0.0,0.11252060474288313,0.015927729551243892
T101138,C1117,28,4,4821.53,19286.12,2025-04-21,2025-04,0,1,0,0,0,0,0,0,0,1,0,0,0,0,0,0,0,0,1,0,0,0,0,1,0,0,1,0,0,0,0,0,0,1,0,0,0.19230769230769232,0.5,0.9647954694847549,0.5564238871669834
T101799,C1055,60,1,4876.26,4876.26,2025-05-04,2025-05,1,0,0,0,0,0,0,0,0,0,0,0,0,1,0,1,0,0,0,0,0,0,0,0,1,0,0,0,1,0,0,0,0,0,1,0,0.8076923076923077,0.0,0.97586489356323,0.13944742703347449
T100967,C1068,56,2,3901.4,7802.8,2025-10-09,2025-10,0,0,1,0,1,0,0,0,0,0,0,0,0,0,0,0,0,1,0,0,1,0,0,0,0,0,0,0,0,1,0,0,0,0,1,0,0.7307692307692307,0.16666666666666666,0.7786944430398948,0.2241323781460543
T101658,C1160,49,7,1150.95,8056.65,2025-08-29,2025-08,0,0,1,0,0,0,0,0,0,0,1,0,0,0,1,0,0,0,0,0,0,0,0,1,0,1,0,0,0,0,0,0,0,0,1,0,0.5961538461538461,1.0,0.22240177984527484,0.2314780063759532
T100789,C1421,62,5,2086.16,10430.8,2025-08-13,2025-08,1,0,0,0,0,0,0,1,0,0,0,0,0,0,0,1,0,0,0,0,0,0,0,1,0,0,0,0,0,0,0,1,0,0,0,1,0.8461538461538461,0.6666666666666666,0.41155281387470294,0.30017851164290027
T101355,C1045,28,3,3040.66,9121.98,2025-02-03,2025-02,1,0,0,0,0,0,0,0,0,0,0,0,1,0,0,0,0,0,1,0,0,1,0,0,0,0,1,0,0,0,0,0,0,1,0,0,0.19230769230769232,0.3333333333333333,0.6046053496485816,0.2623053379582192
T101844,C1293,36,5,2745.79,13728.95,2025-10-23,2025-10,0,0,1,0,0,0,0,0,0,0,0,0,1,0,0,0,0,1,0,0,0,0,0,0,1,0,0,0,0,1,0,0,0,1,0,0,0.34615384615384615,0.6666666666666666,0.5449663750821662,0.395616698550291
T101386,C1583,54,5,502.69,2513.45,2025-01-31,2025-01,0,1,0,0,0,0,0,0,0,0,0,0,0,1,0,0,0,0,1,0,1,0,0,0,0,1,0,0,0,0,0,0,0,0,1,0,0.6923076923076923,0.6666666666666666,0.09128785963492947,0.07107506604120555
T101784,C1411,60,2,3626.35,7252.7,2025-12-23,2025-12,0,1,0,0,1,0,0,0,0,0,0,0,0,0,0,0,0,0,1,0,0,0,0,1,0,0,0,0,0,0,1,0,0,0,1,0,0.8076923076923077,0.16666666666666666,0.7230641654447084,0.20821419776682484
T100889,C1340,66,6,3883.8,23302.8,2025-09-03,2025-09,0,0,1,0,0,0,0,0,0,0,1,0,0,0,0,0,0,0,1,0,0,0,0,1,0,0,0,0,0,0,0,1,0,0,0,1,0.9230769230769231,0.8333333333333334,0.7751347524902665,0.6726540939760061
T101604,C1170,33,7,1498.99,10492.93,2025-02-01,2025-02,0,1,0,0,0,0,0,1,0,0,0,0,0,0,1,0,0,0,0,0,0,0,0,1,0,0,0,1,0,0,0,0,0,1,0,0,0.28846153846153844,1.0,0.29279466046417557,0.30197636030125613
T101886,C1143,64,7,4625.87,32381.09,2025-01-22,2025-01,0,0,1,1,0,0,0,0,0,0,0,0,0,0,0,0,0,1,0,0,0,0,0,0,1,0,0,0,0,0,0,1,0,0,0,1,0.8846153846153846,1.0,0.9252222278404206,0.9353515267245153
T100712,C1050,37,5,91.3,456.5,2025-05-22,2025-05,0,1,0,0,0,0,0,0,0,0,0,0,1,0,1,0,0,0,0,0,0,1,0,0,0,0,0,0,0,1,0,0,0,1,0,0,0.36538461538461536,0.6666666666666666,0.008082115588815289,0.011553340662081713
T100373,C1510,47,6,2504.3,15025.8,2025-11-11,2025-11,0,0,1,0,0,0,0,0,0,0,0,0,0,1,0,1,0,0,0,0,0,0,0,0,1,0,0,0,0,0,1,0,0,0,1,0,0.5576923076923077,0.8333333333333334,0.49612378014865754,0.4331434977228118
T101880,C1113,41,4,2521.12,10084.48,2025-07-28,2025-07,0,0,1,0,0,0,0,1,0,0,0,0,0,0,0,0,0,0,1,0,0,0,0,1,0,0,1,0,0,0,0,0,0,0,1,0,0.4423076923076923,0.5,0.4995257116852909,0.2901570896670146
T100601,C1398,41,1,3786.66,3786.66,2025-01-12,2025-01,0,0,1,1,0,0,0,0,0,0,0,0,0,0,0,0,0,0,0,1,0,0,0,0,1,0,0,0,1,0,0,0,0,0,1,0,0.4423076923076923,0.0,0.7554876877180563,0.10791779725487348
T100486,C1416,50,2,1772.89,3545.78,2025-07-20,2025-07,0,1,0,0,0,0,0,0,0,0,0,1,0,0,0,0,0,0,1,0,0,1,0,0,0,0,0,0,1,0,0,0,0,0,1,0,0.6153846153846154,0.16666666666666666,0.3481923446427669,0.10094748042202711
T100360,C1516,66,1,2809.66,2809.66,2025-07-25,2025-07,0,0,1,0,0,0,0,0,0,0,0,0,1,0,0,0,0,1,0,0,0,0,0,0,1,1,0,0,0,0,0,0,0,0,0,1,0.9230769230769231,0.0,0.5578844111847094,0.07964646071514038
T100359,C1077,44,1,473.66,473.66,2025-01-23,2025-01,0,1,0,0,0,0,0,0,1,0,0,0,0,0,0,0,0,0,0,1,1,0,0,0,0,0,0,0,0,1,0,0,0,0,1,0,0.5,0.0,0.08541639277949134,0.012049897606832808
T100658,C1470,28,4,743.11,2972.44,2025-08-19,2025-08,1,0,0,0,0,0,0,0,0,0,0,1,0,0,0,1,0,0,0,0,0,0,0,0,1,0,0,0,0,0,1,0,0,1,0,0,0.19230769230769232,0.5,0.13991404156343226,0.08435680683790166
T100391,C1411,50,5,3573.07,17865.35,2025-01-03,2025-01,1,0,0,1,0,0,0,0,0,0,0,0,0,0,0,0,0,1,0,0,0,1,0,0,0,1,0,0,0,0,0,0,0,0,1,0,0.6153846153846154,0.6666666666666666,0.7122880113262882,0.5153112292186143
T101891,C1524,34,3,2594.64,7783.92,2025-02-18,2025-02,0,1,0,0,0,0,0,0,0,1,0,0,0,0,0,1,0,0,0,0,0,0,0,0,1,0,0,0,0,0,1,0,0,1,0,0,0.3076923076923077,0.3333333333333333,0.514395509935784,0.22358604975928853
T101923,C1513,50,7,332.29,2326.03,2025-03-29,2025-03,1,0,0,0,1,0,0,0,0,0,0,0,0,0,0,0,0,0,0,1,0,0,0,1,0,0,0,1,0,0,0,0,0,0,1,0,0.6153846153846154,1.0,0.056823582949891295,0.06565171507469914
T100951,C1187,33,2,2475.31,4950.62,2025-10-05,2025-10,0,1,0,0,1,0,0,0,0,0,0,0,0,0,0,0,0,1,0,0,1,0,0,0,0,0,0,0,1,0,0,0,0,1,0,0,0.28846153846153844,0.16666666666666666,0.49026040349901395,0.14159917379406256
T101935,C1503,29,5,3019.37,15096.85,2025-06-01,2025-06,0,0,1,0,0,0,0,0,0,0,0,0,1,0,0,1,0,0,0,0,0,0,0,0,1,0,0,0,1,0,0,0,0,1,0,0,0.21153846153846154,0.6666666666666666,0.6002993376144005,0.43519946339440657
T100309,C1527,39,3,4066.2,12198.6,2025-08-26,2025-08,0,0,1,0,0,0,0,0,0,1,0,0,0,0,0,0,0,0,0,1,0,0,0,1,0,0,0,0,0,0,1,0,0,1,0,0,0.40384615384615385,0.3333333333333333,0.8120260909136876,0.35133313675542865
T101806,C1484,28,2,2884.35,5768.7,2025-03-28,2025-03,1,0,0,0,0,0,0,1,0,0,0,0,0,0,1,0,0,0,0,0,0,0,0,0,1,1,0,0,0,0,0,0,0,1,0,0,0.19230769230769232,0.16666666666666666,0.5729908479546948,0.1652718605867185
T100627,C1060,67,6,1146.6,6879.6,2025-12-17,2025-12,0,1,0,0,0,0,0,0,0,0,1,0,0,0,0,0,0,0,0,1,0,1,0,0,0,0,0,0,0,0,0,1,0,0,0,1,0.9423076923076923,0.8333333333333334,0.22152196996511098,0.19741784601352452
T101718,C1339,24,7,4779.85,33458.95,2025-08-11,2025-08,0,0,1,0,0,0,0,1,0,0,0,0,0,0,0,0,0,0,0,1,0,0,0,0,1,0,1,0,0,0,0,0,1,0,0,0,0.11538461538461539,1.0,0.9563654750467715,0.9665414374744812
T101782,C1422,56,7,2034.9,14244.3,2025-09-29,2025-09,0,0,1,1,0,0,0,0,0,0,0,0,0,0,1,0,0,0,0,0,0,1,0,0,0,0,1,0,0,0,0,0,0,0,1,0,0.7307692307692307,1.0,0.40118521514891037,0.41052932217951454
T101637,C1357,40,4,2890.81,11563.24,2025-04-30,2025-04,0,0,1,0,0,0,0,0,0,0,1,0,0,0,0,0,0,0,1,0,1,0,0,0,0,0,0,0,0,0,0,1,0,1,0,0,0.4230769230769231,0.5,0.5742974161905243,0.33294779757028553
T101336,C1078,63,1,3807.79,3807.79,2025-02-20,2025-02,1,0,0,0,0,0,0,0,0,0,0,1,0,0,0,0,0,0,1,0,0,1,0,0,0,0,0,0,0,1,0,0,0,0,0,1,0.8653846153846154,0.0,0.759761338929059,0.10852923363264683
T100510,C1536,37,4,3897.52,15590.08,2025-10-25,2025-10,1,0,0,0,0,0,0,0,0,0,0,0,1,0,0,0,0,0,1,0,1,0,0,0,0,0,0,1,0,0,0,0,0,1,0,0,0.36538461538461536,0.5,0.7779096930778177,0.44947200312981345
T100148,C1018,62,1,3633.52,3633.52,2025-12-28,2025-12,0,0,1,0,0,0,0,0,0,0,0,1,0,0,1,0,0,0,0,0,0,1,0,0,0,0,0,0,1,0,0,0,0,0,0,1,0.8461538461538461,0.0,0.7245143348333923,0.10348640270247356
T100648,C1171,63,3,1942.25,5826.75,2025-06-30,2025-06,0,1,0,1,0,0,0,0,0,0,0,0,0,0,0,0,1,0,0,0,0,1,0,0,0,0,1,0,0,0,0,0,0,0,0,1,0.8653846153846154,0.3333333333333333,0.3824462759771452,0.16695164675471388
T100215,C1338,37,1,358.43,358.43,2025-10-12,2025-10,1,0,0,0,0,0,0,0,0,1,0,0,0,0,1,0,0,0,0,0,0,0,0,0,1,0,0,0,1,0,0,0,0,1,0,0,0.36538461538461536,0.0,0.062110532436668864,0.00871550036069827
T100423,C1519,33,2,1252.69,2505.38,2025-06-10,2025-06,0,0,1,0,0,0,0,0,0,0,1,0,0,0,0,0,0,0,0,1,1,0,0,0,0,0,0,0,0,0,1,0,0,1,0,0,0.28846153846153844,0.16666666666666666,0.24297921828386512,0.07084154538012505
T100205,C1423,42,4,2601.81,10407.24,2025-02-09,2025-02,0,1,0,0,0,0,0,0,1,0,0,0,0,0,0,0,0,0,0,1,0,1,0,0,0,0,0,0,1,0,0,0,0,0,1,0,0.46153846153846156,0.5,0.5158456793244678,0.29949675863483877
T100914,C1399,32,4,4733.12,18932.48,2025-05-10,2025-05,1,0,0,0,0,0,0,0,0,0,0,0,1,0,0,0,1,0,0,0,0,0,0,0,1,0,0,1,0,0,0,0,0,1,0,0,0.2692307692307692,0.5,0.9469140921272184,0.5461906471936864
T100049,C1272,20,4,1133.32,4533.28,2025-07-21,2025-07,1,0,0,0,0,0,0,0,0,1,0,0,0,0,1,0,0,0,0,0,1,0,0,0,0,0,1,0,0,0,0,0,1,0,0,0,0.038461538461538464,0.5,0.2188360216413005,0.12952265425312887
T101233,C1216,65,3,2216.24,6648.72,2025-05-12,2025-05,1,0,0,0,0,0,0,1,0,0,0,0,0,0,1,0,0,0,0,0,0,1,0,0,0,0,1,0,0,0,0,0,0,0,0,1,0.9038461538461539,0.3333333333333333,0.43786216311877424,0.1907368980296007
T100245,C1054,23,1,1274.5,1274.5,2025-05-04,2025-05,0,1,0,0,0,0,0,0,0,1,0,0,0,0,0,0,1,0,0,0,0,1,0,0,0,0,0,0,1,0,0,0,1,0,0,0,0.09615384615384616,0.0,0.24739040299337617,0.035223712503946264
T100236,C1107,53,4,3963.26,15853.04,2025-07-24,2025-07,1,0,0,0,1,0,0,0,0,0,0,0,0,0,0,0,0,1,0,0,1,0,0,0,0,0,0,0,0,1,0,0,0,0,1,0,0.6730769230769231,0.5,0.7912059463012591,0.45708124638108083
T100297,C1242,23,6,418.39,2510.34,2025-08-30,2025-08,1,0,0,0,0,0,0,0,0,1,0,0,0,0,1,0,0,0,0,0,1,0,0,0,0,0,0,1,0,0,0,0,1,0,0,0,0.09615384615384616,0.8333333333333334,0.07423775092278909,0.07098507232919064
T101234,C1399,66,2,4303.38,8606.76,2025-01-05,2025-01,0,1,0,0,1,0,0,0,0,0,0,0,0,0,0,0,0,0,0,1,0,1,0,0,0,0,0,0,1,0,0,0,0,0,0,1,0.9230769230769231,0.16666666666666666,0.8599969661728271,0.2473964761240316
T100523,C1375,50,4,1066.96,4267.84,2025-05-11,2025-05,0,0,1,0,0,0,0,0,0,0,1,0,0,0,1,0,0,0,0,0,1,0,0,0,0,0,0,0,1,0,0,0,0,0,1,0,0.6153846153846154,0.5,0.20541437022804268,0.12184164752732872
T101492,C1562,48,4,1139.7,4558.8,2025-12-29,2025-12,1,0,0,1,0,0,0,0,0,0,0,0,0,0,0,0,0,0,1,0,1,0,0,0,0,0,1,0,0,0,0,0,0,0,1,0,0.5769230769230769,0.5,0.2201264094655408,0.13026112355557923
T101070,C1515,65,4,1788.12,7152.48,2025-10-26,2025-10,1,0,0,0,0,0,0,0,0,0,0,0,1,0,0,0,0,0,0,1,0,1,0,0,0,0,0,0,1,0,0,0,0,0,0,1,0.9038461538461539,0.5,0.35127269049906457,0.20531414316292304
T101986,C1021,50,3,1484.37,4453.11,2025-11-22,2025-11,1,0,0,0,0,0,0,0,0,1,0,0,0,0,0,0,0,0,1,0,0,0,0,1,0,0,0,1,0,0,0,0,0,0,1,0,0.6153846153846154,0.3333333333333333,0.2898376902462456,0.12720278419131678
T100900,C1031,25,1,1535.79,1535.79,2025-07-12,2025-07,0,1,0,0,0,0,0,0,0,1,0,0,0,0,0,0,1,0,0,0,0,0,0,0,1,0,0,1,0,0,0,0,1,0,0,0,0.1346153846153846,0.0,0.30023764979521667,0.04278463115744356
T100600,C1072,43,2,4466.69,8933.38,2025-08-17,2025-08,0,0,1,0,0,0,0,0,0,0,0,1,0,0,0,1,0,0,0,0,0,0,0,1,0,0,0,0,1,0,0,0,0,0,1,0,0.4807692307692308,0.16666666666666666,0.8930272538807705,0.25684784146753986
T100212,C1406,27,1,707.11,707.11,2025-11-02,2025-11,0,1,0,0,0,0,0,0,0,0,0,1,0,0,0,0,0,1,0,0,0,1,0,0,0,0,0,0,1,0,0,0,0,1,0,0,0.17307692307692307,0.0,0.13263285634828337,0.018805213384929728
T100986,C1585,68,5,2769.37,13846.85,2025-07-22,2025-07,0,1,0,1,0,0,0,0,0,0,0,0,0,0,0,0,0,1,0,0,0,1,0,0,0,0,0,0,0,0,1,0,0,0,0,1,0.9615384615384616,0.6666666666666666,0.5497355513980886,0.39902835727908786
T101930,C1402,43,2,4177.05,8354.1,2025-01-19,2025-01,0,0,1,0,0,0,0,0,0,0,0,1,0,0,0,0,0,0,1,0,0,0,0,1,0,0,0,0,1,0,0,0,0,0,1,0,0.4807692307692308,0.16666666666666666,0.8344460737220003,0.24008528278715446
T101187,C1010,24,3,824.74,2474.22,2025-03-06,2025-03,0,0,1,1,0,0,0,0,0,0,0,0,0,0,0,0,0,0,0,1,0,1,0,0,0,0,0,0,0,1,0,0,1,0,0,0,0.11538461538461539,0.3333333333333333,0.15642412903878242,0.06993987204688239
T101360,C1568,18,1,2010.56,2010.56,2025-06-06,2025-06,1,0,0,0,0,0,0,0,0,0,0,1,0,0,1,0,0,0,0,0,0,1,0,0,0,1,0,0,0,0,0,0,1,0,0,0,0.0,0.0,0.3962623249228902,0.056522995997739446
T100602,C1380,18,5,811.54,4057.7,2025-10-16,2025-10,1,0,0,0,0,0,0,0,1,0,0,0,0,0,0,0,1,0,0,0,0,0,0,1,0,0,0,0,0,1,0,0,1,0,0,0,0.0,0.6666666666666666,0.15375436112656116,0.11576085053607026
T100871,C1421,43,4,2268.27,9073.08,2025-11-17,2025-11,0,0,1,0,1,0,0,0,0,0,0,0,0,0,0,0,0,0,0,1,0,1,0,0,0,0,1,0,0,0,0,0,0,0,1,0,0.4807692307692308,0.5,0.44838549830611313,0.26089032428698794
T100835,C1005,23,7,3890.41,27232.87,2025-02-06,2025-02,1,0,0,0,0,0,0,1,0,0,0,0,0,0,0,1,0,0,0,0,0,0,0,1,0,0,0,0,0,1,0,0,1,0,0,0,0.09615384615384616,1.0,0.7764716589978257,0.7863780771845105
T100785,C1511,51,4,2097.29,8389.16,2025-02-19,2025-02,0,1,0,1,0,0,0,0,0,0,0,0,0,0,1,0,0,0,0,0,0,0,0,0,1,0,0,0,0,0,0,1,0,0,1,0,0.6346153846153846,0.5,0.41380391363705316,0.2410998099714769
T100169,C1442,69,1,4347.3,4347.3,2025-11-25,2025-11,0,1,0,0,0,0,0,0,0,0,0,0,1,0,0,0,0,0,1,0,0,0,0,0,1,0,0,0,0,0,1,0,0,0,0,1,0.9807692307692307,0.0,0.8688800121353087,0.1241409724008673
T101311,C1208,65,5,2234.87,11174.35,2025-04-24,2025-04,0,0,1,0,0,0,0,0,0,0,0,0,1,0,0,0,0,0,0,1,0,0,0,0,1,0,0,0,0,1,0,0,0,0,0,1,0.9038461538461539,0.6666666666666666,0.4416301764676138,0.3216945324045365
T100220,C1015,57,5,521.05,2605.25,2025-08-16,2025-08,0,0,1,1,0,0,0,0,0,0,0,0,0,0,0,0,0,0,1,0,0,1,0,0,0,0,0,1,0,0,0,0,0,0,1,0,0.75,0.6666666666666666,0.0950012640946554,0.07373147207431456
T100979,C1326,49,1,3075.8,3075.8,2025-05-04,2025-05,0,0,1,0,1,0,0,0,0,0,0,0,0,0,0,0,0,0,1,0,0,1,0,0,0,0,0,0,1,0,0,0,0,0,1,0,0.5961538461538461,0.0,0.6117125954391465,0.08734772326036513
T100237,C1467,43,2,1545.62,3091.24,2025-01-02,2025-01,0,1,0,0,0,0,0,0,1,0,0,0,0,0,0,1,0,0,0,0,0,1,0,0,0,0,0,0,0,1,0,0,0,0,1,0,0.4807692307692308,0.16666666666666666,0.302225817869242,0.08779450876310153
T101826,C1556,63,7,267.5,1872.5,2025-11-11,2025-11,0,1,0,0,0,0,0,0,0,0,0,0,1,0,1,0,0,0,0,0,0,1,0,0,0,0,0,0,0,0,1,0,0,0,0,1,0.8653846153846154,1.0,0.0437194721140719,0.05252796966951473
T100098,C1361,54,7,4445.16,31116.12,2025-06-21,2025-06,0,1,0,0,0,0,0,0,0,0,0,0,1,0,1,0,0,0,0,0,1,0,0,0,0,0,0,1,0,0,0,0,0,0,1,0,0.6923076923076923,1.0,0.8886727006118218,0.8987472354423595
T100745,C1380,64,5,441.47,2207.35,2025-02-05,2025-02,0,0,1,1,0,0,0,0,0,0,0,0,0,0,0,0,0,1,0,0,0,1,0,0,0,0,0,0,0,0,0,1,0,0,0,1,0.8846153846153846,0.6666666666666666,0.07890579966627902,0.06221748557568631
T101200,C1473,25,4,4247.41,16989.64,2025-08-11,2025-08,0,0,1,0,0,0,0,0,0,0,0,0,0,1,0,0,1,0,0,0,1,0,0,0,0,0,1,0,0,0,0,0,1,0,0,0,0.1346153846153846,0.5,0.8486767457147191,0.4899709097496177
T101002,C1241,35,2,2692.78,5385.56,2025-04-05,2025-04,0,0,1,0,0,0,0,1,0,0,0,0,0,0,0,0,1,0,0,0,0,0,0,0,1,0,0,1,0,0,0,0,0,1,0,0,0.3269230769230769,0.16666666666666666,0.5342448298528594,0.15418498250909993
T100357,C1298,66,1,252.8,252.8,2025-03-05,2025-03,1,0,0,0,0,0,0,0,0,0,1,0,0,0,0,0,0,1,0,0,0,0,0,0,1,0,0,0,0,0,0,1,0,0,0,1,0.9230769230769231,0.0,0.04074632148455277,0.005658897209529379
T101633,C1416,36,2,427.0,854.0,2025-11-26,2025-11,0,0,1,0,0,0,0,1,0,0,0,0,0,0,0,0,1,0,0,0,1,0,0,0,0,0,0,0,0,0,0,1,0,1,0,0,0.34615384615384615,0.16666666666666666,0.07597916772007887,0.023055752406753057
T101597,C1282,47,4,968.93,3875.72,2025-11-05,2025-11,0,0,1,0,0,0,0,0,0,0,0,0,1,0,1,0,0,0,0,0,0,1,0,0,0,0,0,0,0,0,0,1,0,0,1,0,0.5576923076923077,0.5,0.18558729837690244,0.1104949162233777
T101681,C1227,35,3,3458.4,10375.2,2025-07-06,2025-07,0,1,0,0,0,0,0,0,0,0,0,1,0,0,0,0,0,0,1,0,0,1,0,0,0,0,0,0,1,0,0,0,0,1,0,0,0.3269230769230769,0.3333333333333333,0.6890954138645902,0.29856962084289096
T100143,C1441,56,3,2504.3,7512.9,2025-07-25,2025-07,1,0,0,0,0,0,0,0,0,0,0,0,0,1,0,1,0,0,0,0,0,0,0,1,0,1,0,0,0,0,0,0,0,0,1,0,0.7307692307692307,0.3333333333333333,0.49612378014865754,0.21574357521578957
T100022,C1421,23,4,1015.27,4061.08,2025-10-26,2025-10,0,1,0,0,0,0,0,0,1,0,0,0,0,0,0,0,0,0,1,0,0,0,0,0,1,0,0,0,1,0,0,0,1,0,0,0,0.09615384615384616,0.5,0.19495980178995803,0.11585865720700608
T101391,C1544,36,5,4405.73,22028.65,2025-06-04,2025-06,1,0,0,0,0,0,0,0,1,0,0,0,0,0,0,0,1,0,0,0,0,0,0,1,0,0,0,0,0,0,0,1,0,1,0,0,0.34615384615384615,0.6666666666666666,0.880697780249785,0.6357841620905395
T101270,C1242,45,1,3300.2,3300.2,2025-09-16,2025-09,1,0,0,0,0,0,0,0,0,0,0,1,0,0,0,0,0,1,0,0,0,0,1,0,0,0,0,0,0,0,1,0,0,0,1,0,0.5192307692307693,0.0,0.6570986499469079,0.09384116023018713
T100356,C1545,18,4,1399.11,5596.44,2025-07-29,2025-07,0,1,0,0,0,0,0,0,1,0,0,0,0,0,0,1,0,0,0,0,0,0,0,1,0,0,0,0,0,0,1,0,1,0,0,0,0.0,0.5,0.2725934165950346,0.16028719279517864
T101796,C1042,57,2,1895.59,3791.18,2025-11-22,2025-11,0,0,1,0,0,0,1,0,0,0,0,0,0,0,0,0,1,0,0,0,0,0,0,1,0,0,0,1,0,0,0,0,0,0,1,0,0.75,0.16666666666666666,0.37300905091773273,0.10804859197458647
T100168,C1282,23,1,1451.85,1451.85,2025-12-31,2025-12,0,1,0,0,0,0,0,0,0,0,0,1,0,0,0,0,1,0,0,0,0,1,0,0,0,0,0,0,0,0,0,1,1,0,0,0,0.09615384615384616,0.0,0.2832603529352278,0.04035566903958768
T100303,C1127,30,3,1027.14,3081.42,2025-08-11,2025-08,1,0,0,0,0,0,0,0,0,0,0,0,1,0,0,0,0,0,1,0,0,0,0,1,0,0,1,0,0,0,0,0,0,1,0,0,0.23076923076923078,0.3333333333333333,0.19736057035950855,0.0875103485534596
T100571,C1238,23,6,2820.08,16920.48,2025-07-13,2025-07,0,1,0,0,0,0,0,0,0,0,0,1,0,0,0,0,1,0,0,0,0,1,0,0,0,0,0,0,1,0,0,0,1,0,0,0,0.09615384615384616,0.8333333333333334,0.5599919097942053,0.4879696347904694
T100183,C1208,31,4,2706.96,10827.84,2025-01-26,2025-01,1,0,0,0,1,0,0,0,0,0,0,0,0,0,0,0,0,0,0,1,0,0,0,1,0,0,0,0,1,0,0,0,0,1,0,0,0.25,0.5,0.5371128078070486,0.3116676124205212
T101794,C1516,26,1,4265.37,4265.37,2025-04-08,2025-04,1,0,0,1,0,0,0,0,0,0,0,0,0,0,0,1,0,0,0,0,0,0,0,0,1,0,0,0,0,0,1,0,0,1,0,0,0.15384615384615385,0.0,0.8523092481164989,0.12177017342164485
T101041,C1522,48,3,4778.56,14335.68,2025-10-23,2025-10,1,0,0,0,0,0,0,0,0,0,0,1,0,0,0,0,0,0,0,1,0,0,0,0,1,0,0,0,0,1,0,0,0,0,1,0,0.5769230769230769,0.3333333333333333,0.9561045659098953,0.41317357472096883
T101071,C1163,65,3,4386.69,13160.07,2025-08-01,2025-08,0,0,1,0,0,0,0,1,0,0,0,0,0,0,1,0,0,0,0,0,0,1,0,0,0,1,0,0,0,0,0,0,0,0,0,1,0.9038461538461539,0.3333333333333333,0.8768468422915506,0.379155083472785
T100355,C1224,52,5,2565.45,12827.25,2025-06-19,2025-06,1,0,0,0,0,0,0,0,0,0,0,0,0,1,1,0,0,0,0,0,0,0,0,1,0,0,0,0,0,1,0,0,0,0,1,0,0.6538461538461539,0.6666666666666666,0.5084916822571673,0.3695243094429447
T101069,C1343,22,2,4320.06,8640.12,2025-07-27,2025-07,0,1,0,0,1,0,0,0,0,0,0,0,0,0,0,1,0,0,0,0,0,0,1,0,0,0,0,0,1,0,0,0,1,0,0,0,0.07692307692307693,0.16666666666666666,0.8633705819891794,0.24836181060403723
T100497,C1138,56,2,552.66,1105.32,2025-07-08,2025-07,0,1,0,0,0,0,1,0,0,0,0,0,0,0,0,0,1,0,0,0,0,0,0,1,0,0,0,0,0,0,1,0,0,0,1,0,0.7307692307692307,0.16666666666666666,0.10139454922384587,0.030328170317874572
T100029,C1323,54,4,2013.66,8054.64,2025-10-16,2025-10,0,0,1,0,0,0,0,0,0,0,0,0,0,1,0,1,0,0,0,0,0,0,0,0,1,0,0,0,0,1,0,0,0,0,1,0,0.6923076923076923,0.5,0.3968893158719725,0.2314198432373198
T101134,C1209,50,2,2504.3,5008.6,2025-04-28,2025-04,1,0,0,0,0,0,0,0,0,0,0,0,1,0,0,0,0,0,1,0,0,0,0,1,0,0,1,0,0,0,0,0,0,0,1,0,0.6153846153846154,0.16666666666666666,0.49612378014865754,0.14327693438011552
T101611,C1047,22,2,3954.08,7908.16,2025-01-08,2025-01,0,1,0,0,1,0,0,0,0,0,0,0,0,0,0,0,0,0,1,0,1,0,0,0,0,0,0,0,0,0,0,1,1,0,0,0,0.07692307692307693,0.16666666666666666,0.7893492440713961,0.22718116833830226
T101714,C1178,65,7,1869.68,13087.76,2025-07-08,2025-07,1,0,0,0,0,0,0,0,0,0,0,0,1,0,0,0,0,1,0,0,0,0,0,1,0,0,0,0,0,0,1,0,0,0,0,1,0.9038461538461539,1.0,0.3677686201142742,0.37706265732622607
T101612,C1580,32,7,4372.33,30606.31,2025-10-25,2025-10,0,1,0,0,0,0,0,0,0,0,0,0,1,0,0,1,0,0,0,0,1,0,0,0,0,0,0,1,0,0,0,0,0,1,0,0,0.2692307692307692,1.0,0.8739424584112858,0.8839949221554391
T100472,C1597,35,5,4179.97,20899.85,2025-10-18,2025-10,0,0,1,0,0,0,0,0,0,0,0,0,0,1,0,0,1,0,0,0,1,0,0,0,0,0,0,1,0,0,0,0,0,1,0,0,0.3269230769230769,0.6666666666666666,0.8350366587450069,0.603120206424162
T101192,C1500,68,7,3748.99,26242.93,2025-09-20,2025-09,0,1,0,1,0,0,0,0,0,0,0,0,0,0,0,0,0,0,1,0,1,0,0,0,0,0,0,1,0,0,0,0,0,0,0,1,0.9615384615384616,1.0,0.7478687364109824,0.7577322973542716
T101896,C1010,70,5,812.64,4063.2,2025-06-22,2025-06,1,0,0,0,0,0,0,0,0,0,0,1,0,0,0,0,1,0,0,0,1,0,0,0,0,0,0,0,1,0,0,0,0,0,0,1,1.0,0.6666666666666666,0.15397684178591292,0.11592000340297766
T100033,C1177,39,5,2263.71,11318.55,2025-06-06,2025-06,0,1,0,0,0,0,0,0,0,0,0,0,1,0,0,0,0,0,0,1,0,0,0,0,1,1,0,0,0,0,0,0,0,1,0,0,0.40384615384615385,0.6666666666666666,0.4474632148455276,0.32586723120599964
T101497,C1332,60,7,4153.68,29075.76,2025-07-22,2025-07,1,0,0,0,0,0,0,0,1,0,0,0,0,0,0,0,0,0,0,1,0,1,0,0,0,0,0,0,0,0,1,0,0,0,1,0,0.8076923076923077,1.0,0.8297193709864995,0.8397055729835982
T101505,C1070,48,6,1839.44,11036.64,2025-12-11,2025-12,0,1,0,1,0,0,0,0,0,0,0,0,0,0,0,1,0,0,0,0,0,1,0,0,0,0,0,0,0,1,0,0,0,0,1,0,0.5769230769230769,0.8333333333333334,0.3616524245335491,0.31770963398602403
T101593,C1539,32,3,4972.09,14916.27,2025-02-26,2025-02,0,1,0,0,1,0,0,0,0,0,0,0,0,0,0,0,1,0,0,0,0,0,0,1,0,0,0,0,0,0,0,1,0,1,0,0,0.2692307692307692,0.3333333333333333,0.9952470040956667,0.42997404072056317
T101904,C1370,39,1,1069.4,1069.4,2025-12-05,2025-12,0,0,1,0,0,0,0,0,1,0,0,0,0,0,0,1,0,0,0,0,0,0,0,1,0,1,0,0,0,0,0,0,0,1,0,0,0.40384615384615385,0.0,0.2059078727815139,0.029288757412544778
T100339,C1090,30,2,3800.39,7600.78,2025-06-26,2025-06,0,1,0,0,0,0,0,0,1,0,0,0,0,0,0,0,0,0,0,1,0,0,0,1,0,0,0,0,0,1,0,0,0,1,0,0,0.23076923076923078,0.16666666666666666,0.7582646508570561,0.21828654866012095
T100747,C1152,52,5,804.88,4024.4,2025-03-05,2025-03,0,0,1,0,0,0,0,0,0,1,0,0,0,0,0,0,0,0,1,0,0,0,0,0,1,0,0,0,0,0,0,1,0,0,1,0,0.6538461538461539,0.6666666666666666,0.1524073418617586,0.11479725226915817
T101515,C1414,25,4,1105.47,4421.88,2025-08-27,2025-08,1,0,0,0,1,0,0,0,0,0,0,0,0,0,1,0,0,0,0,0,0,1,0,0,0,0,0,0,0,0,0,1,1,0,0,0,0.1346153846153846,0.5,0.21320321585680338,0.12629908527613168
T101479,C1578,60,5,3636.64,18183.2,2025-04-09,2025-04,1,0,0,0,0,0,0,0,0,1,0,0,0,0,1,0,0,0,0,0,1,0,0,0,0,0,0,0,0,0,0,1,0,0,1,0,0.8076923076923077,0.6666666666666666,0.7251453708853718,0.5245088180816176
T101410,C1035,20,4,2557.65,10230.6,2025-08-10,2025-08,0,0,1,0,1,0,0,0,0,0,0,0,0,0,0,0,0,0,0,1,0,0,0,1,0,0,0,0,1,0,0,0,1,0,0,0,0.038461538461538464,0.5,0.5069140921272185,0.2943853472874709
T100792,C1520,36,4,3790.57,15162.28,2025-06-03,2025-06,1,0,0,0,0,0,0,1,0,0,0,0,0,0,0,0,0,1,0,0,0,0,0,0,1,0,0,0,0,0,1,0,0,1,0,0,0.34615384615384615,0.5,0.7562785053344795,0.4370928037729068
T100768,C1063,55,2,2556.34,5112.68,2025-03-01,2025-03,0,1,0,0,0,0,0,0,0,0,1,0,0,0,1,0,0,0,0,0,1,0,0,0,0,0,0,1,0,0,0,0,0,0,1,0,0.7115384615384616,0.16666666666666666,0.506649137887445,0.1462886853597014
T100795,C1244,61,7,686.39,4804.73,2025-08-07,2025-08,0,0,1,0,0,0,0,1,0,0,0,0,0,0,0,0,0,1,0,0,0,1,0,0,0,0,0,0,0,1,0,0,0,0,0,1,0.8269230769230769,1.0,0.12844212974667543,0.13737757165713146
T101128,C1569,36,4,580.4,2321.6,2025-11-04,2025-11,0,1,0,0,0,1,0,0,0,0,0,0,0,0,0,0,0,0,1,0,0,1,0,0,0,0,0,0,0,0,1,0,0,1,0,0,0.34615384615384615,0.5,0.10700510694240783,0.06552352467462644
T100788,C1126,43,3,2570.39,7711.17,2025-09-21,2025-09,1,0,0,0,0,0,0,0,0,1,0,0,0,0,0,0,1,0,0,0,0,0,0,0,1,0,0,0,1,0,0,0,0,0,1,0,0.4807692307692308,0.3333333333333333,0.5094908226728017,0.22148089138337698
T101137,C1322,34,7,2299.73,16098.11,2025-09-21,2025-09,0,0,1,0,0,0,0,0,0,1,0,0,0,0,0,0,0,0,1,0,0,0,0,1,0,0,0,0,1,0,0,0,0,1,0,0,0.3076923076923077,1.0,0.4547484451635738,0.46417280876162575
T101005,C1083,58,6,4756.34,28538.04,2025-07-23,2025-07,0,0,1,0,0,0,0,0,0,0,0,0,1,0,0,0,0,0,0,1,0,1,0,0,0,0,0,0,0,0,0,1,0,0,1,0,0.7692307692307693,0.8333333333333334,0.9516104565909895,0.8241456312393349
T101665,C1313,29,4,4685.71,18742.84,2025-02-05,2025-02,0,0,1,0,0,0,0,0,0,0,0,1,0,0,1,0,0,0,0,0,0,0,0,1,0,0,0,0,0,0,0,1,0,1,0,0,0.21153846153846154,0.5,0.9373251757091571,0.5407030563427191
T100703,C1579,27,1,1916.57,1916.57,2025-02-27,2025-02,0,0,1,0,0,0,0,0,0,0,0,0,0,1,0,0,0,0,0,1,1,0,0,0,0,0,0,0,0,1,0,0,0,1,0,0,0.17307692307692307,0.0,0.3772523638570056,0.053803218186716406
T101277,C1131,34,2,4031.19,8062.38,2025-01-22,2025-01,0,1,0,0,0,0,0,0,1,0,0,0,0,0,1,0,0,0,0,0,0,1,0,0,0,0,0,0,0,0,0,1,0,1,0,0,0.3076923076923077,0.16666666666666666,0.8049451382919552,0.23164381472638584
T101956,C1134,63,7,539.37,3775.59,2025-11-30,2025-11,0,1,0,0,0,0,0,0,0,1,0,0,0,0,0,0,0,0,1,0,0,1,0,0,0,0,0,0,1,0,0,0,0,0,0,1,0.8653846153846154,1.0,0.09870657834858673,0.10759746593911622
T100527,C1466,42,3,4838.31,14514.93,2025-05-12,2025-05,0,0,1,0,0,0,0,1,0,0,0,0,0,0,0,0,1,0,0,0,1,0,0,0,0,0,1,0,0,0,0,0,0,0,1,0,0.46153846153846156,0.3333333333333333,0.9681893108155939,0.4183605113379055
T100570,C1095,43,4,685.57,2742.28,2025-12-21,2025-12,0,1,0,0,0,0,0,0,0,0,0,0,0,1,0,0,0,0,1,0,1,0,0,0,0,0,0,0,1,0,0,0,0,0,1,0,0.4807692307692308,0.5,0.12827628052788592,0.07769669341110026
T100855,C1231,26,3,479.42,1438.26,2025-08-17,2025-08,1,0,0,0,0,0,0,0,0,0,1,0,0,0,0,0,0,0,1,0,1,0,0,0,0,0,0,0,1,0,0,0,0,1,0,0,0.15384615384615385,0.3333333333333333,0.08658138241391516,0.039962416773901936
T101235,C1252,20,4,2390.33,9561.32,2025-05-02,2025-05,0,0,1,0,0,0,0,0,0,0,0,0,0,1,0,0,0,0,1,0,1,0,0,0,0,1,0,0,0,0,0,0,1,0,0,0,0.038461538461538464,0.5,0.47307276128836523,0.27501846896678245
T100772,C1345,37,6,1049.12,6294.72,2025-09-02,2025-09,1,0,0,0,0,0,0,0,1,0,0,0,0,0,0,0,1,0,0,0,0,1,0,0,0,0,0,0,0,0,1,0,0,1,0,0,0.36538461538461536,0.8333333333333334,0.20180613844364664,0.18049324077774245
T100150,C1216,63,7,3932.26,27525.82,2025-08-16,2025-08,0,1,0,1,0,0,0,0,0,0,0,0,0,0,0,0,0,0,0,1,0,1,0,0,0,0,0,1,0,0,0,0,0,0,0,1,0.8653846153846154,1.0,0.7849360368104363,0.7948551376136965
T100538,C1468,69,7,3219.82,22538.74,2025-10-27,2025-10,0,0,1,0,0,0,0,1,0,0,0,0,0,0,0,0,0,1,0,0,0,0,0,0,1,0,1,0,0,0,0,0,0,0,0,1,0.9807692307692307,1.0,0.6408413814026395,0.6505445777052298
T100302,C1105,43,1,3319.97,3319.97,2025-09-11,2025-09,0,1,0,0,0,0,0,0,0,0,0,0,0,1,0,0,0,0,1,0,1,0,0,0,0,0,0,0,0,1,0,0,0,0,1,0,0.4807692307692308,0.0,0.6610972341608939,0.09441324244450701
T101081,C1412,60,4,653.2,2612.8,2025-10-11,2025-10,0,0,1,0,0,0,0,0,0,0,0,1,0,0,0,0,0,0,1,0,0,0,0,1,0,0,0,1,0,0,0,0,0,0,1,0,0.8076923076923077,0.5,0.12172928148859787,0.07394994555525108
T101335,C1469,20,5,1233.01,6165.05,2025-06-25,2025-06,0,1,0,0,0,0,0,0,1,0,0,0,0,0,0,0,0,1,0,0,0,1,0,0,0,0,0,0,0,0,0,1,1,0,0,0,0.038461538461538464,0.6666666666666666,0.23899883703291705,0.17674099491376374
T100485,C1193,29,1,615.47,615.47,2025-02-15,2025-02,1,0,0,0,0,0,0,0,0,0,0,0,0,1,0,0,1,0,0,0,0,0,0,0,1,0,0,1,0,0,0,0,0,1,0,0,0.21153846153846154,0.0,0.11409819487283207,0.016153437253403485
T101431,C1370,34,1,959.81,959.81,2025-08-21,2025-08,0,1,0,0,0,0,0,0,1,0,0,0,0,0,1,0,0,0,0,0,0,0,0,1,0,0,0,0,0,1,0,0,0,1,0,0,0.3076923076923077,0.0,0.1837427314557314,0.026117564197202552
T101306,C1585,43,6,4280.77,25684.62,2025-01-05,2025-01,0,1,0,0,0,0,0,0,0,0,0,0,0,1,1,0,0,0,0,0,0,1,0,0,0,0,0,0,1,0,0,0,0,0,1,0,0.4807692307692308,0.8333333333333334,0.8554239773474238,0.7415765451500768
T101993,C1057,28,1,2237.08,2237.08,2025-04-03,2025-04,0,1,0,0,0,0,1,0,0,0,0,0,0,0,0,1,0,0,0,0,0,0,0,0,1,0,0,0,0,1,0,0,0,1,0,0,0.19230769230769232,0.0,0.44207716033776606,0.06307777916353305
T101623,C1052,19,5,1300.68,6503.4,2025-08-21,2025-08,0,0,1,0,0,0,1,0,0,0,0,0,0,0,1,0,0,0,0,0,0,0,0,1,0,0,0,0,0,1,0,0,1,0,0,0,0.019230769230769232,0.6666666666666666,0.25268544268594834,0.18653178991705818
T100732,C1033,20,6,143.95,863.7,2025-09-30,2025-09,1,0,0,0,0,0,0,0,1,0,0,0,0,0,0,0,1,0,0,0,0,0,0,0,1,0,0,0,0,0,1,0,1,0,0,0,0.038461538461538464,0.8333333333333334,0.01873084896597057,0.023336440190207933
T101705,C1020,70,2,2677.34,5354.68,2025-04-14,2025-04,0,1,0,0,0,0,0,0,1,0,0,0,0,0,1,0,0,0,0,0,0,0,1,0,0,0,1,0,0,0,0,0,0,0,0,1,1.0,0.16666666666666666,0.5311220104161399,0.1532914115036271
T101887,C1350,62,3,4331.07,12993.21,2025-11-11,2025-11,1,0,0,0,0,0,0,0,0,0,0,0,0,1,0,0,0,1,0,0,0,1,0,0,0,0,0,0,0,0,1,0,0,0,0,1,0.8461538461538461,0.3333333333333333,0.8655974111341457,0.3743266748596633
T100096,C1494,32,5,3537.86,17689.3,2025-04-26,2025-04,1,0,0,0,0,0,0,0,1,0,0,0,0,0,0,1,0,0,0,0,0,1,0,0,0,0,0,1,0,0,0,0,0,1,0,0,0.2692307692307692,0.6666666666666666,0.7051666076755827,0.5102168906333329
T101652,C1172,63,1,2953.55,2953.55,2025-01-30,2025-01,0,1,0,0,0,0,0,0,0,0,0,0,0,1,0,0,0,1,0,0,1,0,0,0,0,0,0,0,0,1,0,0,0,0,0,1,0.8653846153846154,0.0,0.58698690397937,0.08381018908228696
T101598,C1366,33,7,4179.71,29257.97,2025-02-09,2025-02,0,1,0,0,1,0,0,0,0,0,0,0,0,0,0,0,1,0,0,0,0,0,0,0,1,0,0,0,1,0,0,0,0,1,0,0,0.28846153846153844,1.0,0.8349840724073418,0.844978162779816
T100756,C1284,60,4,3532.68,14130.72,2025-08-28,2025-08,0,0,1,0,0,0,0,0,0,0,1,0,0,0,1,0,0,0,0,0,0,1,0,0,0,0,0,0,0,1,0,0,0,0,1,0,0.8076923076923077,0.5,0.7041189260251807,0.4072426707934523
T100443,C1341,48,1,4832.13,4832.13,2025-03-19,2025-03,0,0,1,0,0,0,0,0,0,0,0,0,0,1,0,0,0,1,0,0,0,0,0,0,1,0,0,0,0,0,0,1,0,0,1,0,0.5769230769230769,0.0,0.9669393740203266,0.13817044230317926
T101926,C1047,57,1,4514.55,4514.55,2025-10-25,2025-10,1,0,0,0,0,0,0,0,0,1,0,0,0,0,0,0,1,0,0,0,0,0,0,1,0,0,0,1,0,0,0,0,0,0,1,0,0.75,0.0,0.9027071851140214,0.12898066639909694
T100904,C1593,70,5,712.47,3562.35,2025-04-26,2025-04,0,0,1,0,0,0,0,0,0,0,0,1,0,0,0,0,0,1,0,0,0,0,0,1,0,0,0,1,0,0,0,0,0,0,0,1,1.0,0.6666666666666666,0.13371694392476108,0.10142696460469176
T101214,C1151,19,1,4779.25,4779.25,2025-03-03,2025-03,1,0,0,0,0,0,0,1,0,0,0,0,0,0,0,0,1,0,0,0,0,0,0,0,1,0,1,0,0,0,0,0,1,0,0,0,0.019230769230769232,0.0,0.9562441219598523,0.13664025983007683
T100412,C1031,48,5,1608.76,8043.8,2025-09-05,2025-09,1,0,0,0,0,0,0,1,0,0,0,0,0,0,0,0,1,0,0,0,0,0,0,1,0,1,0,0,0,0,0,0,0,0,1,0,0.5769230769230769,0.6666666666666666,0.3149962077160338,0.23110616740508774
T101981,C1195,47,7,2811.3,19679.1,2025-10-11,2025-10,0,0,1,0,0,0,1,0,0,0,0,0,0,0,0,0,0,0,1,0,0,0,0,1,0,0,0,1,0,0,0,0,0,0,1,0,0.5576923076923077,1.0,0.5582161096222885,0.5677955041919417
T101918,C1465,25,7,1351.22,9458.54,2025-06-19,2025-06,0,1,0,1,0,0,0,0,0,0,0,0,0,0,0,0,0,0,0,1,0,0,0,1,0,0,0,0,0,1,0,0,1,0,0,0,0.1346153846153846,1.0,0.262907417707438,0.27204433593755656
T101830,C1152,36,5,4398.66,21993.3,2025-12-30,2025-12,1,0,0,0,0,0,0,0,0,0,0,0,1,0,0,0,0,0,0,1,0,0,1,0,0,0,0,0,0,0,1,0,0,1,0,0,0.34615384615384615,0.6666666666666666,0.8792678363755877,0.6347612432095981
T100616,C1015,50,4,4129.38,16517.52,2025-09-14,2025-09,0,0,1,0,0,0,0,0,0,0,1,0,0,0,1,0,0,0,0,0,0,0,0,1,0,0,0,0,1,0,0,0,0,0,1,0,0.6153846153846154,0.5,0.8248045709662739,0.47630922765428635
T101583,C1345,43,5,2191.43,10957.15,2025-08-30,2025-08,0,0,1,0,0,0,0,0,0,0,0,1,0,0,0,1,0,0,0,0,0,0,0,0,1,0,0,1,0,0,0,0,0,0,1,0,0.4807692307692308,0.6666666666666666,0.43284421297466746,0.3154094410059387
T100095,C1194,20,5,2941.46,14707.3,2025-05-29,2025-05,0,1,0,1,0,0,0,0,0,0,0,0,0,0,0,0,0,0,1,0,0,0,0,1,0,0,0,0,0,1,0,0,1,0,0,0,0.038461538461538464,0.6666666666666666,0.5845416392779491,0.4239270998846286
T101112,C1304,64,3,4435.64,13306.92,2025-11-29,2025-11,0,0,1,0,0,0,0,0,1,0,0,0,0,0,0,0,1,0,0,0,0,0,0,0,1,0,0,1,0,0,0,0,0,0,0,1,0.8846153846153846,0.3333333333333333,0.8867472316327047,0.38340446501921266
T100161,C1411,30,4,2720.72,10882.88,2025-01-12,2025-01,1,0,0,0,1,0,0,0,0,0,0,0,0,0,0,0,1,0,0,0,0,0,0,1,0,0,0,0,1,0,0,0,0,1,0,0,0.23076923076923078,0.5,0.5398958386003944,0.31326029856499094
T100530,C1485,58,6,4928.43,29570.58,2025-05-23,2025-05,0,1,0,0,0,0,0,0,1,0,0,0,0,0,0,0,0,0,1,0,0,0,0,0,1,1,0,0,0,0,0,0,0,0,1,0,0.7692307692307693,0.8333333333333334,0.98641654447085,0.8540241223659839
T100790,C1202,35,2,3993.59,7987.18,2025-12-13,2025-12,1,0,0,0,0,0,0,0,0,0,0,0,1,0,0,0,0,1,0,0,0,1,0,0,0,0,0,1,0,0,0,0,0,1,0,0,0.3269230769230769,0.16666666666666666,0.797340344845022,0.22946776098248828
T101039,C1107,70,1,1175.08,1175.08,2025-06-26,2025-06,0,0,1,0,0,0,1,0,0,0,0,0,0,0,0,0,1,0,0,0,0,1,0,0,0,0,0,0,0,1,0,0,0,0,0,1,1.0,0.0,0.22728219649087325,0.032346807407958277
T100149,C1089,46,2,1300.96,2601.92,2025-06-22,2025-06,1,0,0,0,0,0,1,0,0,0,0,0,0,0,1,0,0,0,0,0,0,0,0,1,0,0,0,0,1,0,0,0,0,0,1,0,0.5384615384615384,0.16666666666666666,0.2527420741265106,0.07363511224762334
T100775,C1093,38,5,2504.3,12521.5,2025-10-04,2025-10,0,0,1,0,0,0,0,0,1,0,0,0,0,0,1,0,0,0,0,0,0,0,0,1,0,0,0,1,0,0,0,0,0,1,0,0,0.38461538461538464,0.6666666666666666,0.49612378014865754,0.36067685688713774
T101295,C1030,47,6,2125.24,12751.44,2025-08-03,2025-08,1,0,0,0,0,0,0,0,0,0,0,0,0,1,0,1,0,0,0,0,0,1,0,0,0,0,0,0,1,0,0,0,0,0,1,0,0.5576923076923077,0.8333333333333334,0.41945694493603675,0.3673306041992629
T100561,C1221,52,1,3315.02,3315.02,2025-11-27,2025-11,0,1,0,0,0,0,0,0,1,0,0,0,0,0,1,0,0,0,0,0,0,0,0,1,0,0,0,0,0,1,0,0,0,0,1,0,0.6538461538461539,0.0,0.660096071193811,0.09427000486429035
T100501,C1184,43,4,647.51,2590.04,2025-07-30,2025-07,0,1,0,0,0,0,0,0,0,0,0,0,1,0,1,0,0,0,0,0,1,0,0,0,0,0,0,0,0,0,0,1,0,0,1,0,0.4807692307692308,0.5,0.1205784497143146,0.07329134205510336
T100084,C1263,33,3,1175.02,3525.06,2025-07-25,2025-07,0,0,1,0,0,0,0,0,0,0,1,0,0,0,0,0,0,0,0,1,0,0,0,1,0,1,0,0,0,0,0,0,0,1,0,0,0.28846153846153844,0.3333333333333333,0.22727006118218132,0.10034790816705959
T100380,C1072,48,7,4033.49,28234.43,2025-03-15,2025-03,0,1,0,0,0,0,0,0,0,0,0,0,0,1,0,1,0,0,0,0,0,1,0,0,0,0,0,1,0,0,0,0,0,0,1,0,0.5769230769230769,1.0,0.8054103251251453,0.8153601036171974
T101327,C1209,61,2,2309.54,4619.08,2025-09-12,2025-09,0,0,1,0,0,0,0,0,0,0,0,0,1,0,1,0,0,0,0,0,0,0,0,0,1,1,0,0,0,0,0,0,0,0,0,1,0.8269230769230769,0.16666666666666666,0.45673256813470187,0.13200543897688435
T100809,C1363,64,1,2143.62,2143.62,2025-12-26,2025-12,0,1,0,0,0,0,0,0,1,0,0,0,0,0,1,0,0,0,0,0,0,1,0,0,0,1,0,0,0,0,0,0,0,0,0,1,0.8846153846153846,0.0,0.42317439449866,0.0603733379015029
T101957,C1212,60,6,2804.62,16827.72,2025-11-03,2025-11,0,1,0,0,0,0,0,0,1,0,0,0,0,0,0,0,1,0,0,0,0,0,0,1,0,0,1,0,0,0,0,0,0,0,1,0,0.8076923076923077,0.8333333333333334,0.5568650452545886,0.4852854493478639
T100079,C1490,69,4,3696.33,14785.32,2025-01-17,2025-01,0,0,1,0,0,0,0,0,0,0,1,0,0,0,0,1,0,0,0,0,0,1,0,0,0,1,0,0,0,0,0,0,0,0,0,1,0.9807692307692307,0.5,0.7372179804823785,0.42618475564392233
T101967,C1099,23,2,4907.59,9815.18,2025-09-08,2025-09,0,0,1,0,0,0,0,1,0,0,0,0,0,0,0,0,1,0,0,0,0,0,0,0,1,0,1,0,0,0,0,0,1,0,0,0,0.09615384615384616,0.16666666666666666,0.9822015472518583,0.2823643865655303
T101512,C1217,46,6,726.33,4357.98,2025-07-29,2025-07,1,0,0,0,0,0,0,0,0,0,1,0,0,0,0,0,0,1,0,0,0,1,0,0,0,0,0,0,0,0,1,0,0,0,1,0,0.5384615384615384,0.8333333333333334,0.13652020023259342,0.12445001833151657
T101179,C1417,64,3,3038.57,9115.71,2025-05-21,2025-05,0,1,0,0,0,0,0,0,0,0,1,0,0,0,0,0,1,0,0,0,0,1,0,0,0,0,0,0,0,0,0,1,0,0,0,1,0.8846153846153846,0.3333333333333333,0.6041826363958134,0.2621239036899447
T100801,C1010,59,7,3098.63,21690.41,2025-10-24,2025-10,0,1,0,0,0,0,0,0,1,0,0,0,0,0,0,0,0,0,1,0,0,0,0,1,0,1,0,0,0,0,0,0,0,0,1,0,0.7884615384615384,1.0,0.6163300803964201,0.6259965501445831
T101162,C1152,27,3,3306.94,9920.82,2025-08-17,2025-08,0,1,0,0,0,0,1,0,0,0,0,0,0,0,1,0,0,0,0,0,0,0,0,1,0,0,0,0,1,0,0,0,0,1,0,0,0.17307692307692307,0.3333333333333333,0.6584618496232998,0.28542127908554815
T101344,C1018,58,7,4856.52,33995.64,2025-04-16,2025-04,0,0,1,0,0,0,0,0,0,0,0,0,0,1,0,0,0,1,0,0,0,0,0,0,1,0,0,0,0,0,0,1,0,0,1,0,0.7692307692307693,1.0,0.9718723770035901,0.9820715742273056
T101460,C1483,51,4,948.59,3794.36,2025-08-03,2025-08,0,1,0,0,0,0,0,0,0,0,0,1,0,0,0,0,1,0,0,0,0,0,0,0,1,0,0,0,1,0,0,0,0,0,1,0,0.6346153846153846,0.5,0.18147342873034333,0.10814061126854385
T101757,C1431,68,3,1070.93,3212.79,2025-01-15,2025-01,1,0,0,0,0,0,0,0,0,1,0,0,0,0,1,0,0,0,0,0,0,0,0,0,1,0,0,0,0,0,0,1,0,0,0,1,0.9615384615384616,0.3333333333333333,0.20621732315315772,0.09131178712175513
T101966,C1506,51,4,4847.32,19389.28,2025-10-12,2025-10,0,1,0,0,0,0,1,0,0,0,0,0,0,0,0,0,0,1,0,0,0,0,0,0,1,0,0,0,1,0,0,0,0,0,1,0,0.6346153846153846,0.5,0.9700116296708297,0.5594090162124684
T100030,C1597,26,2,1379.47,2758.94,2025-04-13,2025-04,0,0,1,0,0,0,0,0,1,0,0,0,0,0,0,0,1,0,0,0,0,0,0,1,0,0,0,0,1,0,0,0,0,1,0,0,0.15384615384615385,0.16666666666666666,0.2686211255498812,0.07817878191340522
T100916,C1201,34,5,2458.74,12293.7,2025-02-20,2025-02,1,0,0,0,0,0,0,0,0,0,1,0,0,0,0,0,0,0,1,0,0,0,0,1,0,0,0,0,0,1,0,0,0,1,0,0,0.3076923076923077,0.6666666666666666,0.4869090357485968,0.3540850345086821
T101670,C1465,27,1,3365.18,3365.18,2025-05-28,2025-05,0,1,0,0,0,0,0,0,0,0,0,0,0,1,1,0,0,0,0,0,0,0,0,0,1,0,0,0,0,0,0,1,0,1,0,0,0.17307692307692307,0.0,0.6702411892602518,0.09572147901048586
T101573,C1521,57,1,93.55,93.55,2025-12-11,2025-12,0,0,1,0,0,0,0,0,1,0,0,0,0,0,1,0,0,0,0,0,0,0,0,1,0,0,0,0,0,1,0,0,0,0,1,0,0.75,0.0,0.008537189664762097,0.0010506982904377772
T101793,C1118,69,5,2352.71,11763.55,2025-04-03,2025-04,0,1,0,0,0,0,0,1,0,0,0,0,0,0,1,0,0,0,0,0,0,1,0,0,0,0,0,0,0,1,0,0,0,0,0,1,0.9807692307692307,0.6666666666666666,0.46546392273853465,0.3387441449830531
T100268,C1406,67,4,1081.48,4325.92,2025-07-11,2025-07,0,1,0,0,0,0,1,0,0,0,0,0,0,0,1,0,0,0,0,0,0,0,0,1,0,1,0,0,0,0,0,0,0,0,0,1,0.9423076923076923,0.5,0.2083511149314861,0.12352230180187089
T101258,C1524,59,1,4212.41,4212.41,2025-05-15,2025-05,0,1,0,0,0,0,0,0,0,0,1,0,0,0,0,0,1,0,0,0,0,0,0,0,1,0,0,0,0,1,0,0,0,0,1,0,0.7884615384615384,0.0,0.8415978156444354,0.12023767599775102
T100656,C1447,25,4,2193.86,8775.44,2025-11-23,2025-11,0,0,1,0,0,0,0,0,0,0,0,1,0,0,0,0,0,1,0,0,0,0,0,1,0,0,0,0,1,0,0,0,1,0,0,0,0.1346153846153846,0.5,0.4333356929766901,0.25227754986765716
T100866,C1457,56,6,871.51,5229.06,2025-06-21,2025-06,0,0,1,0,0,0,0,0,0,0,1,0,0,0,0,0,0,0,0,1,0,0,0,1,0,0,0,1,0,0,0,0,0,0,1,0,0.7307692307692307,0.8333333333333334,0.16588360216413003,0.14965636002346203
T100056,C1155,45,7,1736.14,12152.98,2025-03-04,2025-03,1,0,0,0,0,0,0,0,1,0,0,0,0,0,0,0,0,0,1,0,0,1,0,0,0,0,0,0,0,0,1,0,0,0,1,0,0.5192307692307693,1.0,0.34075946806896906,0.35001303606664397
T101727,C1277,43,1,788.57,788.57,2025-10-03,2025-10,0,0,1,0,0,0,0,0,0,0,0,1,0,0,0,1,0,0,0,0,1,0,0,0,0,1,0,0,0,0,0,0,0,0,1,0,0.4807692307692308,0.0,0.14910856044900642,0.02116241202825282
T101467,C1045,66,5,4379.36,21896.8,2025-07-22,2025-07,0,1,0,0,0,0,0,0,0,0,0,0,0,1,0,0,0,0,1,0,1,0,0,0,0,0,0,0,0,0,1,0,0,0,0,1,0.9230769230769231,0.6666666666666666,0.8753643120796885,0.6319688338174956
T100671,C1339,61,7,1686.19,11803.33,2025-02-28,2025-02,1,0,0,0,0,0,0,1,0,0,0,0,0,0,0,1,0,0,0,0,1,0,0,0,0,1,0,0,0,0,0,0,0,0,0,1,0.8269230769230769,1.0,0.3306568235829499,0.339895254264067
T101198,C1086,61,7,4283.76,29986.32,2025-04-24,2025-04,1,0,0,0,0,0,0,0,0,0,0,0,0,1,0,1,0,0,0,0,0,1,0,0,0,0,0,0,0,1,0,0,0,0,0,1,0.8269230769230769,1.0,0.8560287202305709,0.8660543428910898
T100271,C1440,48,7,3130.55,21913.85,2025-01-24,2025-01,1,0,0,0,0,0,1,0,0,0,0,0,0,0,0,0,0,0,0,1,0,0,0,0,1,1,0,0,0,0,0,0,0,0,1,0,0.5769230769230769,1.0,0.6227860646205188,0.6324622077049085
T101292,C1562,29,7,2504.3,17530.1,2025-02-27,2025-02,1,0,0,1,0,0,0,0,0,0,0,0,0,0,1,0,0,0,0,0,0,0,0,1,0,0,0,0,0,1,0,0,0,1,0,0,0.21153846153846154,1.0,0.49612378014865754,0.5056101385584858
T101092,C1587,34,7,3059.18,21414.26,2025-08-29,2025-08,0,1,0,0,0,0,0,0,0,1,0,0,0,0,0,0,0,1,0,0,0,0,0,1,0,1,0,0,0,0,0,0,0,1,0,0,0.3076923076923077,1.0,0.608351114931486,0.6180056293815869
T100458,C1009,63,3,587.02,1761.06,2025-11-14,2025-11,0,1,0,0,0,0,0,0,0,0,0,0,0,1,0,0,0,0,0,1,0,0,0,1,0,1,0,0,0,0,0,0,0,0,0,1,0.8653846153846154,0.3333333333333333,0.10834403600141577,0.04930324321712184
T101040,C1442,27,1,3637.32,3637.32,2025-02-08,2025-02,1,0,0,1,0,0,0,0,0,0,0,0,0,0,0,0,1,0,0,0,0,0,0,1,0,0,0,1,0,0,0,0,0,1,0,0,0.17307692307692307,0.0,0.7252829043838803,0.10359636286506413
T100750,C1152,43,5,2404.64,12023.2,2025-07-05,2025-07,0,1,0,0,0,0,0,0,0,0,0,0,1,0,0,0,0,1,0,0,0,0,0,1,0,0,0,1,0,0,0,0,0,0,1,0,0.4807692307692308,0.6666666666666666,0.47596703241138694,0.3462576071453271
T101979,C1193,33,6,1417.19,8503.14,2025-10-16,2025-10,0,1,0,0,0,0,0,0,0,0,0,0,0,1,0,0,0,0,0,1,0,1,0,0,0,0,0,0,0,1,0,0,0,1,0,0,0.28846153846153844,0.8333333333333334,0.27625018961419834,0.2443980361114961
T100369,C1303,21,3,4338.3,13014.9,2025-08-13,2025-08,1,0,0,0,0,0,0,0,1,0,0,0,0,0,0,1,0,0,0,0,0,1,0,0,0,0,0,0,0,0,0,1,1,0,0,0,0.057692307692307696,0.3333333333333333,0.8670597158315215,0.37495431589297634
T100061,C1130,46,1,1429.34,1429.34,2025-07-23,2025-07,1,0,0,0,0,0,0,0,0,0,1,0,0,0,0,0,0,0,0,1,1,0,0,0,0,0,0,0,0,0,0,1,0,0,1,0,0.5384615384615384,0.0,0.2787075896243111,0.039704299760663024
T101609,C1553,58,6,1834.99,11009.94,2025-10-26,2025-10,0,1,0,0,0,0,0,0,0,1,0,0,0,0,1,0,0,0,0,0,0,1,0,0,0,0,0,0,1,0,0,0,0,0,1,0,0.7692307692307693,0.8333333333333334,0.36075238913889873,0.31693701915940087
T100091,C1439,35,7,127.04,889.28,2025-12-23,2025-12,1,0,0,0,0,0,0,0,0,0,1,0,0,0,0,0,0,0,1,0,0,1,0,0,0,0,0,0,0,0,1,0,0,1,0,0,0.3269230769230769,1.0,0.015310714466299237,0.024076645705751812
T101287,C1158,65,2,3893.82,7787.64,2025-11-16,2025-11,1,0,0,0,1,0,0,0,0,0,0,0,0,0,1,0,0,0,0,0,1,0,0,0,0,0,0,0,1,0,0,0,0,0,0,1,0.9038461538461539,0.16666666666666666,0.7771613490418162,0.2236936949710877
T100862,C1103,43,4,2699.98,10799.92,2025-07-18,2025-07,0,0,1,0,0,0,0,0,0,0,0,1,0,0,0,1,0,0,0,0,1,0,0,0,0,1,0,0,0,0,0,0,0,0,1,0,0.4807692307692308,0.5,0.5357010668958891,0.3108596945943295
T100864,C1199,37,3,2003.75,6011.25,2025-06-26,2025-06,1,0,0,0,0,0,0,0,0,1,0,0,0,0,0,1,0,0,0,0,0,0,0,1,0,0,0,0,0,1,0,0,0,1,0,0,0.36538461538461536,0.3333333333333333,0.3948849673863579,0.17229050201733492
T101645,C1579,48,3,4961.89,14885.67,2025-01-22,2025-01,0,0,1,1,0,0,0,0,0,0,0,0,0,0,0,1,0,0,0,0,0,0,0,1,0,0,0,0,0,0,0,1,0,0,1,0,0.5769230769230769,0.3333333333333333,0.9931840016180412,0.42908857204286016
T101697,C1330,41,5,4301.19,21505.95,2025-06-30,2025-06,0,1,0,0,0,0,0,0,0,0,1,0,0,0,0,1,0,0,0,0,1,0,0,0,0,0,1,0,0,0,0,0,0,0,1,0,0.4423076923076923,0.6666666666666666,0.8595540274055721,0.6206588523573577
T101916,C1233,61,1,3688.42,3688.42,2025-07-27,2025-07,0,1,0,0,0,0,0,0,0,0,0,0,0,1,0,0,0,0,1,0,0,0,0,1,0,0,0,0,1,0,0,0,0,0,0,1,0.8269230769230769,0.0,0.7356181422864944,0.10507503768305836
T101536,C1062,28,5,2343.65,11718.25,2025-03-04,2025-03,0,0,1,0,1,0,0,0,0,0,0,0,0,0,0,0,0,0,0,1,0,0,0,0,1,0,0,0,0,0,1,0,0,1,0,0,0.19230769230769232,0.6666666666666666,0.4636314911260555,0.33743330409743394
T100824,C1468,67,5,4138.85,20694.25,2025-02-05,2025-02,1,0,0,0,0,0,0,0,1,0,0,0,0,0,0,0,0,1,0,0,1,0,0,0,0,0,0,0,0,0,0,1,0,0,0,1,0.9423076923076923,0.6666666666666666,0.8267199271881479,0.5971707828903143
T100166,C1188,43,5,3129.3,15646.5,2025-11-11,2025-11,0,0,1,0,0,0,0,0,0,0,0,1,0,0,0,0,1,0,0,0,0,0,0,0,1,0,0,0,0,0,1,0,0,0,1,0,0.4807692307692308,0.6666666666666666,0.6225332456894372,0.4511046221754345
T101334,C1366,27,4,1918.25,7673.0,2025-06-26,2025-06,0,0,1,0,0,0,0,1,0,0,0,0,0,0,0,0,0,1,0,0,0,0,0,1,0,0,0,0,0,1,0,0,0,1,0,0,0.17307692307692307,0.5,0.37759215250037925,0.2203763704870396
T101036,C1393,57,2,648.5,1297.0,2025-05-08,2025-05,0,0,1,0,0,0,0,0,0,1,0,0,0,0,0,0,0,0,1,0,0,0,0,0,1,0,0,0,0,1,0,0,0,0,1,0,0.75,0.16666666666666666,0.1207786823077312,0.035874792414022
T100667,C1442,42,4,660.95,2643.8,2025-12-12,2025-12,0,0,1,0,0,0,0,0,0,0,0,0,1,0,0,0,0,1,0,0,0,0,0,1,0,1,0,0,0,0,0,0,0,0,1,0,0.46153846153846156,0.5,0.12329675886130353,0.07484698898691099
T100448,C1269,66,7,1851.87,12963.09,2025-06-01,2025-06,0,0,1,0,0,0,0,0,0,0,0,0,1,0,1,0,0,0,0,0,1,0,0,0,0,0,0,0,1,0,0,0,0,0,0,1,0.9230769230769231,1.0,0.3641664559842241,0.3734550958867086
T101331,C1157,28,3,846.96,2540.88,2025-06-10,2025-06,1,0,0,0,0,0,0,0,0,1,0,0,0,0,0,1,0,0,0,0,0,1,0,0,0,0,0,0,0,0,1,0,0,1,0,0,0.19230769230769232,0.3333333333333333,0.16091823835768823,0.0718688047938001
T100697,C1167,66,4,3448.77,13795.08,2025-05-28,2025-05,1,0,0,0,1,0,0,0,0,0,0,0,0,0,0,0,0,0,0,1,0,0,0,0,1,0,0,0,0,0,0,1,0,0,0,1,0.9230769230769231,0.5,0.6871476968195378,0.39753029474821583
T100441,C1119,27,3,4899.71,14699.13,2025-01-19,2025-01,1,0,0,0,0,0,0,0,0,0,0,0,1,0,0,0,0,0,1,0,0,0,0,0,1,0,0,0,1,0,0,0,0,1,0,0,0.17307692307692307,0.3333333333333333,0.9806077767103201,0.4236906855350589
T100469,C1332,21,6,1678.7,10072.2,2025-10-27,2025-10,0,0,1,0,0,0,0,0,0,0,0,0,0,1,1,0,0,0,0,0,0,0,0,1,0,0,1,0,0,0,0,0,1,0,0,0,0.057692307692307696,0.8333333333333334,0.3291419325479092,0.2898017447205377
T101019,C1176,28,5,930.31,4651.55,2025-02-05,2025-02,0,0,1,0,0,0,0,0,0,0,0,0,0,1,0,1,0,0,0,0,0,0,0,0,1,0,0,0,0,0,0,1,0,1,0,0,0.19230769230769232,0.6666666666666666,0.1777762046822066,0.1329450196293359
T100579,C1359,44,5,4817.83,24089.15,2025-07-01,2025-07,0,1,0,0,0,0,0,0,0,0,1,0,0,0,1,0,0,0,0,0,0,1,0,0,0,0,0,0,0,0,1,0,0,0,1,0,0.5,0.6666666666666666,0.9640471254487536,0.6954086134110308
T100505,C1415,22,5,3364.72,16823.6,2025-09-13,2025-09,0,1,0,0,1,0,0,0,0,0,0,0,0,0,0,0,0,0,1,0,0,0,0,0,1,0,0,1,0,0,0,0,1,0,0,0,0.07692307692307693,0.6666666666666666,0.6701481518936138,0.4851662293821077
T101072,C1341,40,5,3934.77,19673.85,2025-07-05,2025-07,1,0,0,0,0,0,0,0,1,0,0,0,0,0,1,0,0,0,0,0,0,1,0,0,0,0,0,1,0,0,0,0,0,1,0,0,0.4230769230769231,0.6666666666666666,0.785443697224048,0.5676435855462574
T101073,C1572,49,1,3354.91,3354.91,2025-04-02,2025-04,0,1,0,0,0,0,0,0,0,0,1,0,0,0,0,1,0,0,0,0,1,0,0,0,0,0,0,0,0,0,0,1,0,0,1,0,0.5961538461538461,0.0,0.6681640289224856,0.0954242972026424
T101177,C1425,22,1,1787.26,1787.26,2025-05-26,2025-05,0,1,0,0,0,0,0,1,0,0,0,0,0,0,0,0,0,0,1,0,0,1,0,0,0,0,1,0,0,0,0,0,1,0,0,0,0.07692307692307693,0.0,0.35109875107448046,0.05006138960129892
T101741,C1308,66,5,3793.17,18965.85,2025-10-23,2025-10,1,0,0,0,0,0,0,0,0,1,0,0,0,0,0,1,0,0,0,0,0,0,0,1,0,0,0,0,0,1,0,0,0,0,0,1,0.9230769230769231,0.6666666666666666,0.7568043687111291,0.5471562710425408
T101994,C1576,55,1,425.78,425.78,2025-12-17,2025-12,0,1,0,0,0,0,0,0,0,0,0,0,1,0,0,0,0,1,0,0,1,0,0,0,0,0,0,0,0,0,0,1,0,0,1,0,0.7115384615384616,0.0,0.07573241644334326,0.01066439955819164
T101480,C1488,19,7,1056.07,7392.49,2025-09-13,2025-09,0,1,0,0,0,0,0,0,0,1,0,0,0,0,0,0,0,0,1,0,0,0,0,1,0,0,0,1,0,0,0,0,1,0,0,0,0.019230769230769232,1.0,0.2032118117004601,0.21225928490591317
T101965,C1465,64,6,4467.31,26803.86,2025-03-04,2025-03,0,0,1,0,0,0,0,0,0,0,0,0,0,1,0,1,0,0,0,0,0,1,0,0,0,0,0,0,0,0,1,0,0,0,0,1,0.8846153846153846,0.8333333333333334,0.8931526520705871,0.7739638641968842
T100253,C1335,38,6,4136.86,24821.16,2025-12-26,2025-12,0,0,1,0,0,0,0,0,1,0,0,0,0,0,0,0,0,0,1,0,0,0,0,1,0,1,0,0,0,0,0,0,0,1,0,0,0.38461538461538464,0.8333333333333334,0.8263174394498659,0.7165907025210103
T100746,C1042,18,6,1506.29,9037.74,2025-06-13,2025-06,1,0,0,0,0,0,0,0,0,0,0,0,0,1,0,0,1,0,0,0,0,1,0,0,0,1,0,0,0,0,0,0,1,0,0,0,0.0,0.8333333333333334,0.2942711230216919,0.25986769477489563
T100392,C1259,29,5,971.57,4857.85,2025-08-09,2025-08,0,1,0,0,0,0,0,0,0,0,0,0,0,1,0,1,0,0,0,0,0,1,0,0,0,0,0,1,0,0,0,0,0,1,0,0,0.21153846153846154,0.6666666666666666,0.18612125195934673,0.13891469898260808
T100881,C1246,62,2,2424.41,4848.82,2025-07-06,2025-07,0,0,1,0,0,0,0,0,0,0,0,0,0,1,0,0,0,0,1,0,0,1,0,0,0,0,0,0,1,0,0,0,0,0,0,1,0.8461538461538461,0.16666666666666666,0.47996561662537285,0.138653398912031
T101881,C1490,35,7,2314.49,16201.43,2025-03-05,2025-03,1,0,0,0,1,0,0,0,0,0,0,0,0,0,1,0,0,0,0,0,0,0,0,1,0,0,0,0,0,0,0,1,0,1,0,0,0.3269230769230769,1.0,0.45773373110178484,0.4671625677086935
T101145,C1585,34,5,2504.3,12521.5,2025-08-02,2025-08,0,0,1,0,0,0,0,0,0,0,0,0,0,1,0,0,1,0,0,0,1,0,0,0,0,0,0,1,0,0,0,0,0,1,0,0,0.3076923076923077,0.6666666666666666,0.49612378014865754,0.36067685688713774
T101590,C1129,28,5,4293.66,21468.3,2025-12-12,2025-12,0,0,1,0,0,0,0,1,0,0,0,0,0,0,0,1,0,0,0,0,0,0,0,1,0,1,0,0,0,0,0,0,0,1,0,0,0.19230769230769232,0.6666666666666666,0.8580310461647368,0.6195693786411643
T100920,C1003,38,7,4945.03,34615.21,2025-04-04,2025-04,1,0,0,0,0,0,0,0,0,0,0,1,0,0,0,1,0,0,0,0,0,0,0,1,0,1,0,0,0,0,0,0,0,1,0,0,0.38461538461538464,1.0,0.989773979875613,1.0
T100848,C1402,43,4,2016.0,8064.0,2025-07-07,2025-07,0,1,0,0,0,1,0,0,0,0,0,0,0,0,0,0,1,0,0,0,0,0,0,1,0,0,1,0,0,0,0,0,0,0,1,0,0.4807692307692308,0.5,0.3973625929109572,0.23169069247991128
T100797,C1191,36,6,589.89,3539.34,2025-04-11,2025-04,0,0,1,0,0,0,0,1,0,0,0,0,0,0,0,0,0,0,1,0,0,0,0,0,1,1,0,0,0,0,0,0,0,1,0,0,0.34615384615384615,0.8333333333333334,0.10892450826717903,0.10076112688332099
T101273,C1096,66,4,1327.09,5308.36,2025-02-06,2025-02,0,1,0,0,0,0,0,0,0,0,1,0,0,0,0,1,0,0,0,0,0,0,0,1,0,0,0,0,0,1,0,0,0,0,0,1,0.9230769230769231,0.5,0.2580270010618395,0.15195105499541783
T100646,C1076,38,7,4867.59,34073.13,2025-12-07,2025-12,0,0,1,0,0,0,0,0,0,0,0,0,1,0,1,0,0,0,0,0,0,0,0,0,1,0,0,0,1,0,0,0,0,1,0,0,0.38461538461538464,1.0,0.9741113414572483,0.9843138934376063
T101030,C1291,68,5,3365.94,16829.7,2025-01-14,2025-01,0,0,1,0,0,0,0,0,0,0,0,0,1,0,0,0,0,0,0,1,0,0,0,1,0,0,0,0,0,0,1,0,0,0,0,1,0.9615384615384616,0.6666666666666666,0.6703949031703493,0.4853427443799505
T100013,C1114,57,3,3891.78,11675.34,2025-10-29,2025-10,0,0,1,0,0,0,0,0,0,0,0,1,0,0,1,0,0,0,0,0,1,0,0,0,0,0,0,0,0,0,0,1,0,0,1,0,0.75,0.3333333333333333,0.7767487485462912,0.3361916223667073
T100941,C1182,61,2,153.19,306.38,2025-01-21,2025-01,1,0,0,1,0,0,0,0,0,0,0,0,0,0,0,1,0,0,0,0,1,0,0,0,0,0,0,0,0,0,1,0,0,0,0,1,0.8269230769230769,0.16666666666666666,0.02059968650452546,0.007209335502056399
T100396,C1206,49,6,299.89,1799.34,2025-08-25,2025-08,0,0,1,0,0,0,0,1,0,0,0,0,0,0,0,1,0,0,0,0,0,0,0,1,0,0,1,0,0,0,0,0,0,0,1,0,0.5961538461538461,0.8333333333333334,0.05027051625625727,0.05041094717079735
T101588,C1183,44,6,3719.02,22314.12,2025-12-11,2025-12,0,1,0,0,0,0,0,1,0,0,0,0,0,0,0,1,0,0,0,0,0,1,0,0,0,0,0,0,0,1,0,0,0,0,1,0,0.5,0.8333333333333334,0.741807149719371,0.6440447746207314
T101761,C1083,49,7,4482.79,31379.53,2025-08-07,2025-08,0,1,0,0,0,0,0,0,0,0,0,0,0,1,0,0,1,0,0,0,0,0,0,0,1,0,0,0,0,1,0,0,0,0,1,0,0.5961538461538461,1.0,0.8962835617131011,0.9063695002918284
T100755,C1568,41,1,532.59,532.59,2025-09-07,2025-09,0,0,1,0,0,0,0,0,0,0,1,0,0,0,0,0,0,0,0,1,0,1,0,0,0,0,0,0,1,0,0,0,0,0,1,0,0.4423076923076923,0.0,0.09733528846640037,0.013755148233533394
T101695,C1158,43,3,716.36,2149.08,2025-12-04,2025-12,0,0,1,0,0,0,0,0,1,0,0,0,0,0,0,0,0,0,0,1,1,0,0,0,0,0,0,0,0,1,0,0,0,0,1,0,0.4807692307692308,0.3333333333333333,0.1345037164382869,0.06053133329301461
T101023,C1238,66,6,1276.63,7659.78,2025-08-30,2025-08,1,0,0,0,0,0,1,0,0,0,0,0,0,0,0,0,0,1,0,0,0,0,0,1,0,0,0,1,0,0,0,0,0,0,0,1,0.9230769230769231,0.8333333333333334,0.24782120645193917,0.21999382486876398
T101298,C1339,55,3,2664.2,7992.6,2025-04-21,2025-04,1,0,0,0,0,0,1,0,0,0,0,0,0,0,0,0,0,0,1,0,1,0,0,0,0,0,1,0,0,0,0,0,0,0,1,0,0.7115384615384616,0.3333333333333333,0.5284643778126106,0.2296245988986043
T100673,C1215,40,4,81.04,324.16,2025-02-14,2025-02,1,0,0,0,0,0,0,0,0,1,0,0,0,0,0,0,0,0,1,0,0,1,0,0,0,1,0,0,0,0,0,0,0,1,0,0,0.4230769230769231,0.5,0.006006977802497851,0.007723833315440693
T100511,C1350,41,7,3002.08,21014.56,2025-09-02,2025-09,1,0,0,0,0,0,0,0,0,1,0,0,0,0,0,1,0,0,0,0,0,0,0,1,0,0,0,0,0,0,1,0,0,0,1,0,0.4423076923076923,1.0,0.5968023461596804,0.6064395564901526
T101792,C1153,39,1,4468.8,4468.8,2025-03-23,2025-03,0,0,1,0,0,0,0,0,1,0,0,0,0,0,0,0,0,0,1,0,0,0,0,1,0,0,0,0,1,0,0,0,0,1,0,0,0.40384615384615385,0.0,0.8934540122364363,0.12765680391527628
T101049,C1423,43,4,2725.55,10902.2,2025-09-23,2025-09,0,1,0,1,0,0,0,0,0,0,0,0,0,0,0,0,0,0,0,1,0,1,0,0,0,0,0,0,0,0,1,0,0,0,1,0,0.4807692307692308,0.5,0.5408727309500936,0.3138193591811093
T101056,C1213,25,4,1880.68,7522.72,2025-07-16,2025-07,0,0,1,0,0,0,0,0,0,0,0,0,1,0,0,0,0,0,0,1,0,1,0,0,0,0,0,0,0,0,0,1,1,0,0,0,0.1346153846153846,0.5,0.3699934267077919,0.21602773542543152
T101286,C1212,35,7,560.53,3923.71,2025-05-09,2025-05,0,0,1,0,0,0,0,0,0,0,0,1,0,0,1,0,0,0,0,0,0,0,0,0,1,1,0,0,0,0,0,0,0,1,0,0,0.3269230769230769,1.0,0.10298629721393537,0.11188359732935703
T100614,C1324,45,1,883.48,883.48,2025-01-12,2025-01,1,0,0,0,0,0,0,0,0,1,0,0,0,0,1,0,0,0,0,0,0,0,0,0,1,0,0,0,1,0,0,0,0,0,1,0,0.5192307692307693,0.0,0.16830459624816707,0.023908811773376733
T101289,C1196,48,1,4815.48,4815.48,2025-04-05,2025-04,1,0,0,0,0,0,0,0,0,0,0,0,0,1,0,0,0,1,0,0,0,0,0,1,0,0,0,1,0,0,0,0,0,0,1,0,0.5769230769230769,0.0,0.9635718258583201,0.1376886431697232
T101290,C1135,43,1,295.15,295.15,2025-07-20,2025-07,0,1,0,0,0,0,0,0,0,0,0,0,1,0,1,0,0,0,0,0,1,0,0,0,0,0,0,0,1,0,0,0,0,0,1,0,0.4807692307692308,0.0,0.04931182686959599,0.006884374284716375
T101620,C1518,32,1,3203.45,3203.45,2025-06-29,2025-06,0,1,0,0,1,0,0,0,0,0,0,0,0,0,0,0,0,0,1,0,0,0,0,0,1,0,0,0,1,0,0,0,0,1,0,0,0.2692307692307692,0.0,0.6375304646811952,0.09104151661686147
T100408,C1436,70,1,163.27,163.27,2025-07-27,2025-07,0,1,0,0,0,0,0,0,0,0,0,1,0,0,0,0,0,1,0,0,0,0,0,0,1,0,0,0,1,0,0,0,0,0,0,1,1.0,0.0,0.022638418364767154,0.003068177905125793
T100285,C1063,26,7,2504.3,17530.1,2025-01-06,2025-01,0,0,1,0,0,0,0,0,0,0,0,0,1,0,0,0,1,0,0,0,1,0,0,0,0,0,1,0,0,0,0,0,0,1,0,0,0.15384615384615385,1.0,0.49612378014865754,0.5056101385584858
T101676,C1038,43,4,1244.64,4978.56,2025-06-07,2025-06,0,0,1,0,0,0,0,0,1,0,0,0,0,0,0,0,0,0,1,0,0,0,0,0,1,0,0,1,0,0,0,0,0,0,1,0,0.4807692307692308,0.5,0.2413510643676999,0.14240767035795218
T101653,C1012,54,5,3793.56,18967.8,2025-05-21,2025-05,1,0,0,1,0,0,0,0,0,0,0,0,0,0,1,0,0,0,0,0,0,0,0,1,0,0,0,0,0,0,0,1,0,0,1,0,0.6923076923076923,0.6666666666666666,0.7568832482176265,0.5472126979680808
T101998,C1513,46,5,4274.35,21371.75,2025-03-18,2025-03,0,1,0,0,0,0,0,0,1,0,0,0,0,0,0,0,0,1,0,0,1,0,0,0,0,0,0,0,0,0,1,0,0,0,1,0,0.5384615384615384,0.6666666666666666,0.8541254993173889,0.6167755224048171
T100390,C1265,43,3,3086.73,9260.19,2025-04-02,2025-04,0,1,0,0,0,0,1,0,0,0,0,0,0,0,1,0,0,0,0,0,0,0,0,1,0,0,0,0,0,0,0,1,0,0,1,0,0.4807692307692308,0.3333333333333333,0.6139232441725236,0.2663047048191778
T101013,C1518,42,6,1171.34,7028.04,2025-11-07,2025-11,1,0,0,0,0,0,0,1,0,0,0,0,0,0,0,0,0,0,0,1,0,1,0,0,0,1,0,0,0,0,0,0,0,0,1,0,0.46153846153846156,0.8333333333333334,0.22652576224907722,0.20171323720693085
T101490,C1159,59,6,1390.72,8344.32,2025-10-06,2025-10,0,0,1,0,0,0,0,0,0,0,0,1,0,0,0,0,0,0,0,1,0,1,0,0,0,0,1,0,0,0,0,0,0,0,1,0,0.7884615384615384,0.8333333333333334,0.27089649592961523,0.23980228005290818
T101585,C1265,43,6,4129.04,24774.24,2025-08-28,2025-08,1,0,0,1,0,0,0,0,0,0,0,0,0,0,1,0,0,0,0,0,0,0,1,0,0,0,0,0,0,1,0,0,0,0,1,0,0.4807692307692308,0.8333333333333334,0.8247358042170198,0.7152329838818657
T101704,C1085,31,5,974.37,4871.85,2025-06-14,2025-06,1,0,0,0,0,0,0,0,1,0,0,0,0,0,0,1,0,0,0,0,0,1,0,0,0,0,0,1,0,0,0,0,0,1,0,0,0.25,0.6666666666666666,0.18668756636496942,0.13931981537109964
T101724,C1048,20,2,963.34,1926.68,2025-06-14,2025-06,0,0,1,0,0,0,0,0,0,1,0,0,0,0,0,0,0,0,0,1,0,0,0,0,1,0,0,1,0,0,0,0,1,0,0,0,0.038461538461538464,0.16666666666666666,0.18445669211710572,0.05409577009297711
T101316,C1429,58,1,3701.38,3701.38,2025-08-10,2025-08,1,0,0,0,0,0,0,0,0,1,0,0,0,0,0,0,0,0,0,1,0,0,0,1,0,0,0,0,1,0,0,0,0,0,1,0,0.7692307692307693,0.0,0.738239368963948,0.10545005971126198
T101168,C1033,20,4,2105.58,8422.32,2025-04-05,2025-04,0,0,1,0,0,0,0,0,1,0,0,0,0,0,0,1,0,0,0,0,1,0,0,0,0,0,0,1,0,0,0,0,1,0,0,0,0.038461538461538464,0.5,0.415480608787986,0.24205935707450407
T101528,C1297,66,2,1206.22,2412.44,2025-01-31,2025-01,0,0,1,0,0,1,0,0,0,0,0,0,0,0,0,1,0,0,0,0,0,0,0,1,0,1,0,0,0,0,0,0,0,0,0,1,0.9230769230769231,0.16666666666666666,0.23358042170197707,0.06815215129823887
T100628,C1075,51,1,1143.85,1143.85,2025-06-15,2025-06,0,0,1,0,0,0,0,1,0,0,0,0,0,0,0,0,0,0,1,0,0,0,0,0,1,0,0,0,1,0,0,0,0,0,1,0,0.6346153846153846,0.0,0.22096576831673156,0.03144310849277315
T101136,C1417,37,7,2733.97,19137.79,2025-10-09,2025-10,1,0,0,0,0,0,0,0,0,0,0,0,0,1,0,1,0,0,0,0,0,1,0,0,0,0,0,0,0,1,0,0,0,1,0,0,0.36538461538461536,1.0,0.5425757192698588,0.5521316790309153
T101455,C1482,43,7,4819.02,33733.14,2025-10-21,2025-10,0,0,1,0,0,0,0,0,0,1,0,0,0,0,0,1,0,0,0,0,0,0,0,1,0,0,0,0,0,0,1,0,0,0,1,0,0.4807692307692308,1.0,0.9642878090711433,0.9744756419430887
T100923,C1084,20,6,4021.61,24129.66,2025-04-28,2025-04,1,0,0,1,0,0,0,0,0,0,0,0,0,0,0,0,1,0,0,0,1,0,0,0,0,0,1,0,0,0,0,0,1,0,0,0,0.038461538461538464,0.8333333333333334,0.8030075340041463,0.696580846618016
T100882,C1191,62,1,511.07,511.07,2025-07-30,2025-07,1,0,0,0,0,0,0,0,1,0,0,0,0,0,0,0,1,0,0,0,0,0,0,0,1,0,0,0,0,0,0,1,0,0,0,1,0.8461538461538461,0.0,0.09298275774890025,0.013132426470652065
T101543,C1007,67,3,4290.46,12871.38,2025-06-22,2025-06,0,1,0,0,0,0,1,0,0,0,0,0,0,0,0,0,1,0,0,0,0,0,0,1,0,0,0,0,1,0,0,0,0,0,0,1,0.9423076923076923,0.3333333333333333,0.857383829701168,0.37080129417323987
T101905,C1015,66,4,4693.32,18773.28,2025-02-18,2025-02,1,0,0,0,0,0,0,0,0,0,0,0,0,1,0,1,0,0,0,0,0,0,0,0,1,0,0,0,0,0,1,0,0,0,0,1,0.9230769230769231,0.5,0.9388643373615816,0.5415838951188393
T100323,C1071,67,2,2047.28,4094.56,2025-10-12,2025-10,1,0,0,0,1,0,0,0,0,0,0,0,0,0,0,0,1,0,0,0,0,0,0,0,1,0,0,0,1,0,0,0,0,0,0,1,0.9423076923076923,0.16666666666666666,0.4036891338423421,0.11682746411319878
T100997,C1089,42,2,4126.56,8253.12,2025-11-08,2025-11,1,0,0,0,0,0,0,0,0,1,0,0,0,0,0,1,0,0,0,0,0,0,0,0,1,0,0,1,0,0,0,0,0,0,1,0,0.46153846153846156,0.16666666666666666,0.824234211457754,0.23716323615073456
T100509,C1254,66,6,923.65,5541.9,2025-02-26,2025-02,0,0,1,0,0,0,0,0,0,1,0,0,0,0,1,0,0,0,0,0,0,1,0,0,0,0,0,0,0,0,0,1,0,0,0,1,0.9230769230769231,0.8333333333333334,0.17642918541740404,0.15870897509315507
T101142,C1218,37,4,3726.03,14904.12,2025-01-14,2025-01,0,0,1,0,0,0,0,0,0,0,0,0,1,0,0,1,0,0,0,0,1,0,0,0,0,0,0,0,0,0,1,0,0,1,0,0,0.36538461538461536,0.5,0.7432249582848763,0.42962245756912226
T101047,C1588,38,3,494.49,1483.47,2025-02-24,2025-02,0,1,0,0,0,0,0,0,0,0,1,0,0,0,1,0,0,0,0,0,0,0,0,0,1,0,1,0,0,0,0,0,0,1,0,0,0.38461538461538464,0.3333333333333333,0.08962936744703442,0.04127065333988079
T100288,C1062,48,3,671.13,2013.39,2025-02-26,2025-02,0,0,1,0,0,0,0,0,0,0,0,0,0,1,1,0,0,0,0,0,0,0,0,1,0,0,0,0,0,0,0,1,0,0,1,0,0.5769230769230769,0.3333333333333333,0.12535571623603176,0.056604887381984534
T100437,C1414,70,2,3692.99,7385.98,2025-05-30,2025-05,0,1,0,0,0,0,1,0,0,0,0,0,0,0,0,0,0,0,0,1,1,0,0,0,0,1,0,0,0,0,0,0,0,0,0,1,1.0,0.16666666666666666,0.7365424482985286,0.21207090578526458
T101631,C1466,69,2,4776.65,9553.3,2025-12-17,2025-12,1,0,0,0,0,0,0,0,0,1,0,0,0,0,0,0,1,0,0,0,0,1,0,0,0,0,0,0,0,0,0,1,0,0,0,1,0.9807692307692307,0.16666666666666666,0.9557182585832026,0.27478639514994657
T100031,C1560,25,5,1378.12,6890.6,2025-11-05,2025-11,0,0,1,0,0,0,0,0,0,0,1,0,0,0,0,1,0,0,0,0,0,0,0,0,1,0,0,0,0,0,0,1,1,0,0,0,0.1346153846153846,0.6666666666666666,0.2683480811043131,0.19773615174733933
T100995,C1050,49,1,3238.61,3238.61,2025-09-04,2025-09,0,1,0,0,1,0,0,0,0,0,0,0,0,0,0,0,0,0,1,0,0,0,0,1,0,0,0,0,0,1,0,0,0,0,1,0,0.5961538461538461,0.0,0.6446417555746574,0.09205893748967316
T101648,C1371,43,6,1275.05,7650.3,2025-05-08,2025-05,0,1,0,0,0,0,0,0,0,0,0,0,0,1,1,0,0,0,0,0,0,0,0,0,1,0,0,0,0,1,0,0,0,0,1,0,0.4807692307692308,0.8333333333333334,0.24750164332305205,0.21971950319998543
T101133,C1112,31,5,4011.99,20059.95,2025-12-02,2025-12,0,0,1,0,0,0,0,0,0,1,0,0,0,0,1,0,0,0,0,0,0,0,0,1,0,0,0,0,0,0,1,0,0,1,0,0,0.25,0.6666666666666666,0.8010618395105424,0.578816116803157
T100292,C1223,23,4,1142.92,4571.68,2025-09-30,2025-09,0,0,1,0,0,0,0,0,0,0,1,0,0,0,0,1,0,0,0,0,1,0,0,0,0,0,0,0,0,0,1,0,1,0,0,0,0.09615384615384616,0.5,0.2207776710320069,0.13063383063299147
T101680,C1219,35,7,2007.97,14055.79,2025-02-22,2025-02,1,0,0,0,0,0,1,0,0,0,0,0,0,0,1,0,0,0,0,0,0,0,0,0,1,0,0,1,0,0,0,0,0,1,0,0,0.3269230769230769,1.0,0.39573848409768925,0.40507443000847565
T100196,C1137,18,6,2820.87,16925.22,2025-10-30,2025-10,1,0,0,0,1,0,0,0,0,0,0,0,0,0,0,0,0,1,0,0,0,1,0,0,0,0,0,0,0,1,0,0,1,0,0,0,0.0,0.8333333333333334,0.5601516913586488,0.4881067956248587
T100048,C1485,41,4,3572.82,14291.28,2025-01-07,2025-01,0,0,1,0,0,0,0,0,0,0,1,0,0,0,0,1,0,0,0,0,0,1,0,0,0,0,0,0,0,0,1,0,0,0,1,0,0.4423076923076923,0.5,0.7122374475400718,0.41188877703175275
T100118,C1320,63,6,2528.97,15173.82,2025-02-13,2025-02,1,0,0,0,0,0,1,0,0,0,0,0,0,0,1,0,0,0,0,0,0,0,0,0,1,0,0,0,0,1,0,0,0,0,0,1,0.8653846153846154,0.8333333333333334,0.5011134145724832,0.4374267354245634
T101242,C1351,41,2,2533.98,5067.96,2025-09-02,2025-09,0,1,0,0,0,0,0,0,0,0,0,0,1,0,0,0,0,1,0,0,0,0,0,1,0,0,0,0,0,0,1,0,0,0,1,0,0.4423076923076923,0.16666666666666666,0.502126712848258,0.14499462786731976
T100042,C1589,57,6,2346.16,14076.96,2025-07-07,2025-07,0,1,0,0,0,0,0,0,0,0,0,0,1,0,0,1,0,0,0,0,1,0,0,0,0,0,1,0,0,0,0,0,0,0,1,0,0.75,0.8333333333333334,0.4641391515396672,0.4056870238616446
T101291,C1440,43,6,4980.53,29883.18,2025-01-05,2025-01,0,1,0,0,0,0,0,0,0,1,0,0,0,0,0,0,0,0,1,0,0,0,0,1,0,0,0,0,1,0,0,0,0,0,1,0,0.4807692307692308,0.8333333333333334,0.9969540375183293,0.8630697925833027
T101882,C1438,21,4,4528.1,18112.4,2025-07-20,2025-07,0,1,0,0,0,0,0,0,0,0,0,1,0,0,0,1,0,0,0,0,0,1,0,0,0,0,0,0,1,0,0,0,1,0,0,0,0.057692307692307696,0.5,0.9054477423269455,0.522460086631246
T101514,C1463,36,6,3745.68,22474.08,2025-05-03,2025-05,0,1,0,0,0,0,0,0,0,1,0,0,0,0,0,0,0,0,0,1,0,1,0,0,0,0,0,1,0,0,0,0,0,1,0,0,0.34615384615384615,0.8333333333333334,0.7471992718814784,0.6486735187280965
T101516,C1155,61,4,3987.22,15948.88,2025-11-13,2025-11,0,0,1,1,0,0,0,0,0,0,0,0,0,0,1,0,0,0,0,0,0,0,0,0,1,0,0,0,0,1,0,0,0,0,0,1,0.8269230769230769,0.5,0.7960519795722303,0.45985455742915454
T101996,C1075,27,2,384.71,769.42,2025-04-07,2025-04,0,0,1,0,1,0,0,0,0,0,0,0,0,0,0,1,0,0,0,0,0,0,0,1,0,0,1,0,0,0,0,0,0,1,0,0,0.17307692307692307,0.16666666666666666,0.06742579764372757,0.020608270682566134
T101572,C1147,35,1,4387.04,4387.04,2025-05-29,2025-05,0,0,1,0,0,0,0,0,0,0,1,0,0,0,0,0,0,0,1,0,0,1,0,0,0,0,0,0,0,1,0,0,0,1,0,0,0.3269230769230769,0.0,0.8769176315922536,0.12529092420648552
T100383,C1584,59,4,2584.56,10338.24,2025-09-06,2025-09,1,0,0,0,0,0,0,0,1,0,0,0,0,0,0,0,1,0,0,0,0,0,0,0,1,0,0,1,0,0,0,0,0,0,1,0,0.7884615384615384,0.5,0.5123567780755423,0.2975001135772732
T100320,C1112,46,6,2972.41,17834.46,2025-10-30,2025-10,0,0,1,0,0,0,0,1,0,0,0,0,0,0,0,0,1,0,0,0,0,0,0,1,0,0,0,0,0,1,0,0,0,0,1,0,0.5384615384615384,0.8333333333333334,0.5908014360115285,0.5144173688442926
T100376,C1403,36,6,3040.11,18240.66,2025-03-09,2025-03,1,0,0,0,0,0,0,0,0,1,0,0,0,0,0,0,0,0,1,0,0,0,0,1,0,0,0,0,1,0,0,0,0,1,0,0,0.34615384615384615,0.8333333333333334,0.6044941093189058,0.5261715314875265
T100105,C1410,59,3,484.97,1454.91,2025-09-18,2025-09,0,0,1,0,0,0,0,0,1,0,0,0,0,0,0,0,1,0,0,0,1,0,0,0,0,0,0,0,0,1,0,0,0,0,1,0,0.7884615384615384,0.3333333333333333,0.08770389846791728,0.040444215907357986
T101369,C1134,42,5,4568.95,22844.75,2025-08-28,2025-08,0,0,1,0,0,0,0,0,0,1,0,0,0,0,0,0,0,0,1,0,0,0,0,0,1,0,0,0,0,1,0,0,0,0,1,0,0.46153846153846156,0.6666666666666666,0.9137098649946908,0.6593995538511087
T101297,C1346,64,6,2553.57,15321.42,2025-05-10,2025-05,1,0,0,0,0,0,0,0,0,0,0,0,1,0,0,0,0,0,0,1,0,1,0,0,0,0,0,1,0,0,0,0,0,0,0,1,0.8846153846153846,0.8333333333333334,0.5060888911361683,0.44169781963466026
T100728,C1175,47,7,2414.68,16902.76,2025-04-13,2025-04,0,1,0,0,0,0,0,0,0,0,0,1,0,0,0,0,0,0,1,0,1,0,0,0,0,0,0,0,1,0,0,0,0,0,1,0,0.5576923076923077,1.0,0.477997674065834,0.4874568731901786
T101419,C1566,22,6,2504.3,15025.8,2025-04-21,2025-04,0,0,1,0,0,0,0,0,0,0,0,0,0,1,0,1,0,0,0,0,0,0,0,0,1,0,1,0,0,0,0,0,1,0,0,0,0.07692307692307693,0.8333333333333334,0.49612378014865754,0.4331434977228118
T100804,C1400,43,4,2874.18,11496.72,2025-09-01,2025-09,0,1,0,0,0,0,0,0,0,0,0,1,0,0,1,0,0,0,0,0,0,0,0,1,0,0,1,0,0,0,0,0,0,0,1,0,0.4807692307692308,0.5,0.5709339131314152,0.3310229159872527
T101702,C1454,30,4,2504.3,10017.2,2025-04-21,2025-04,0,0,1,0,0,0,1,0,0,0,0,0,0,0,0,0,0,0,0,1,0,1,0,0,0,0,1,0,0,0,0,0,0,1,0,0,0.23076923076923078,0.5,0.49612378014865754,0.2882102160514637
T101568,C1210,32,4,2039.55,8158.2,2025-08-09,2025-08,1,0,0,0,0,0,0,0,0,0,0,0,0,1,0,0,0,0,0,1,0,1,0,0,0,0,0,1,0,0,0,0,0,1,0,0,0.2692307692307692,0.5,0.40212570157253374,0.2344165470367617
T101368,C1110,20,1,4190.14,4190.14,2025-05-03,2025-05,0,0,1,0,0,0,0,0,1,0,0,0,0,0,0,0,1,0,0,0,1,0,0,0,0,0,0,1,0,0,0,0,1,0,0,0,0.038461538461538464,0.0,0.8370935935682864,0.11959325157120052
T100411,C1226,24,2,1902.02,3804.04,2025-01-20,2025-01,0,1,0,0,0,0,0,0,0,0,0,0,0,1,0,0,0,1,0,0,0,1,0,0,0,0,1,0,0,0,0,0,1,0,0,0,0.11538461538461539,0.16666666666666666,0.3743095514992163,0.10842072031430088
T100351,C1439,43,6,482.12,2892.72,2025-08-07,2025-08,0,0,1,0,0,0,0,0,0,0,0,1,0,0,0,0,0,1,0,0,0,1,0,0,0,0,0,0,0,1,0,0,0,0,1,0,0.4807692307692308,0.8333333333333334,0.08712747130505132,0.08204995837429108
T100970,C1445,55,6,4210.55,25263.3,2025-06-29,2025-06,0,0,1,1,0,0,0,0,0,0,0,0,0,0,0,1,0,0,0,0,1,0,0,0,0,0,0,0,1,0,0,0,0,0,1,0,0.7115384615384616,0.8333333333333334,0.8412216210749861,0.7293848568072718
T100644,C1325,41,1,4140.2,4140.2,2025-04-22,2025-04,0,0,1,0,0,0,0,0,1,0,0,0,0,0,0,0,0,0,0,1,0,0,0,1,0,0,0,0,0,0,1,0,0,0,1,0,0.4423076923076923,0.0,0.8269929716337159,0.1181481435396813
T101226,C1162,41,7,3036.29,21254.03,2025-05-04,2025-05,0,0,1,0,0,0,0,0,0,0,0,0,1,0,0,0,1,0,0,0,0,0,0,0,1,0,0,0,1,0,0,0,0,0,1,0,0.4423076923076923,1.0,0.6037214946655205,0.6133690723153008
T101914,C1054,30,2,2503.9,5007.8,2025-11-20,2025-11,0,1,0,0,0,0,0,0,0,0,1,0,0,0,0,1,0,0,0,0,0,0,0,1,0,0,0,0,0,1,0,0,0,1,0,0,0.23076923076923078,0.16666666666666666,0.4960428780907114,0.1432537848722017
T100464,C1061,50,1,3823.84,3823.84,2025-11-03,2025-11,1,0,0,0,0,0,0,0,0,0,0,0,1,0,0,0,0,0,1,0,0,0,0,0,1,0,1,0,0,0,0,0,0,0,1,0,0.6153846153846154,0.0,0.7630075340041462,0.10899367063516753
T101903,C1325,18,5,3390.08,16950.4,2025-05-12,2025-05,0,0,1,1,0,0,0,0,0,0,0,0,0,0,1,0,0,0,0,0,0,0,0,0,1,0,1,0,0,0,0,0,1,0,0,0,0.0,0.6666666666666666,0.6752773423673964,0.4888354263864457
T101504,C1462,47,3,1284.96,3854.88,2025-05-31,2025-05,1,0,0,1,0,0,0,0,0,0,0,0,0,0,0,0,0,1,0,0,0,1,0,0,0,0,0,1,0,0,0,0,0,0,1,0,0.5576923076923077,0.3333333333333333,0.24950599180866664,0.10989187154222312
T100903,C1229,68,6,1017.02,6102.12,2025-08-13,2025-08,0,0,1,0,0,0,0,0,0,0,0,0,1,0,1,0,0,0,0,0,0,0,0,0,1,0,0,0,0,0,0,1,0,0,0,1,0.9615384615384616,0.8333333333333334,0.1953137482934722,0.17491999674749414
T101349,C1122,70,5,1749.75,8748.75,2025-01-25,2025-01,1,0,0,0,0,0,0,0,0,0,0,0,0,1,0,0,1,0,0,0,0,1,0,0,0,0,0,1,0,0,0,0,0,0,0,1,1.0,0.6666666666666666,0.34351216059058504,0.2515052244098829
T100010,C1570,31,6,4549.23,27295.38,2025-08-11,2025-08,0,1,0,0,1,0,0,0,0,0,0,0,0,0,0,1,0,0,0,0,0,1,0,0,0,0,1,0,0,0,0,0,0,1,0,0,0.25,0.8333333333333334,0.909721393537948,0.7881869218591253
T100893,C1505,50,4,1943.01,7772.04,2025-06-14,2025-06,0,0,1,0,0,0,0,0,0,0,0,0,0,1,1,0,0,0,0,0,0,0,0,1,0,0,0,1,0,0,0,0,0,0,1,0,0.6153846153846154,0.5,0.38259998988724275,0.22324227956676854
T101813,C1556,43,3,471.06,1413.18,2025-09-17,2025-09,0,1,0,0,0,0,0,0,0,0,0,0,1,0,0,0,0,0,1,0,1,0,0,0,0,0,0,0,0,0,0,1,0,0,1,0,0.4807692307692308,0.3333333333333333,0.0848905294028417,0.03923667970080418
T101564,C1349,29,3,2081.91,6245.73,2025-09-16,2025-09,0,0,1,0,0,0,0,0,0,0,0,0,0,1,0,0,0,0,0,1,0,1,0,0,0,0,0,0,0,0,1,0,0,1,0,0,0.21153846153846154,0.3333333333333333,0.41069322950902565,0.17907562278687086
T101383,C1443,67,2,4940.03,9880.06,2025-09-09,2025-09,1,0,0,0,1,0,0,0,0,0,0,0,0,0,0,0,0,1,0,0,0,0,0,0,1,0,0,0,0,0,1,0,0,0,0,1,0.9423076923076923,0.16666666666666666,0.9887627041512868,0.2842418116573398
T101280,C1079,48,2,4622.6,9245.2,2025-12-29,2025-12,1,0,0,0,0,0,0,0,0,0,0,1,0,0,0,0,0,0,0,1,0,0,0,1,0,0,1,0,0,0,0,0,0,0,1,0,0.5769230769230769,0.16666666666666666,0.9245608535167114,0.26587094091464286
T101759,C1189,23,1,3195.6,3195.6,2025-12-25,2025-12,0,1,0,0,0,0,0,0,0,0,0,0,0,1,0,0,0,0,0,1,0,0,0,1,0,0,0,0,0,1,0,0,1,0,0,0,0.09615384615384616,0.0,0.6359427617940031,0.09081436207045726
T100444,C1050,31,5,1253.29,6266.45,2025-12-12,2025-12,0,1,0,1,0,0,0,0,0,0,0,0,0,0,0,1,0,0,0,0,0,0,0,1,0,1,0,0,0,0,0,0,0,1,0,0,0.25,0.6666666666666666,0.24310057137078425,0.1796751950418384
T100138,C1498,23,4,2286.41,9145.64,2025-08-08,2025-08,0,1,0,0,0,0,0,0,1,0,0,0,0,0,0,0,1,0,0,0,1,0,0,0,0,1,0,0,0,0,0,0,1,0,0,0,0.09615384615384616,0.5,0.4520544066339687,0.2629899846547699
T100187,C1011,43,5,2187.92,10939.6,2025-02-24,2025-02,0,1,0,0,0,0,0,0,0,1,0,0,0,0,1,0,0,0,0,0,1,0,0,0,0,0,1,0,0,0,0,0,0,0,1,0,0.4807692307692308,0.6666666666666666,0.4321342974161905,0.31490159867607964
T100336,C1404,20,1,4747.72,4747.72,2025-11-20,2025-11,0,0,1,0,0,0,0,0,0,0,0,0,0,1,0,0,1,0,0,0,0,1,0,0,0,0,0,0,0,1,0,0,1,0,0,0,0.038461538461538464,0.0,0.9498670172422511,0.13572787984942403
T101065,C1478,23,2,4868.74,9737.48,2025-03-07,2025-03,0,0,1,0,0,0,0,0,0,0,1,0,0,0,0,1,0,0,0,0,1,0,0,0,0,1,0,0,0,0,0,0,1,0,0,0,0.09615384615384616,0.16666666666666666,0.9743439348738433,0.2801159906094021
T100958,C1275,35,6,2288.15,13728.9,2025-07-21,2025-07,0,0,1,0,0,0,0,0,0,1,0,0,0,0,0,1,0,0,0,0,0,0,0,1,0,0,1,0,0,0,0,0,0,1,0,0,0.3269230769230769,0.8333333333333334,0.45240633058603424,0.3956152517060464
T101790,C1482,40,6,1717.78,10306.68,2025-06-13,2025-06,0,1,0,0,0,0,0,0,0,0,0,0,1,0,0,0,1,0,0,0,0,1,0,0,0,1,0,0,0,0,0,0,0,1,0,0,0.4230769230769231,0.8333333333333334,0.33704606360924305,0.2965868654900736
T101608,C1157,37,3,765.01,2295.03,2025-07-29,2025-07,0,0,1,0,0,0,0,0,0,0,0,0,1,0,0,0,0,0,0,1,0,0,0,0,1,0,0,0,0,0,1,0,0,1,0,0,0.36538461538461536,0.3333333333333333,0.14434342923598117,0.06475467164303923
T100886,C1363,43,2,249.83,499.66,2025-12-25,2025-12,0,0,1,0,0,0,0,0,0,0,0,0,1,0,1,0,0,0,0,0,0,0,0,0,1,0,0,0,0,1,0,0,0,0,1,0,0.4807692307692308,0.16666666666666666,0.04014562370430298,0.012802256614031438
T101249,C1037,18,6,3167.27,19003.62,2025-10-08,2025-10,1,0,0,0,0,0,0,1,0,0,0,0,0,0,0,0,1,0,0,0,1,0,0,0,0,0,0,0,0,0,0,1,1,0,0,0,0.0,0.8333333333333334,0.6302128735399707,0.5482492171849214
T100101,C1047,35,4,1694.69,6778.76,2025-06-23,2025-06,0,0,1,0,1,0,0,0,0,0,0,0,0,0,0,0,0,0,1,0,1,0,0,0,0,0,1,0,0,0,0,0,0,1,0,0,0.3269230769230769,0.5,0.33237599231430454,0.19449985054098953
T101403,C1094,25,1,4977.99,4977.99,2025-11-16,2025-11,1,0,0,0,0,0,0,0,0,0,0,0,1,0,0,0,0,1,0,0,1,0,0,0,0,0,0,0,1,0,0,0,1,0,0,0,0.1346153846153846,0.0,0.9964403094503715,0.14239117633356357
T100736,C1220,35,2,2351.84,4703.68,2025-07-30,2025-07,0,0,1,0,0,0,0,0,0,1,0,0,0,0,0,0,1,0,0,0,0,0,0,1,0,0,0,0,0,0,0,1,0,1,0,0,0.3269230769230769,0.16666666666666666,0.4652879607625019,0.13445349943876914
T100781,C1521,61,2,940.29,1880.58,2025-09-25,2025-09,0,1,0,1,0,0,0,0,0,0,0,0,0,0,1,0,0,0,0,0,0,0,0,1,0,0,0,0,0,1,0,0,0,0,0,1,0.8269230769230769,0.16666666666666666,0.17979471102796177,0.05276177969944415
T101452,C1551,47,7,2035.8,14250.6,2025-05-18,2025-05,0,0,1,1,0,0,0,0,0,0,0,0,0,0,0,0,0,0,0,1,0,1,0,0,0,0,0,0,1,0,0,0,0,0,1,0,0.5576923076923077,1.0,0.4013672447792891,0.4107116245543358
T101980,C1003,33,6,2372.12,14232.72,2025-06-09,2025-06,0,1,0,0,0,0,0,0,1,0,0,0,0,0,1,0,0,0,0,0,0,1,0,0,0,0,1,0,0,0,0,0,0,1,0,0,0.28846153846153844,0.8333333333333334,0.46938969510036904,0.4101942330524623
T101574,C1285,68,2,1790.85,3581.7,2025-07-05,2025-07,0,0,1,0,0,0,0,0,0,0,0,0,0,1,0,0,0,0,0,1,0,1,0,0,0,0,0,1,0,0,0,0,0,0,0,1,0.9615384615384616,0.16666666666666666,0.3518248470445467,0.1019868933273569
T101503,C1205,28,5,541.17,2705.85,2025-10-22,2025-10,0,1,0,0,0,0,0,0,0,0,0,1,0,0,0,0,0,1,0,0,0,0,0,1,0,0,0,0,0,0,0,1,0,1,0,0,0.19230769230769232,0.6666666666666666,0.09907063760934418,0.0766425226944754
T100695,C1464,37,4,990.87,3963.48,2025-08-21,2025-08,0,1,0,0,1,0,0,0,0,0,0,0,0,0,1,0,0,0,0,0,0,0,0,1,0,0,0,0,0,1,0,0,0,1,0,0,0.36538461538461536,0.5,0.190024776255246,0.11303441724152201
T100603,C1471,27,4,2930.21,11720.84,2025-04-21,2025-04,0,0,1,0,0,0,0,0,0,0,1,0,0,0,0,1,0,0,0,0,0,0,0,0,1,0,1,0,0,0,0,0,0,1,0,0,0.17307692307692307,0.5,0.5822662688982151,0.3375082506293049
T100769,C1327,35,3,4763.77,14291.31,2025-01-17,2025-01,1,0,0,0,0,0,1,0,0,0,0,0,0,0,0,0,1,0,0,0,0,0,0,1,0,1,0,0,0,0,0,0,0,1,0,0,0.3269230769230769,0.3333333333333333,0.9531132123173384,0.41188964513829945
T100054,C1366,68,6,3868.76,23212.56,2025-07-12,2025-07,1,0,0,0,0,0,0,0,1,0,0,0,0,0,1,0,0,0,0,0,0,0,0,0,1,0,0,1,0,0,0,0,0,0,0,1,0.9615384615384616,0.8333333333333334,0.7720928351114932,0.670042829483329
T100897,C1318,20,5,3376.57,16882.85,2025-08-02,2025-08,1,0,0,0,0,0,0,0,0,0,0,0,0,1,0,0,0,0,1,0,0,0,0,1,0,0,0,1,0,0,0,0,1,0,0,0,0.038461538461538464,0.6666666666666666,0.672544875360267,0.48688073981197383
T101932,C1277,29,1,4242.66,4242.66,2025-11-29,2025-11,0,0,1,0,0,0,0,1,0,0,0,0,0,0,0,0,0,0,0,1,1,0,0,0,0,0,0,1,0,0,0,0,0,1,0,0,0.21153846153846154,0.0,0.8477160337766091,0.12111301676574174
T101274,C1394,26,5,252.08,1260.4,2025-08-09,2025-08,0,1,0,0,0,0,0,0,0,0,0,1,0,0,1,0,0,0,0,0,0,1,0,0,0,0,0,1,0,0,0,0,0,1,0,0,0.15384615384615385,0.6666666666666666,0.040600697780249786,0.034815702426965474
T101836,C1092,67,4,3541.63,14166.52,2025-09-19,2025-09,0,0,1,0,0,0,0,0,1,0,0,0,0,0,0,0,0,0,1,0,0,0,0,0,1,1,0,0,0,0,0,0,0,0,0,1,0.9423076923076923,0.5,0.7059291095717247,0.408278611272595
T101421,C1548,31,4,4554.21,18216.84,2025-02-04,2025-02,0,0,1,0,0,0,0,0,0,0,1,0,0,0,0,0,1,0,0,0,0,0,0,1,0,0,0,0,0,0,1,0,0,1,0,0,0.25,0.5,0.910728624159377,0.525482254889393
T100844,C1244,43,7,4673.16,32712.12,2025-09-09,2025-09,0,0,1,0,0,0,0,0,0,0,0,1,0,0,0,0,0,1,0,0,0,1,0,0,0,0,0,0,0,0,1,0,0,0,1,0,0.4807692307692308,1.0,0.9347868736410981,0.9449305037303984
T101752,C1407,54,6,1402.71,8416.26,2025-04-09,2025-04,1,0,0,0,0,0,0,0,0,0,0,0,1,0,0,0,1,0,0,0,1,0,0,0,0,0,0,0,0,0,0,1,0,0,1,0,0.6923076923076923,0.8333333333333334,0.27332153511654955,0.24188399955205703
T101057,C1046,57,3,1602.66,4807.98,2025-05-18,2025-05,1,0,0,1,0,0,0,0,0,0,0,0,0,0,0,1,0,0,0,0,0,0,0,1,0,0,0,0,1,0,0,0,0,0,1,0,0.75,0.3333333333333333,0.3137624513323558,0.1374716165330313
T100190,C1306,58,2,3587.63,7175.26,2025-11-07,2025-11,0,0,1,0,0,0,0,0,0,0,1,0,0,0,1,0,0,0,0,0,1,0,0,0,0,1,0,0,0,0,0,0,0,0,1,0,0.7692307692307693,0.16666666666666666,0.7152328462355261,0.20597332540076863
T100981,C1128,45,7,1683.58,11785.06,2025-09-25,2025-09,0,0,1,1,0,0,0,0,0,0,0,0,0,0,0,0,0,1,0,0,1,0,0,0,0,0,0,0,0,1,0,0,0,0,1,0,0.5192307692307693,1.0,0.3301289376548516,0.3393665773770855
T101378,C1578,20,6,3515.25,21091.5,2025-05-17,2025-05,0,1,0,0,0,0,0,1,0,0,0,0,0,0,0,0,0,0,0,1,0,0,0,0,1,0,0,1,0,0,0,0,1,0,0,0,0.038461538461538464,0.8333333333333334,0.7005936188501795,0.6086659604137626
T100688,C1174,29,4,319.56,1278.24,2025-09-11,2025-09,0,0,1,0,0,0,0,0,1,0,0,0,0,0,0,0,0,0,0,1,0,0,0,0,1,0,0,0,0,1,0,0,0,1,0,0,0.21153846153846154,0.5,0.05424887495575669,0.0353319364534433
T100334,C1136,19,4,4173.47,16693.88,2025-01-23,2025-01,1,0,0,0,0,0,0,0,0,0,1,0,0,0,0,0,0,0,0,1,0,0,0,0,1,0,0,0,0,1,0,0,1,0,0,0,0.019230769230769232,0.5,0.8337220003033827,0.48141253667388445
T100064,C1358,34,3,4312.69,12938.07,2025-09-02,2025-09,0,0,1,0,0,0,1,0,0,0,0,0,0,0,0,0,0,0,1,0,0,1,0,0,0,0,0,0,0,0,1,0,0,1,0,0,0.3076923076923077,0.3333333333333333,0.8618799615715224,0.3727310950267044
T100467,C1448,45,1,2634.71,2634.71,2025-02-23,2025-02,1,0,0,0,0,0,0,0,0,0,0,0,0,1,0,0,0,1,0,0,0,0,0,1,0,0,0,0,1,0,0,0,0,0,1,0,0.5192307692307693,0.0,0.5224998735905344,0.07458395270324039
T100318,C1248,35,2,1365.8,2731.6,2025-03-31,2025-03,1,0,0,0,0,0,0,0,0,0,1,0,0,0,0,1,0,0,0,0,1,0,0,0,0,0,1,0,0,0,0,0,0,1,0,0,0.3269230769230769,0.16666666666666666,0.26585629771957325,0.07738764748045096
T100119,C1341,42,5,805.98,4029.9,2025-06-19,2025-06,0,1,0,0,1,0,0,0,0,0,0,0,0,0,0,0,1,0,0,0,0,0,0,1,0,0,0,0,0,1,0,0,0,0,1,0,0.46153846153846156,0.6666666666666666,0.15262982252111038,0.11495640513606557
T101449,C1471,46,6,4288.35,25730.1,2025-05-15,2025-05,0,1,0,0,0,0,0,0,0,0,0,0,1,0,0,0,0,1,0,0,0,1,0,0,0,0,0,0,0,1,0,0,0,0,1,0,0.5384615384615384,0.8333333333333334,0.8569570713455024,0.7428925946749765
T101952,C1549,65,7,1651.61,11561.27,2025-06-05,2025-06,0,1,0,0,0,0,0,0,1,0,0,0,0,0,0,0,1,0,0,0,0,0,0,0,1,0,0,0,0,1,0,0,0,0,0,1,0.9038461538461539,1.0,0.32366284067350964,0.3328907919070478
T101586,C1451,43,6,508.11,3048.66,2025-07-04,2025-07,0,0,1,0,0,0,0,0,0,0,1,0,0,0,0,0,0,0,0,1,0,0,0,1,0,1,0,0,0,0,0,0,0,0,1,0,0.4807692307692308,0.8333333333333334,0.0923840825200991,0.08656237620438932
T100727,C1561,28,4,4289.81,17159.24,2025-01-24,2025-01,0,1,0,0,1,0,0,0,0,0,0,0,0,0,0,0,0,0,1,0,0,1,0,0,0,1,0,0,0,0,0,0,0,1,0,0,0.19230769230769232,0.5,0.8572523638570057,0.49487860542734424
T100583,C1239,66,7,3174.72,22223.04,2025-12-02,2025-12,1,0,0,0,0,0,0,0,0,0,0,0,0,1,0,0,0,0,1,0,0,0,0,0,1,0,0,0,0,0,1,0,0,0,0,1,0.9230769230769231,1.0,0.6317196743692167,0.6414092031447448
T100963,C1332,38,4,1774.58,7098.32,2025-01-08,2025-01,0,0,1,0,0,0,0,0,0,0,0,0,1,0,0,1,0,0,0,0,0,0,0,1,0,0,0,0,0,0,0,1,0,1,0,0,0.38461538461538464,0.5,0.3485341558375891,0.2037469214771585
T100502,C1288,37,6,2543.56,15261.36,2025-08-06,2025-08,0,1,0,0,0,0,1,0,0,0,0,0,0,0,0,1,0,0,0,0,0,1,0,0,0,0,0,0,0,0,0,1,0,1,0,0,0.36538461538461536,0.8333333333333334,0.5040643171360671,0.4399598703280314
T101230,C1106,70,5,2084.86,10424.3,2025-02-19,2025-02,1,0,0,0,0,0,0,0,0,1,0,0,0,0,0,0,0,0,1,0,0,0,0,1,0,0,0,0,0,0,0,1,0,0,0,1,1.0,0.6666666666666666,0.41128988218637813,0.29999042189110064
T101687,C1230,25,3,4975.48,14926.44,2025-09-30,2025-09,1,0,0,1,0,0,0,0,0,0,0,0,0,0,0,0,0,0,0,1,0,0,0,0,1,0,0,0,0,0,1,0,1,0,0,0,0.1346153846153846,0.3333333333333333,0.9959326490367597,0.4302683288399174
T101491,C1087,37,5,1858.41,9292.05,2025-11-23,2025-11,1,0,0,0,0,0,0,0,0,0,0,0,0,1,0,1,0,0,0,0,0,0,0,0,1,0,0,0,1,0,0,0,0,1,0,0,0.36538461538461536,0.6666666666666666,0.36548920463164286,0.267226633971845
T101841,C1174,70,1,548.86,548.86,2025-06-25,2025-06,0,0,1,0,0,0,0,0,0,1,0,0,0,0,0,1,0,0,0,0,1,0,0,0,0,0,0,0,0,0,0,1,0,0,0,1,1.0,0.0,0.10062597967335794,0.014225951350730381
T100371,C1050,35,7,4052.58,28368.06,2025-03-23,2025-03,0,0,1,0,0,0,0,0,0,0,1,0,0,0,0,1,0,0,0,0,0,0,0,1,0,0,0,0,1,0,0,0,0,1,0,0,0.3269230769230769,1.0,0.8092713758406229,0.8192269395453494
T100252,C1502,58,4,467.04,1868.16,2025-07-01,2025-07,0,1,0,0,0,0,0,0,0,1,0,0,0,0,0,0,0,0,0,1,0,1,0,0,0,0,0,0,0,0,1,0,0,0,1,0,0.7692307692307693,0.5,0.0840774637204834,0.05240238358908234
T100919,C1059,37,5,3810.12,19050.6,2025-05-06,2025-05,1,0,0,0,0,0,0,0,0,1,0,0,0,0,0,1,0,0,0,0,0,0,0,1,0,0,0,0,0,0,1,0,0,1,0,0,0.36538461538461536,0.6666666666666666,0.760232593416595,0.5496086720371595
T100560,C1285,61,7,867.96,6075.72,2025-12-21,2025-12,1,0,0,1,0,0,0,0,0,0,0,0,0,0,0,0,0,0,1,0,1,0,0,0,0,0,0,0,1,0,0,0,0,0,0,1,0.8269230769230769,1.0,0.16516559639985842,0.17415606298633862
T101941,C1020,46,3,885.73,2657.19,2025-10-08,2025-10,1,0,0,0,0,0,0,0,0,1,0,0,0,0,0,0,0,0,1,0,0,1,0,0,0,0,0,0,0,0,0,1,0,0,1,0,0.5384615384615384,0.3333333333333333,0.16875967032411388,0.07523445387561828
T100525,C1214,44,2,967.02,1934.04,2025-06-18,2025-06,1,0,0,0,0,0,0,0,0,0,0,0,0,1,0,0,1,0,0,0,0,1,0,0,0,0,0,0,0,0,0,1,0,0,1,0,0.5,0.16666666666666666,0.18520099105020982,0.0543087455657841
T101441,C1113,61,6,234.55,1407.3,2025-01-16,2025-01,1,0,0,0,0,0,0,0,1,0,0,0,0,0,1,0,0,0,0,0,1,0,0,0,0,0,0,0,0,1,0,0,0,0,0,1,0.8269230769230769,0.8333333333333334,0.037055165090761996,0.039066530817637724
T101437,C1179,43,4,3808.8,15235.2,2025-11-18,2025-11,1,0,0,0,0,0,0,0,1,0,0,0,0,0,0,0,0,1,0,0,0,0,0,1,0,0,0,0,0,0,1,0,0,0,1,0,0.4807692307692308,0.5,0.7599656166253729,0.43920288141925007
T101223,C1141,21,4,79.07,316.28,2025-06-05,2025-06,1,0,0,0,0,0,1,0,0,0,0,0,0,0,1,0,0,0,0,0,1,0,0,0,0,0,0,0,0,1,0,0,1,0,0,0,0.057692307692307696,0.5,0.0056085351671133115,0.007495810662489722
T101305,C1097,28,6,4199.23,25195.38,2025-06-29,2025-06,0,1,0,0,0,0,0,0,0,0,0,0,1,0,0,0,0,0,0,1,0,0,0,0,1,0,0,0,1,0,0,0,0,1,0,0,0.19230769230769232,0.8333333333333334,0.8389320928351114,0.72741946358539
T100873,C1593,61,4,2840.81,11363.24,2025-02-25,2025-02,0,1,0,0,0,0,0,0,0,0,0,0,1,0,0,0,0,1,0,0,1,0,0,0,0,0,0,0,0,0,1,0,0,0,0,1,0.8269230769230769,0.5,0.5641846589472619,0.32716042059183453
T100759,C1443,33,6,4240.23,25441.38,2025-10-05,2025-10,0,1,0,0,0,0,0,0,1,0,0,0,0,0,1,0,0,0,0,0,0,0,0,0,1,0,0,0,1,0,0,0,0,1,0,0,0.28846153846153844,0.8333333333333334,0.8472245537745865,0.7345379372688847
T101913,C1014,67,1,2504.3,2504.3,2025-09-12,2025-09,1,0,0,0,0,0,0,0,0,0,0,1,0,0,0,0,0,1,0,0,1,0,0,0,0,1,0,0,0,0,0,0,0,0,0,1,0.9423076923076923,0.0,0.49612378014865754,0.07081029354444142
T101711,C1582,65,3,3332.55,9997.65,2025-02-13,2025-02,1,0,0,0,0,0,0,0,0,1,0,0,0,0,0,0,0,1,0,0,0,1,0,0,0,0,0,0,0,1,0,0,0,0,0,1,0.9038461538461539,0.3333333333333333,0.6636416038832987,0.28764449995182007
T100748,C1053,42,7,4567.59,31973.13,2025-04-29,2025-04,1,0,0,0,0,0,0,0,0,1,0,0,0,0,0,0,0,1,0,0,0,0,0,1,0,0,0,0,0,0,1,0,0,0,1,0,0.46153846153846156,1.0,0.913434797997674,0.923546435163871
T100868,C1501,22,4,3416.47,13665.88,2025-09-19,2025-09,1,0,0,0,0,0,0,0,1,0,0,0,0,0,0,0,0,1,0,0,0,0,0,1,0,1,0,0,0,0,0,0,1,0,0,0,0.07692307692307693,0.5,0.6806148556403903,0.39379164922013643
T100854,C1213,22,3,2866.7,8600.1,2025-04-05,2025-04,0,1,0,0,0,0,0,0,0,0,0,0,0,1,0,0,0,0,0,1,0,0,0,1,0,0,0,1,0,0,0,0,1,0,0,0,0.07692307692307693,0.3333333333333333,0.5694210446478232,0.24720375647064918
T100070,C1514,55,7,827.21,5790.47,2025-03-23,2025-03,0,0,1,0,0,0,0,0,0,1,0,0,0,0,0,0,0,0,0,1,0,0,0,0,1,0,0,0,1,0,0,0,0,0,1,0,0.7115384615384616,1.0,0.15692369924659957,0.1659018165708229
T100081,C1004,62,7,2504.3,17530.1,2025-06-30,2025-06,0,0,1,0,0,0,0,0,0,1,0,0,0,0,0,0,0,1,0,0,1,0,0,0,0,0,1,0,0,0,0,0,0,0,0,1,0.8461538461538461,1.0,0.49612378014865754,0.5056101385584858
T100342,C1114,62,3,971.27,2913.81,2025-07-20,2025-07,0,1,0,0,0,0,0,0,0,0,0,1,0,0,1,0,0,0,0,0,0,0,0,1,0,0,0,0,1,0,0,0,0,0,0,1,0.8461538461538461,0.3333333333333333,0.18606057541588714,0.08266023727666874
T101550,C1307,63,5,843.33,4216.65,2025-04-16,2025-04,1,0,0,0,0,0,0,0,0,0,0,0,1,0,0,0,0,0,0,1,0,0,0,1,0,0,0,0,0,0,0,1,0,0,0,1,0.8653846153846154,0.6666666666666666,0.16018405218182738,0.12036036838969418
T100588,C1018,18,7,1081.15,7568.05,2025-10-13,2025-10,1,0,0,0,0,0,1,0,0,0,0,0,0,0,0,0,0,0,1,0,0,0,0,1,0,0,1,0,0,0,0,0,1,0,0,0,0.0,1.0,0.20828437073368058,0.21733944441759745
T100966,C1245,60,5,715.61,3578.05,2025-05-03,2025-05,1,0,0,0,0,0,0,0,1,0,0,0,0,0,0,0,0,0,0,1,0,1,0,0,0,0,0,1,0,0,0,0,0,0,1,0,0.8076923076923077,0.6666666666666666,0.13435202507963795,0.10188127369750018
T100817,C1540,49,5,2804.93,14024.65,2025-06-15,2025-06,0,1,0,0,0,0,0,1,0,0,0,0,0,0,0,0,0,1,0,0,0,1,0,0,0,0,0,0,1,0,0,0,0,0,1,0,0.5961538461538461,0.6666666666666666,0.5569277443494969,0.40417333541293077
T100065,C1538,27,2,2374.68,4749.36,2025-02-17,2025-02,1,0,0,0,0,0,0,0,0,0,0,0,0,1,0,0,1,0,0,0,0,1,0,0,0,0,1,0,0,0,0,0,0,1,0,0,0.17307692307692307,0.16666666666666666,0.4699074682712241,0.1357753363406473
T101944,C1144,48,3,2836.22,8508.66,2025-08-20,2025-08,0,0,1,0,0,0,0,0,0,0,0,1,0,0,1,0,0,0,0,0,1,0,0,0,0,0,0,0,0,0,0,1,0,0,1,0,0.5769230769230769,0.3333333333333333,0.5632563078323304,0.24455776771610138
T101798,C1011,27,1,391.95,391.95,2025-03-26,2025-03,1,0,0,1,0,0,0,0,0,0,0,0,0,0,0,0,1,0,0,0,0,1,0,0,0,0,0,0,0,0,0,1,0,1,0,0,0.17307692307692307,0.0,0.06889012489255196,0.009685464742286655
T100496,C1114,38,7,1939.14,13573.98,2025-06-16,2025-06,0,0,1,1,0,0,0,0,0,0,0,0,0,0,0,0,0,1,0,0,1,0,0,0,0,0,1,0,0,0,0,0,0,1,0,0,0.38461538461538464,1.0,0.3818172624766143,0.39113234949853826
T100077,C1140,67,7,3201.95,22413.65,2025-08-20,2025-08,0,0,1,0,0,0,0,0,0,0,0,1,0,0,0,0,0,0,0,1,0,1,0,0,0,0,0,0,0,0,0,1,0,0,0,1,0.9423076923076923,1.0,0.6372270819638974,0.6469248627740576
T101037,C1164,50,5,4296.29,21481.45,2025-11-24,2025-11,0,1,0,0,0,0,0,1,0,0,0,0,0,0,0,0,0,0,1,0,0,0,0,1,0,0,1,0,0,0,0,0,0,0,1,0,0.6153846153846154,0.6666666666666666,0.8585629771957324,0.6199498986774975
T100402,C1153,46,4,2054.23,8216.92,2025-05-26,2025-05,1,0,0,0,0,0,0,0,1,0,0,0,0,0,1,0,0,0,0,0,0,0,0,1,0,0,1,0,0,0,0,0,0,0,1,0,0.5384615384615384,0.5,0.40509480709915563,0.2361157209176349
T101302,C1314,60,7,3655.78,25590.46,2025-06-21,2025-06,1,0,0,0,0,0,0,0,0,0,0,0,0,1,0,1,0,0,0,0,0,0,0,1,0,0,0,1,0,0,0,0,0,0,1,0,0.8076923076923077,1.0,0.7290165343580928,0.738851848068622
T100499,C1533,41,5,1903.28,9516.4,2025-08-03,2025-08,0,1,0,0,0,0,0,0,0,0,0,0,0,1,0,0,0,0,1,0,0,1,0,0,0,0,0,0,1,0,0,0,0,0,1,0,0.4423076923076923,0.6666666666666666,0.3745643929817465,0.27371862409742237
T101700,C1127,26,2,3531.94,7063.88,2025-07-16,2025-07,1,0,0,0,0,0,0,0,0,0,1,0,0,0,0,0,0,0,0,1,1,0,0,0,0,0,0,0,0,0,0,1,0,1,0,0,0.15384615384615385,0.16666666666666666,0.7039692572179804,0.20275033516146926
T101354,C1549,68,6,2504.3,15025.8,2025-03-04,2025-03,0,1,0,0,0,0,1,0,0,0,0,0,0,0,1,0,0,0,0,0,1,0,0,0,0,0,0,0,0,0,1,0,0,0,0,1,0.9615384615384616,0.8333333333333334,0.49612378014865754,0.4331434977228118
T101269,C1162,54,5,909.29,4546.45,2025-05-04,2025-05,0,1,0,0,0,0,0,0,0,0,0,0,1,0,0,0,0,1,0,0,0,1,0,0,0,0,0,0,1,0,0,0,0,0,1,0,0.6923076923076923,0.6666666666666666,0.1735248015371391,0.12990375302715987
T100999,C1457,19,5,4240.89,21204.45,2025-10-24,2025-10,0,0,1,0,0,0,0,0,0,0,0,1,0,0,0,0,0,1,0,0,0,1,0,0,0,1,0,0,0,0,0,0,1,0,0,0,0.019230769230769232,0.6666666666666666,0.8473580421701977,0.6119343815623429
T101012,C1463,68,4,4036.59,16146.36,2025-12-28,2025-12,0,0,1,1,0,0,0,0,0,0,0,0,0,0,0,0,1,0,0,0,0,1,0,0,0,0,0,0,1,0,0,0,0,0,0,1,0.9615384615384616,0.5,0.8060373160742277,0.46556901345767704
T101614,C1428,69,4,3228.95,12915.8,2025-07-16,2025-07,0,1,0,0,0,0,0,0,0,0,0,0,0,1,0,0,0,0,1,0,1,0,0,0,0,0,0,0,0,0,0,1,0,0,0,1,0.9807692307692307,0.5,0.6426879708752591,0.3720866706001539
T100495,C1161,66,7,4377.46,30642.22,2025-01-07,2025-01,0,1,0,0,0,0,1,0,0,0,0,0,0,0,1,0,0,0,0,0,0,1,0,0,0,0,0,0,0,0,1,0,0,0,0,1,0.9230769230769231,1.0,0.8749800273044446,0.8850340456919199
T101261,C1234,35,4,1061.52,4246.08,2025-02-20,2025-02,1,0,0,0,0,0,0,0,0,0,0,0,0,1,0,0,0,1,0,0,0,0,0,1,0,0,0,0,0,1,0,0,0,1,0,0,0.3269230769230769,0.5,0.20431410223997573,0.12121198091207325
T100659,C1080,48,7,84.37,590.59,2025-08-02,2025-08,1,0,0,0,0,0,0,0,1,0,0,0,0,0,0,0,1,0,0,0,0,0,0,1,0,0,0,1,0,0,0,0,0,0,1,0,0.5769230769230769,1.0,0.006680487434899125,0.015433487557284182
T101209,C1355,68,7,4922.54,34457.78,2025-06-03,2025-06,0,0,1,0,1,0,0,0,0,0,0,0,0,0,0,0,0,1,0,0,1,0,0,0,0,0,0,0,0,0,1,0,0,0,0,1,0.9615384615384616,1.0,0.9852252616675936,0.9954444662114122
T100921,C1471,26,4,4151.25,16605.0,2025-12-12,2025-12,0,1,0,0,0,0,1,0,0,0,0,0,0,0,0,0,0,0,0,1,0,0,0,1,0,1,0,0,0,0,0,0,0,1,0,0,0.15384615384615385,0.5,0.8292278909844769,0.4788406263446608
T101193,C1510,42,2,2263.79,4527.58,2025-04-09,2025-04,0,0,1,0,0,0,0,0,0,0,0,0,0,1,0,0,0,0,1,0,1,0,0,0,0,0,0,0,0,0,0,1,0,0,1,0,0.46153846153846156,0.16666666666666666,0.44747939525711683,0.129357714009243
T101397,C1031,43,6,2880.68,17284.08,2025-02-17,2025-02,0,1,0,0,0,0,0,1,0,0,0,0,0,0,0,0,1,0,0,0,0,0,0,0,1,0,1,0,0,0,0,0,0,0,1,0,0.4807692307692308,0.8333333333333334,0.5722485715730393,0.49849108613729337
T100554,C1242,64,5,3574.8,17874.0,2025-10-29,2025-10,0,1,0,0,0,0,0,1,0,0,0,0,0,0,0,0,0,1,0,0,0,1,0,0,0,0,0,0,0,0,0,1,0,0,0,1,0.8846153846153846,0.6666666666666666,0.712637912726905,0.5155615332729323
T100987,C1020,45,6,4639.17,27835.02,2025-05-18,2025-05,1,0,0,0,0,0,0,1,0,0,0,0,0,0,0,1,0,0,0,0,0,0,0,0,1,0,0,0,1,0,0,0,0,0,1,0,0.5192307692307693,0.8333333333333334,0.9279122212671285,0.8038024224223818
T100586,C1282,62,4,2880.64,11522.56,2025-11-07,2025-11,0,1,0,0,0,0,0,0,1,0,0,0,0,0,0,0,0,1,0,0,0,1,0,0,0,1,0,0,0,0,0,0,0,0,0,1,0.8461538461538461,0.5,0.5722404813672447,0.3317706450928686
T100264,C1455,65,2,1960.86,3921.72,2025-08-29,2025-08,0,0,1,0,0,0,0,0,0,0,0,0,0,1,0,0,0,0,0,1,0,0,0,0,1,1,0,0,0,0,0,0,0,0,0,1,0.9038461538461539,0.16666666666666666,0.3862102442230874,0.11182601292842143
T101519,C1198,32,6,3687.27,22123.62,2025-07-20,2025-07,0,1,0,0,0,0,0,1,0,0,0,0,0,0,1,0,0,0,0,0,1,0,0,0,0,0,0,0,1,0,0,0,0,1,0,0,0.2692307692307692,0.8333333333333334,0.7353855488698994,0.6385322980487568
T100286,C1446,20,7,2504.3,17530.1,2025-07-24,2025-07,1,0,0,0,0,0,0,0,1,0,0,0,0,0,0,0,1,0,0,0,0,0,0,1,0,0,0,0,0,1,0,0,1,0,0,0,0.038461538461538464,1.0,0.49612378014865754,0.5056101385584858
T101439,C1131,25,3,4211.37,12634.11,2025-11-21,2025-11,0,0,1,0,0,0,0,0,0,0,1,0,0,0,0,0,0,0,0,1,0,0,0,1,0,1,0,0,0,0,0,0,1,0,0,0,0.1346153846153846,0.3333333333333333,0.8413874702937756,0.3639354394948546
T101762,C1074,43,4,3121.71,12486.84,2025-05-02,2025-05,0,0,1,0,0,0,0,0,0,0,0,0,1,0,0,0,1,0,0,0,0,1,0,0,0,1,0,0,0,0,0,0,0,0,1,0,0.4807692307692308,0.5,0.6209981291399099,0.3596739044567722
T101977,C1302,49,7,3512.73,24589.11,2025-05-02,2025-05,1,0,0,0,0,0,0,1,0,0,0,0,0,0,0,1,0,0,0,0,0,1,0,0,0,1,0,0,0,0,0,0,0,0,1,0,0.5961538461538461,1.0,0.7000839358851191,0.7098758983817626
T101902,C1595,39,2,4179.4,8358.8,2025-05-13,2025-05,0,0,1,0,0,0,0,0,0,0,0,0,0,1,0,0,0,1,0,0,0,0,0,1,0,0,0,0,0,0,1,0,0,1,0,0,0.40384615384615385,0.16666666666666666,0.8349213733124335,0.24022128614614802
T101077,C1140,35,5,882.21,4411.05,2025-11-22,2025-11,1,0,0,0,1,0,0,0,0,0,0,0,0,0,0,0,0,1,0,0,0,1,0,0,0,0,0,1,0,0,0,0,0,1,0,0,0.3269230769230769,0.6666666666666666,0.1680477322141882,0.12598569881274857
T100609,C1265,20,7,2736.46,19155.22,2025-03-15,2025-03,0,1,0,0,0,0,0,0,0,1,0,0,0,0,0,1,0,0,0,0,0,0,0,0,1,0,0,1,0,0,0,0,1,0,0,0,0.038461538461538464,1.0,0.5430793345805733,0.5526360489345873
T100209,C1325,47,3,3078.25,9234.75,2025-03-30,2025-03,0,0,1,1,0,0,0,0,0,0,0,0,0,0,0,0,0,0,1,0,0,0,0,0,1,0,0,0,1,0,0,0,0,0,1,0,0.5576923076923077,0.3333333333333333,0.6122081205440663,0.26556855046751876
T101767,C1018,27,4,4727.61,18910.44,2025-03-10,2025-03,0,1,0,0,0,0,0,0,0,0,0,1,0,0,0,0,0,0,0,1,0,0,0,1,0,0,1,0,0,0,0,0,0,1,0,0,0.17307692307692307,0.5,0.9457996662790109,0.545552878250661
T101580,C1100,64,4,676.95,2707.8,2025-06-19,2025-06,0,0,1,0,0,0,1,0,0,0,0,0,0,0,0,0,0,0,1,0,0,0,0,1,0,0,0,0,0,1,0,0,0,0,0,1,0.8846153846153846,0.5,0.1265328411791475,0.0766989496200153
T101951,C1123,26,6,1384.69,8308.14,2025-10-19,2025-10,0,1,0,0,0,0,0,0,0,0,0,0,1,0,0,0,0,0,1,0,0,0,0,1,0,0,0,0,1,0,0,0,0,1,0,0,0.15384615384615385,0.8333333333333334,0.2696768974060778,0.2387553435575064
T101382,C1316,69,6,1166.03,6996.18,2025-08-30,2025-08,0,1,0,0,0,0,0,0,0,0,1,0,0,0,0,1,0,0,0,0,0,0,0,0,1,0,0,1,0,0,0,0,0,0,0,1,0.9807692307692307,0.8333333333333334,0.22545178742984276,0.20079130805426362
T101216,C1125,70,5,791.5,3957.5,2025-06-02,2025-06,0,0,1,0,0,0,0,0,1,0,0,0,0,0,0,0,0,0,0,1,1,0,0,0,0,0,1,0,0,0,0,0,0,0,0,1,1.0,0.6666666666666666,0.1497011680234616,0.11286137466986632
T100036,C1381,29,4,1450.02,5800.08,2025-01-16,2025-01,1,0,0,0,0,0,0,0,0,0,0,0,0,1,0,0,0,1,0,0,0,1,0,0,0,0,0,0,0,1,0,0,0,1,0,0,0.21153846153846154,0.5,0.2828902260201244,0.16617990003463745
T101526,C1536,50,3,2504.3,7512.9,2025-08-03,2025-08,1,0,0,0,0,0,0,0,0,0,1,0,0,0,0,0,1,0,0,0,1,0,0,0,0,0,0,0,1,0,0,0,0,0,1,0,0.6153846153846154,0.3333333333333333,0.49612378014865754,0.21574357521578957
T100594,C1212,60,5,4371.12,21855.6,2025-09-13,2025-09,0,1,0,0,1,0,0,0,0,0,0,0,0,0,0,0,0,1,0,0,0,0,0,0,1,0,0,1,0,0,0,0,0,0,1,0,0.8076923076923077,0.6666666666666666,0.8736977296859988,0.6307766341599347
T101099,C1376,64,1,886.79,886.79,2025-09-28,2025-09,0,0,1,0,0,0,0,0,0,1,0,0,0,0,1,0,0,0,0,0,1,0,0,0,0,0,0,0,1,0,0,0,0,0,0,1,0.8846153846153846,0.0,0.16897406077767102,0.024004592862370097
T100108,C1420,26,2,798.5,1597.0,2025-06-10,2025-06,1,0,0,0,0,0,0,0,0,0,0,1,0,0,0,0,0,1,0,0,0,1,0,0,0,0,0,0,0,0,1,0,0,1,0,0,0.15384615384615385,0.16666666666666666,0.15111695403751832,0.04455585788169849
T100368,C1180,53,1,862.22,862.22,2025-04-24,2025-04,1,0,0,0,0,1,0,0,0,0,0,0,0,0,0,1,0,0,0,0,0,0,0,1,0,0,0,0,0,1,0,0,0,0,1,0,0.6730769230769231,0.0,0.1640046518683319,0.023293613600567396
T101433,C1126,29,5,854.05,4270.25,2025-06-04,2025-06,1,0,0,0,1,0,0,0,0,0,0,0,0,0,1,0,0,0,0,0,0,0,0,0,1,0,0,0,0,0,0,1,0,1,0,0,0.21153846153846154,0.6666666666666666,0.1623522273347828,0.12191138541991905
T101947,C1376,28,1,4531.26,4531.26,2025-07-08,2025-07,0,0,1,0,0,0,0,0,0,0,0,1,0,0,0,0,1,0,0,0,0,0,0,1,0,0,0,0,0,0,1,0,0,1,0,0,0.19230769230769232,0.0,0.9060868685847197,0.12946420174564652
T101720,C1075,70,6,1797.15,10782.9,2025-12-26,2025-12,0,1,0,0,1,0,0,0,0,0,0,0,0,0,1,0,0,0,0,0,1,0,0,0,0,1,0,0,0,0,0,0,0,0,0,1,1.0,0.8333333333333334,0.3530990544571978,0.31036718881346326
T101343,C1531,21,1,1498.94,1498.94,2025-05-02,2025-05,0,1,0,0,0,0,0,0,0,0,0,1,0,0,0,0,0,1,0,0,1,0,0,0,0,1,0,0,0,0,0,0,1,0,0,0,0.057692307692307696,0.0,0.2927845477069323,0.04171830694916397
T101094,C1529,65,5,2083.58,10417.9,2025-08-01,2025-08,0,1,0,0,0,0,0,0,0,1,0,0,0,0,0,0,0,1,0,0,0,1,0,0,0,1,0,0,0,0,0,0,0,0,0,1,0.9038461538461539,0.6666666666666666,0.4110309956009506,0.29980522582779023
T100779,C1038,63,5,1297.68,6488.4,2025-04-20,2025-04,1,0,0,0,0,0,0,0,0,1,0,0,0,0,0,0,0,0,0,1,1,0,0,0,0,0,0,0,1,0,0,0,0,0,0,1,0.8653846153846154,0.6666666666666666,0.25207867725135263,0.18609773664367438
T101789,C1038,41,2,2406.07,4812.14,2025-08-31,2025-08,1,0,0,0,0,0,0,0,0,0,1,0,0,0,0,1,0,0,0,0,0,0,0,1,0,0,0,0,1,0,0,0,0,0,1,0,0.4423076923076923,0.16666666666666666,0.47625625726854426,0.1375919939741831
T100102,C1272,45,1,4180.4,4180.4,2025-01-14,2025-01,1,0,0,1,0,0,0,0,0,0,0,0,0,0,0,0,0,1,0,0,0,1,0,0,0,0,0,0,0,0,1,0,0,0,1,0,0.5192307692307693,0.0,0.8351236284572988,0.11931140631234993
T101370,C1515,55,4,1893.07,7572.28,2025-04-30,2025-04,1,0,0,0,0,0,0,0,0,0,0,1,0,0,0,0,0,0,1,0,0,0,0,1,0,0,0,0,0,0,0,1,0,0,1,0,0.7115384615384616,0.5,0.3724993679526723,0.21746184744069166
T101647,C1099,36,2,1002.42,2004.84,2025-09-07,2025-09,0,1,0,0,0,0,0,0,0,1,0,0,0,0,0,0,0,0,0,1,0,0,0,1,0,0,0,0,1,0,0,0,0,1,0,0,0.34615384615384615,0.16666666666666666,0.19236082317843958,0.056357477016155746
T101160,C1580,47,1,3513.12,3513.12,2025-03-18,2025-03,0,1,0,0,0,0,0,0,0,0,0,0,0,1,0,1,0,0,0,0,0,0,0,1,0,0,0,0,0,0,1,0,0,0,1,0,0.5576923076923077,0.0,0.7001628153916165,0.10000240176144606
T100860,C1176,67,3,1017.95,3053.85,2025-01-13,2025-01,0,0,1,1,0,0,0,0,0,0,0,0,0,0,0,0,0,0,0,1,0,1,0,0,0,0,1,0,0,0,0,0,0,0,0,1,0.9423076923076923,0.3333333333333333,0.1955018455781969,0.08671255863698013
T101256,C1378,31,3,2547.35,7642.05,2025-07-08,2025-07,0,0,1,0,0,0,0,0,0,0,1,0,0,0,0,0,0,1,0,0,0,0,0,1,0,0,0,0,0,0,1,0,0,1,0,0,0.25,0.3333333333333333,0.5048308641351064,0.2194807738996243
T101481,C1115,30,6,2483.84,14903.04,2025-12-30,2025-12,1,0,0,0,0,0,1,0,0,0,0,0,0,0,0,0,0,0,0,1,0,1,0,0,0,0,0,0,0,0,1,0,0,1,0,0,0.23076923076923078,0.8333333333333334,0.49198563988471455,0.4295912057334386
T101776,C1199,39,6,1529.42,9176.52,2025-12-22,2025-12,1,0,0,0,0,0,0,0,1,0,0,0,0,0,1,0,0,0,0,0,0,0,0,0,1,0,1,0,0,0,0,0,0,1,0,0,0.40384615384615385,0.8333333333333334,0.2989492845224251,0.2638835556602428
T100449,C1539,68,7,542.21,3795.47,2025-08-20,2025-08,0,0,1,0,1,0,0,0,0,0,0,0,0,0,0,1,0,0,0,0,0,1,0,0,0,0,0,0,0,0,0,1,0,0,0,1,0.9615384615384616,1.0,0.09928098296000405,0.10817273121077424
T100117,C1365,64,7,1573.13,11011.91,2025-06-22,2025-06,0,0,1,0,0,0,1,0,0,0,0,0,0,0,0,0,0,1,0,0,0,1,0,0,0,0,0,0,1,0,0,0,0,0,0,1,0.8846153846153846,1.0,0.30778985690448507,0.3169940248226386
T101900,C1353,61,6,2504.3,15025.8,2025-05-15,2025-05,0,1,0,0,0,0,0,0,0,0,1,0,0,0,0,0,0,0,0,1,0,0,0,1,0,0,0,0,0,1,0,0,0,0,0,1,0.8269230769230769,0.8333333333333334,0.49612378014865754,0.4331434977228118
T101121,C1057,56,4,2504.3,10017.2,2025-01-16,2025-01,0,0,1,0,0,0,0,0,0,1,0,0,0,0,0,1,0,0,0,0,0,0,0,0,1,0,0,0,0,1,0,0,0,0,1,0,0.7307692307692307,0.5,0.49612378014865754,0.2882102160514637
T101565,C1401,34,5,427.16,2135.8,2025-05-18,2025-05,0,1,0,0,0,0,0,0,0,0,0,1,0,0,1,0,0,0,0,0,0,0,0,1,0,0,0,0,1,0,0,0,0,1,0,0,0.3076923076923077,0.6666666666666666,0.07601152854325732,0.06014705146164547
T101509,C1007,40,7,1097.01,7679.07,2025-03-03,2025-03,0,0,1,1,0,0,0,0,0,0,0,0,0,0,1,0,0,0,0,0,0,0,1,0,0,0,1,0,0,0,0,0,0,1,0,0,0.4230769230769231,1.0,0.2114921373312434,0.22055201737833557
T101400,C1383,49,1,4227.58,4227.58,2025-10-29,2025-10,0,0,1,0,1,0,0,0,0,0,0,0,0,0,0,1,0,0,0,0,1,0,0,0,0,0,0,0,0,0,0,1,0,0,1,0,0.5961538461538461,0.0,0.8446660261920412,0.12067664854156654
T100239,C1420,70,3,1851.94,5555.82,2025-03-05,2025-03,0,0,1,0,0,0,1,0,0,0,0,0,0,0,0,0,0,0,0,1,0,1,0,0,0,0,0,0,0,0,0,1,0,0,0,1,1.0,0.3333333333333333,0.3641806138443647,0.15911177653085526
T100606,C1378,55,4,2779.56,11118.24,2025-07-03,2025-07,1,0,0,0,0,0,0,0,0,0,0,0,1,0,0,1,0,0,0,0,1,0,0,0,0,0,0,0,0,1,0,0,0,0,1,0,0.7115384615384616,0.5,0.5517965313242655,0.32007088379323206
T101868,C1198,24,3,2993.28,8979.84,2025-05-18,2025-05,0,1,0,0,0,0,0,0,0,1,0,0,0,0,1,0,0,0,0,0,0,0,0,1,0,0,0,0,1,0,0,0,1,0,0,0,0.11538461538461539,0.3333333333333333,0.5950225008848663,0.25819224913963407
T101199,C1599,53,7,2504.3,17530.1,2025-12-18,2025-12,0,1,0,0,0,0,0,0,0,0,0,0,1,0,1,0,0,0,0,0,0,1,0,0,0,0,0,0,0,1,0,0,0,0,1,0,0.6730769230769231,1.0,0.49612378014865754,0.5056101385584858
T101472,C1060,47,2,3973.18,7946.36,2025-07-14,2025-07,0,1,0,0,1,0,0,0,0,0,0,0,0,0,0,0,0,0,0,1,0,0,0,1,0,0,1,0,0,0,0,0,0,0,1,0,0.5576923076923077,0.16666666666666666,0.7932123173383222,0.2282865573411864
T100171,C1260,41,2,4701.91,9403.82,2025-06-04,2025-06,0,1,0,0,0,0,0,0,0,1,0,0,0,0,1,0,0,0,0,0,0,0,0,0,1,0,0,0,0,0,0,1,0,0,1,0,0.4423076923076923,0.16666666666666666,0.9406017090559741,0.2704609095962523
T100044,C1577,19,6,3413.82,20482.92,2025-01-13,2025-01,0,0,1,0,0,0,0,0,0,0,0,0,1,0,0,1,0,0,0,0,1,0,0,0,0,0,1,0,0,0,0,0,1,0,0,0,0.019230769230769232,0.8333333333333334,0.6800788795064975,0.5910555510060341
T100694,C1232,35,5,3470.55,17352.75,2025-01-04,2025-01,0,0,1,0,0,0,0,0,0,1,0,0,0,0,0,1,0,0,0,0,0,1,0,0,0,0,0,1,0,0,0,0,0,1,0,0,0.3269230769230769,0.6666666666666666,0.6915528138747029,0.5004781820228444
T101119,C1475,63,3,4020.98,12062.94,2025-02-08,2025-02,0,0,1,0,0,0,0,0,0,1,0,0,0,0,0,1,0,0,0,0,0,0,0,1,0,0,0,1,0,0,0,0,0,0,0,1,0.8653846153846154,0.3333333333333333,0.8028801132628811,0.3474075589509453
T100692,C1443,66,4,3873.81,15495.24,2025-02-26,2025-02,0,0,1,0,0,0,0,1,0,0,0,0,0,0,0,0,0,0,0,1,0,0,0,0,1,0,0,0,0,0,0,1,0,0,0,1,0.9230769230769231,0.5,0.7731142235930626,0.446727628966632
T101082,C1397,21,2,2254.1,4508.2,2025-08-14,2025-08,1,0,0,0,0,0,0,0,0,0,1,0,0,0,1,0,0,0,0,0,0,1,0,0,0,0,0,0,0,1,0,0,1,0,0,0,0.057692307692307696,0.16666666666666666,0.44551954290337253,0.1287969171800311
T100193,C1195,58,4,2819.83,11279.32,2025-07-05,2025-07,0,0,1,0,0,0,0,0,0,0,0,0,1,0,0,0,0,0,0,1,0,1,0,0,0,0,0,1,0,0,0,0,0,0,1,0,0.7692307692307693,0.5,0.5599413460079891,0.3247320372116765
T101713,C1350,30,2,4127.09,8254.18,2025-06-12,2025-06,0,1,0,0,0,0,0,1,0,0,0,0,0,0,0,0,0,0,0,1,0,0,0,1,0,0,0,0,0,1,0,0,0,1,0,0,0.23076923076923078,0.16666666666666666,0.8243414066845325,0.23719390924872036
T100221,C1536,52,3,4288.59,12865.77,2025-07-16,2025-07,1,0,0,0,0,0,0,0,0,0,0,0,1,0,0,1,0,0,0,0,0,1,0,0,0,0,0,0,0,0,0,1,0,0,1,0,0.6538461538461539,0.3333333333333333,0.85700561258027,0.3706389582489944
T100242,C1437,50,4,1284.48,5137.92,2025-12-31,2025-12,0,0,1,0,0,0,0,1,0,0,0,0,0,0,1,0,0,0,0,0,0,1,0,0,0,0,0,0,0,0,0,1,0,0,1,0,0.6153846153846154,0.5,0.24940890933913135,0.14701905233438192
T100535,C1134,64,6,2138.6,12831.6,2025-07-30,2025-07,1,0,0,0,0,0,0,0,0,0,0,0,1,0,0,0,0,1,0,0,0,1,0,0,0,0,0,0,0,0,0,1,0,0,0,1,0.8846153846153846,0.8333333333333334,0.42215907367143646,0.369650184892226
T101304,C1255,52,7,4691.39,32839.73,2025-07-04,2025-07,0,0,1,0,0,0,1,0,0,0,0,0,0,0,0,1,0,0,0,0,0,1,0,0,0,1,0,0,0,0,0,0,0,0,1,0,0.6538461538461539,1.0,0.9384739849319917,0.9486231396114992
T101154,C1028,24,6,336.89,2021.34,2025-09-26,2025-09,1,0,0,0,1,0,0,0,0,0,0,0,0,0,0,0,1,0,0,0,1,0,0,0,0,1,0,0,0,0,0,0,1,0,0,0,0.11538461538461539,0.8333333333333334,0.05775395661627142,0.056834935616877955
T101774,C1070,28,6,3169.45,19016.7,2025-07-19,2025-07,1,0,0,0,0,0,0,0,1,0,0,0,0,0,0,0,1,0,0,0,0,0,0,1,0,0,0,1,0,0,0,0,0,1,0,0,0.19230769230769232,0.8333333333333334,0.6306537897557768,0.5486277116393121
T101247,C1303,59,6,558.6,3351.6,2025-11-13,2025-11,0,0,1,0,0,0,0,0,0,1,0,0,0,0,0,1,0,0,0,0,0,0,0,1,0,0,0,0,0,1,0,0,0,0,1,0,0.7884615384615384,0.8333333333333334,0.10259594478434544,0.09532851611364904
T101211,C1432,26,5,2922.57,14612.85,2025-01-15,2025-01,0,0,1,0,0,0,0,0,0,1,0,0,0,0,0,0,0,0,1,0,1,0,0,0,0,0,0,0,0,0,0,1,0,1,0,0,0.15384615384615385,0.6666666666666666,0.5807210395914446,0.4211940111065552
T101555,C1204,22,7,2809.51,19666.57,2025-12-15,2025-12,1,0,0,0,1,0,0,0,0,0,0,0,0,0,0,0,0,0,1,0,1,0,0,0,0,0,1,0,0,0,0,0,1,0,0,0,0.07692307692307693,1.0,0.5578540729129797,0.5674329250242418
T100314,C1289,27,6,3798.26,22789.56,2025-03-21,2025-03,0,1,0,0,1,0,0,0,0,0,0,0,0,0,0,1,0,0,0,0,0,1,0,0,0,1,0,0,0,0,0,0,0,1,0,0,0.17307692307692307,0.8333333333333334,0.7578338473984932,0.6578025271739052
T101102,C1247,70,1,2544.66,2544.66,2025-01-17,2025-01,1,0,0,0,0,0,0,0,0,0,0,0,0,1,0,0,0,1,0,0,1,0,0,0,0,1,0,0,0,0,0,0,0,0,0,1,1.0,0.0,0.5042867977954189,0.07197818621869283
T100294,C1443,40,5,4181.24,20906.2,2025-03-29,2025-03,1,0,0,0,0,0,0,1,0,0,0,0,0,0,1,0,0,0,0,0,0,0,0,0,1,0,0,1,0,0,0,0,0,1,0,0,0.4230769230769231,0.6666666666666666,0.8352935227789856,0.6033039556432278
T101464,C1451,39,1,1626.68,1626.68,2025-02-23,2025-02,1,0,0,0,0,0,0,0,0,0,0,1,0,0,0,0,0,1,0,0,0,0,0,0,1,0,0,0,1,0,0,0,0,1,0,0,0.40384615384615385,0.0,0.31862061991201907,0.04541470462530062
T101356,C1395,37,3,3044.51,9133.53,2025-02-19,2025-02,0,0,1,0,0,0,0,1,0,0,0,0,0,0,0,1,0,0,0,0,0,1,0,0,0,0,0,0,0,0,0,1,0,1,0,0,0.36538461538461536,0.3333333333333333,0.6053840319563129,0.26263955897872476
T100915,C1502,27,4,1610.99,6443.96,2025-04-18,2025-04,1,0,0,1,0,0,0,0,0,0,0,0,0,0,0,0,0,0,0,1,1,0,0,0,0,1,0,0,0,0,0,0,0,1,0,0,0.17307692307692307,0.5,0.3154472366890833,0.18481178147906258
T100702,C1176,36,6,568.8,3412.8,2025-12-14,2025-12,0,1,0,0,0,0,0,0,0,0,0,0,0,1,0,0,0,0,0,1,0,0,0,1,0,0,0,0,1,0,0,0,0,1,0,0,0.34615384615384615,0.8333333333333334,0.10465894726197096,0.09709945346905505
T100587,C1480,40,6,382.45,2294.7,2025-06-23,2025-06,0,1,0,0,0,0,0,0,0,0,0,0,0,1,1,0,0,0,0,0,0,1,0,0,0,0,1,0,0,0,0,0,0,1,0,0,0.4230769230769231,0.8333333333333334,0.06696870101633211,0.06474512247102478
T101657,C1286,34,7,4087.33,28611.31,2025-07-24,2025-07,1,0,0,0,1,0,0,0,0,0,0,0,0,0,0,0,0,0,1,0,1,0,0,0,0,0,0,0,0,1,0,0,0,1,0,0,0.3076923076923077,1.0,0.8162997421246903,0.8262658367953905
T101675,C1358,40,1,2528.96,2528.96,2025-10-07,2025-10,0,0,1,0,0,0,0,0,0,0,0,0,0,1,0,0,0,0,1,0,0,0,0,0,1,0,0,0,0,0,1,0,0,1,0,0,0.4230769230769231,0.0,0.5011113920210345,0.07152387712588443
T101318,C1375,59,2,339.25,678.5,2025-08-04,2025-08,1,0,0,0,0,0,0,0,0,0,0,1,0,0,0,1,0,0,0,0,0,0,0,1,0,0,1,0,0,0,0,0,0,0,1,0,0.7884615384615384,0.16666666666666666,0.058231278758153406,0.017977329108162313
T100620,C1582,66,4,3901.98,15607.92,2025-11-15,2025-11,0,0,1,0,0,0,1,0,0,0,0,0,0,0,1,0,0,0,0,0,0,0,0,1,0,0,0,1,0,0,0,0,0,0,0,1,0.9230769230769231,0.5,0.7788117510239166,0.44998823715629127
T100324,C1392,21,4,2688.7,10754.8,2025-05-26,2025-05,0,1,0,0,0,0,0,0,0,0,1,0,0,0,1,0,0,0,0,0,1,0,0,0,0,0,1,0,0,0,0,0,1,0,0,0,0.057692307692307696,0.5,0.5334196288618092,0.3095540623479909
T100482,C1215,34,5,4552.88,22764.4,2025-10-14,2025-10,1,0,0,0,0,0,0,1,0,0,0,0,0,0,0,0,0,0,0,1,1,0,0,0,0,0,0,0,0,0,1,0,0,1,0,0,0.3076923076923077,0.6666666666666666,0.9104596248167063,0.657074475150016
T101721,C1093,32,3,1864.62,5593.86,2025-06-27,2025-06,0,0,1,0,0,0,0,0,0,1,0,0,0,0,0,0,0,1,0,0,0,1,0,0,0,1,0,0,0,0,0,0,0,1,0,0,0.2692307692307692,0.3333333333333333,0.366745209081256,0.16021253563215662
T101169,C1296,63,2,1701.56,3403.12,2025-11-23,2025-11,0,0,1,0,0,0,1,0,0,0,0,0,0,0,0,0,0,0,0,1,1,0,0,0,0,0,0,0,1,0,0,0,0,0,0,1,0.8653846153846154,0.16666666666666666,0.33376548515952875,0.09681934442329801
T101567,C1560,18,3,3841.12,11523.36,2025-07-09,2025-07,0,0,1,0,0,0,0,0,0,0,1,0,0,0,0,1,0,0,0,0,0,1,0,0,0,0,0,0,0,0,0,1,1,0,0,0,0.0,0.3333333333333333,0.7665025029074176,0.3317937946007824
T101807,C1235,57,1,2504.3,2504.3,2025-07-23,2025-07,1,0,0,0,1,0,0,0,0,0,0,0,0,0,0,0,0,0,0,1,0,1,0,0,0,0,0,0,0,0,0,1,0,0,1,0,0.75,0.0,0.49612378014865754,0.07081029354444142
T101692,C1535,28,7,1036.07,7252.49,2025-09-03,2025-09,0,1,0,0,0,0,0,0,0,1,0,0,0,0,1,0,0,0,0,0,0,0,0,1,0,0,0,0,0,0,0,1,0,1,0,0,0.19230769230769232,1.0,0.19916670880315515,0.20820812102099748
T100202,C1455,57,6,2753.76,16522.56,2025-02-13,2025-02,1,0,0,0,0,0,0,0,1,0,0,0,0,0,0,1,0,0,0,0,0,0,0,1,0,0,0,0,0,1,0,0,0,0,1,0,0.75,0.8333333333333334,0.5465783485867421,0.47645506955414335
T101664,C1268,38,2,1412.29,2824.58,2025-06-23,2025-06,0,1,0,1,0,0,0,0,0,0,0,0,0,0,0,0,0,0,0,1,1,0,0,0,0,0,1,0,0,0,0,0,0,1,0,0,0.38461538461538464,0.16666666666666666,0.2752591394043586,0.08007819903773283
T101181,C1436,49,6,2521.06,15126.36,2025-07-31,2025-07,0,1,0,0,0,0,0,0,0,0,0,0,0,1,0,0,1,0,0,0,1,0,0,0,0,0,0,0,0,1,0,0,0,0,1,0,0.5961538461538461,0.8333333333333334,0.49951357637659904,0.436053390867577
T101616,C1523,68,2,3261.5,6523.0,2025-01-28,2025-01,1,0,0,0,0,0,1,0,0,0,0,0,0,0,0,0,0,1,0,0,1,0,0,0,0,0,0,0,0,0,1,0,0,0,0,1,0.9615384615384616,0.16666666666666666,0.6492713758406229,0.1870989528609464
T100419,C1532,61,6,1655.69,9934.14,2025-06-02,2025-06,1,0,0,0,0,0,0,0,0,0,0,1,0,0,0,0,1,0,0,0,0,0,0,1,0,0,1,0,0,0,0,0,0,0,0,1,0.8269230769230769,0.8333333333333334,0.32448804166455986,0.285806718392313
T100386,C1574,27,7,3247.85,22734.95,2025-02-27,2025-02,0,1,0,0,0,0,0,0,0,0,0,0,0,1,0,1,0,0,0,0,0,0,0,1,0,0,0,0,0,1,0,0,0,1,0,0,0.17307692307692307,1.0,0.6465105931132122,0.6562222838899391
T101364,C1155,37,5,2343.98,11719.9,2025-09-11,2025-09,0,1,0,0,0,0,0,0,1,0,0,0,0,0,0,0,0,1,0,0,1,0,0,0,0,0,0,0,0,1,0,0,0,1,0,0,0.36538461538461536,0.6666666666666666,0.463698235323861,0.33748104995750616
T100300,C1260,48,6,3186.19,19117.14,2025-05-10,2025-05,1,0,0,0,0,0,0,0,0,0,1,0,0,0,0,0,0,1,0,0,0,0,0,1,0,0,0,1,0,0,0,0,0,0,1,0,0.5769230769230769,0.8333333333333334,0.6340395408808212,0.5515341323578902
T100553,C1341,34,3,346.67,1040.01,2025-08-22,2025-08,0,0,1,0,0,0,0,0,0,0,1,0,0,0,0,0,0,1,0,0,1,0,0,0,0,1,0,0,0,0,0,0,0,1,0,0,0.3076923076923077,0.3333333333333333,0.05973201193305355,0.028438302365561403
T100971,C1387,47,2,3105.02,6210.04,2025-04-21,2025-04,0,0,1,1,0,0,0,0,0,0,0,0,0,0,0,0,0,1,0,0,0,0,0,1,0,0,1,0,0,0,0,0,0,0,1,0,0.5576923076923077,0.16666666666666666,0.617622490772109,0.1780428653650663
T100159,C1074,19,5,2284.92,11424.6,2025-02-03,2025-02,0,0,1,0,0,0,0,1,0,0,0,0,0,0,0,0,0,0,1,0,0,0,0,1,0,0,1,0,0,0,0,0,1,0,0,0,0.019230769230769232,0.6666666666666666,0.45175304646811953,0.3289359878488233
T101279,C1131,64,3,1135.98,3407.94,2025-10-15,2025-10,0,1,0,0,0,0,1,0,0,0,0,0,0,0,0,1,0,0,0,0,0,1,0,0,0,0,0,0,0,0,0,1,0,0,0,1,0.8846153846153846,0.3333333333333333,0.21937402032664208,0.09695882020847868
T100216,C1384,20,4,519.21,2076.84,2025-05-14,2025-05,0,1,0,0,0,0,1,0,0,0,0,0,0,0,0,0,0,0,0,1,1,0,0,0,0,0,0,0,0,0,0,1,1,0,0,0,0.038461538461538464,0.5,0.09462911462810335,0.058440932728398114
T101856,C1131,37,6,3429.9,20579.4,2025-04-27,2025-04,1,0,0,0,0,0,0,0,0,0,0,1,0,0,0,0,1,0,0,0,0,1,0,0,0,0,0,0,1,0,0,0,0,1,0,0,0.36538461538461536,0.8333333333333334,0.6833311422359306,0.5938473816604389
T101067,C1287,22,7,1757.39,12301.73,2025-09-15,2025-09,0,0,1,0,0,0,0,0,0,1,0,0,0,0,0,0,0,0,1,0,0,0,0,1,0,0,1,0,0,0,0,0,1,0,0,0,0.07692307692307693,1.0,0.34505738989735557,0.3543173976943669
T100722,C1346,55,2,709.62,1419.24,2025-01-13,2025-01,1,0,0,0,0,0,0,0,0,0,1,0,0,0,1,0,0,0,0,0,0,1,0,0,0,0,1,0,0,0,0,0,0,0,1,0,0.7115384615384616,0.16666666666666666,0.13314051676189512,0.03941203722325125
T100284,C1038,21,2,2118.49,4236.98,2025-06-15,2025-06,0,1,0,1,0,0,0,0,0,0,0,0,0,0,0,0,1,0,0,0,0,0,0,1,0,0,0,0,1,0,0,0,1,0,0,0,0.057692307692307696,0.16666666666666666,0.41809172270819633,0.12094865525955371
T100946,C1397,43,6,4888.43,29330.58,2025-04-13,2025-04,1,0,0,0,1,0,0,0,0,0,0,0,0,0,1,0,0,0,0,0,0,0,0,0,1,0,0,0,1,0,0,0,0,0,1,0,0.4807692307692308,0.8333333333333334,0.9783263386762401,0.8470792699918427
T101643,C1219,36,2,2881.46,5762.92,2025-04-17,2025-04,1,0,0,0,0,0,0,0,0,0,1,0,0,0,1,0,0,0,0,0,0,1,0,0,0,0,0,0,0,1,0,0,0,1,0,0,0.34615384615384615,0.16666666666666666,0.5724063305860343,0.16510460539204125
T100099,C1110,32,1,1395.78,1395.78,2025-04-30,2025-04,1,0,0,0,0,0,0,0,1,0,0,0,0,0,1,0,0,0,0,0,0,0,0,0,1,0,0,0,0,0,0,1,0,1,0,0,0.2692307692307692,0.0,0.27191990696263335,0.038733177903678945
T101938,C1506,67,5,1408.93,7044.65,2025-03-27,2025-03,0,0,1,0,0,0,0,1,0,0,0,0,0,0,0,1,0,0,0,0,0,1,0,0,0,0,0,0,0,1,0,0,0,0,0,1,0.9423076923076923,0.6666666666666666,0.2745795621176114,0.20219387886499118
T101245,C1259,63,6,3615.62,21693.72,2025-12-10,2025-12,1,0,0,1,0,0,0,0,0,0,0,0,0,0,1,0,0,0,0,0,0,0,0,0,1,0,0,0,0,0,0,1,0,0,0,1,0.8653846153846154,0.8333333333333334,0.7208939677403043,0.6260923312335764
T101995,C1557,19,1,1989.79,1989.79,2025-02-23,2025-02,1,0,0,0,0,0,0,0,0,0,1,0,0,0,0,0,0,0,0,1,1,0,0,0,0,0,0,0,1,0,0,0,1,0,0,0,0.019230769230769232,0.0,0.392061485564039,0.05592197689852731
T100875,C1202,69,4,3959.4,15837.6,2025-01-07,2025-01,0,1,0,0,0,0,0,0,0,0,1,0,0,0,0,0,0,0,1,0,1,0,0,0,0,0,0,0,0,0,1,0,0,0,0,1,0.9807692307692307,0.5,0.7904252414420792,0.4566344608783444
T100582,C1355,35,4,4875.34,19501.36,2025-07-23,2025-07,0,0,1,0,0,0,0,0,0,0,0,0,0,1,0,0,0,0,0,1,1,0,0,0,0,0,0,0,0,0,0,1,0,1,0,0,0.3269230769230769,0.5,0.975678818829954,0.5626522622711924
T101527,C1574,43,6,2699.28,16195.68,2025-09-06,2025-09,0,0,1,1,0,0,0,0,0,0,0,0,0,0,0,0,0,1,0,0,1,0,0,0,0,0,0,1,0,0,0,0,0,0,1,0,0.4807692307692308,0.8333333333333334,0.5355594882944835,0.4669961806205631
T101834,C1462,43,5,3342.77,16713.85,2025-02-17,2025-02,0,0,1,0,0,0,0,1,0,0,0,0,0,0,1,0,0,0,0,0,0,0,0,1,0,0,1,0,0,0,0,0,0,0,1,0,0.4807692307692308,0.6666666666666666,0.6657086514638216,0.4819904062651827
T100362,C1435,28,5,4653.63,23268.15,2025-09-24,2025-09,1,0,0,0,0,0,0,0,0,0,1,0,0,0,1,0,0,0,0,0,0,0,0,0,1,0,0,0,0,0,0,1,0,1,0,0,0.19230769230769232,0.6666666666666666,0.9308368306618799,0.6716514309144894
T100045,C1419,37,2,2246.18,4492.36,2025-12-12,2025-12,0,0,1,0,0,0,0,0,0,0,0,1,0,0,0,0,0,0,0,1,0,0,0,0,1,1,0,0,0,0,0,0,0,1,0,0,0.36538461538461536,0.16666666666666666,0.4439176821560398,0.1283385569233378
T100058,C1256,60,2,958.28,1916.56,2025-07-07,2025-07,0,1,0,0,0,0,1,0,0,0,0,0,0,0,0,0,0,0,1,0,0,0,0,1,0,0,1,0,0,0,0,0,0,0,1,0,0.8076923076923077,0.16666666666666666,0.18343328108408757,0.05380292881786748
T100047,C1147,48,1,115.6,115.6,2025-01-26,2025-01,0,0,1,0,0,0,0,0,0,0,0,1,0,0,1,0,0,0,0,0,0,1,0,0,0,0,0,0,1,0,0,0,0,0,1,0,0.5769230769230769,0.0,0.012996915609040803,0.001688756602311999
T101377,C1024,33,2,2741.42,5482.84,2025-11-05,2025-11,1,0,0,0,0,0,0,1,0,0,0,0,0,0,0,0,0,0,1,0,1,0,0,0,0,0,0,0,0,0,0,1,0,1,0,0,0.28846153846153844,0.16666666666666666,0.544082520099105,0.1569999626714185
T100876,C1202,34,1,1502.11,1502.11,2025-08-07,2025-08,0,0,1,0,0,0,0,0,0,0,0,1,0,0,0,0,0,1,0,0,0,1,0,0,0,0,0,0,0,1,0,0,0,1,0,0,0.3076923076923077,0.0,0.29342569651615513,0.04181003687427241
T101376,C1062,69,7,3998.66,27990.62,2025-04-29,2025-04,0,1,0,0,0,0,0,0,0,0,0,1,0,0,0,0,0,1,0,0,1,0,0,0,0,0,0,0,0,0,1,0,0,0,0,1,0.9807692307692307,1.0,0.7983657784294887,0.8083050017116167
T100625,C1287,25,3,302.97,908.91,2025-04-20,2025-04,1,0,0,0,0,0,1,0,0,0,0,0,0,0,0,0,1,0,0,0,0,0,0,1,0,0,0,0,1,0,0,0,1,0,0,0,0.1346153846153846,0.3333333333333333,0.050893462102442236,0.024644676756186777
T100612,C1027,31,4,1179.44,4717.76,2025-10-20,2025-10,0,0,1,0,0,0,0,0,1,0,0,0,0,0,0,0,0,1,0,0,0,0,0,1,0,0,1,0,0,0,0,0,0,1,0,0,0.25,0.5,0.22816402892248575,0.13486093077805208
T100434,C1584,29,5,4189.54,20947.7,2025-11-22,2025-11,0,1,0,0,0,0,0,0,0,0,0,0,0,1,0,0,0,1,0,0,0,1,0,0,0,0,0,1,0,0,0,0,0,1,0,0,0.21153846153846154,0.6666666666666666,0.8369722404813672,0.6045048363662564
T100192,C1187,37,2,1622.59,3245.18,2025-12-17,2025-12,1,0,0,0,1,0,0,0,0,0,0,0,0,0,0,0,1,0,0,0,0,1,0,0,0,0,0,0,0,0,0,1,0,1,0,0,0.36538461538461536,0.16666666666666666,0.31779339636952014,0.09224905282341526
T100859,C1405,59,1,4603.01,4603.01,2025-10-10,2025-10,1,0,0,0,0,0,0,0,0,1,0,0,0,0,1,0,0,0,0,0,0,1,0,0,0,1,0,0,0,0,0,0,0,0,1,0,0.7884615384615384,0.0,0.9205986752288011,0.13154042323666582
T100439,C1235,62,1,1948.05,1948.05,2025-03-24,2025-03,0,0,1,0,0,0,0,1,0,0,0,0,0,0,1,0,0,0,0,0,0,1,0,0,0,0,1,0,0,0,0,0,0,0,0,1,0.8461538461538461,0.0,0.3836193558173636,0.05471415132312459
T101587,C1060,36,5,862.58,4312.9,2025-08-23,2025-08,1,0,0,0,1,0,0,0,0,0,0,0,0,0,1,0,0,0,0,0,0,1,0,0,0,0,0,1,0,0,0,0,0,1,0,0,0.34615384615384615,0.6666666666666666,0.1640774637204834,0.12314554356057372
T101087,C1206,25,5,396.67,1983.35,2025-03-05,2025-03,0,1,0,0,0,0,0,0,0,1,0,0,0,0,0,1,0,0,0,0,0,0,0,0,1,0,0,0,0,0,0,1,1,0,0,0,0.1346153846153846,0.6666666666666666,0.06984476917631594,0.05573562335982119
T101562,C1291,18,5,2150.49,10752.45,2025-01-01,2025-01,0,1,0,0,0,0,0,0,0,1,0,0,0,0,1,0,0,0,0,0,0,0,0,1,0,0,0,0,0,0,0,1,1,0,0,0,0.0,0.6666666666666666,0.4245638873438842,0.30948606066849416
T101525,C1487,65,1,4139.8,4139.8,2025-04-24,2025-04,0,1,0,0,0,0,0,0,0,0,0,1,0,0,0,0,1,0,0,0,0,0,0,1,0,0,0,0,0,1,0,0,0,0,0,1,0.9038461538461539,0.0,0.8269120695757698,0.1181365687857244
T101046,C1415,39,7,2901.07,20307.49,2025-10-23,2025-10,0,0,1,0,0,0,0,0,0,0,1,0,0,0,0,0,1,0,0,0,0,0,0,0,1,0,0,0,0,1,0,0,0,1,0,0,0.40384615384615385,1.0,0.5763725539768418,0.5859791532893859
T101684,C1036,37,7,757.05,5299.35,2025-10-01,2025-10,0,1,0,0,0,0,0,0,1,0,0,0,0,0,0,1,0,0,0,0,0,0,0,1,0,0,0,0,0,0,0,1,0,1,0,0,0.36538461538461536,1.0,0.1427334782828538,0.15169033366253865
T101288,C1269,66,6,2504.3,15025.8,2025-10-04,2025-10,1,0,0,0,0,0,0,1,0,0,0,0,0,0,0,0,0,1,0,0,1,0,0,0,0,0,0,1,0,0,0,0,0,0,0,1,0.9230769230769231,0.8333333333333334,0.49612378014865754,0.4331434977228118
T100647,C1273,51,6,4748.46,28490.76,2025-05-22,2025-05,0,0,1,0,0,0,0,1,0,0,0,0,0,0,0,1,0,0,0,0,0,1,0,0,0,0,0,0,0,1,0,0,0,0,1,0,0.6346153846153846,0.8333333333333334,0.9500166860494513,0.822777495321629
T100715,C1024,61,3,51.34,154.02,2025-08-13,2025-08,1,0,0,0,0,0,0,0,1,0,0,0,0,0,0,0,0,0,1,0,0,1,0,0,0,0,0,0,0,0,0,1,0,0,0,1,0.8269230769230769,0.3333333333333333,0.0,0.0028005117198724346
T100942,C1166,44,3,4275.52,12826.56,2025-09-19,2025-09,1,0,0,0,0,0,0,0,0,0,0,1,0,0,0,1,0,0,0,0,1,0,0,0,0,1,0,0,0,0,0,0,0,0,1,0,0.5,0.3333333333333333,0.8543621378368813,0.369504342992369
T101899,C1433,30,1,2843.92,2843.92,2025-07-18,2025-07,1,0,0,0,0,0,1,0,0,0,0,0,0,0,0,1,0,0,0,0,0,0,0,0,1,1,0,0,0,0,0,0,0,1,0,0,0.23076923076923078,0.0,0.5648136724477929,0.08063783839154905
T100364,C1232,19,2,3032.98,6065.96,2025-09-07,2025-09,0,1,0,0,0,0,0,0,0,0,1,0,0,0,0,0,0,1,0,0,0,0,0,1,0,0,0,0,1,0,0,0,1,0,0,0,0.019230769230769232,0.16666666666666666,0.6030520301360166,0.1738736389897902
T101114,C1447,48,2,3047.35,6094.7,2025-08-09,2025-08,0,1,0,0,0,0,0,0,1,0,0,0,0,0,0,0,1,0,0,0,0,0,0,0,1,0,0,1,0,0,0,0,0,0,1,0,0.5769230769230769,0.16666666666666666,0.6059584365677302,0.1747052850615936
T100136,C1461,64,4,2330.43,9321.72,2025-01-19,2025-01,0,1,0,0,0,0,0,0,0,1,0,0,0,0,0,0,1,0,0,0,0,0,1,0,0,0,0,0,1,0,0,0,0,0,0,1,0.8846153846153846,0.5,0.4609576781109369,0.2680851913465982
T101438,C1227,25,4,1448.9,5795.6,2025-01-11,2025-01,0,1,0,0,0,0,0,0,0,0,0,1,0,0,1,0,0,0,0,0,0,0,0,0,1,0,0,1,0,0,0,0,1,0,0,0,0.1346153846153846,0.5,0.28266370025787535,0.16605026279032015
T101632,C1593,43,3,2513.27,7539.81,2025-05-25,2025-05,0,1,0,1,0,0,0,0,0,0,0,0,0,0,0,1,0,0,0,0,0,0,0,0,1,0,0,0,1,0,0,0,0,0,1,0,0.4807692307692308,0.3333333333333333,0.49793800879809874,0.2165222667882402
T101898,C1518,65,6,4957.02,29742.12,2025-11-26,2025-11,1,0,0,0,0,0,0,0,0,1,0,0,0,0,0,0,0,1,0,0,0,0,0,0,1,0,0,0,0,0,0,1,0,0,0,1,0.9038461538461539,0.8333333333333334,0.9921990190625475,0.8589879556004012
T100993,C1449,59,4,1926.36,7705.44,2025-11-30,2025-11,1,0,0,0,0,0,0,0,0,1,0,0,0,0,0,0,1,0,0,0,0,0,0,1,0,0,0,0,1,0,0,0,0,0,1,0,0.7884615384615384,0.5,0.3792324417252364,0.22131508303294434
T100908,C1487,65,5,3806.5,19032.5,2025-12-18,2025-12,0,0,1,0,0,0,0,0,1,0,0,0,0,0,0,0,0,0,1,0,0,0,0,0,1,0,0,0,0,1,0,0,0,0,0,1,0.9038461538461539,0.6666666666666666,0.7595004297921828,0.5490849144206097
T101093,C1059,36,4,1276.89,5107.56,2025-11-28,2025-11,0,0,1,0,0,0,0,1,0,0,0,0,0,0,1,0,0,0,0,0,1,0,0,0,0,1,0,0,0,0,0,0,0,1,0,0,0.34615384615384615,0.5,0.2478737927896041,0.14614052850905307
T100111,C1061,67,7,1768.43,12379.01,2025-08-24,2025-08,0,1,0,0,0,0,0,0,0,0,0,0,1,0,0,1,0,0,0,0,1,0,0,0,0,0,0,0,1,0,0,0,0,0,0,1,0.9423076923076923,1.0,0.3472902866966679,0.35655364015884033
T100533,C1379,18,4,3322.65,13290.6,2025-10-22,2025-10,0,1,0,1,0,0,0,0,0,0,0,0,0,0,0,0,1,0,0,0,0,0,0,0,1,0,0,0,0,0,0,1,1,0,0,0,0.0,0.5,0.6616392779491328,0.38293221505777103
T100175,C1313,48,4,3763.4,15053.6,2025-02-02,2025-02,0,1,0,0,0,0,0,0,0,0,0,1,0,0,0,1,0,0,0,0,0,0,0,1,0,0,0,0,1,0,0,0,0,0,1,0,0.5769230769230769,0.5,0.7507832330484907,0.43394794312281654
T100965,C1028,64,3,2504.3,7512.9,2025-12-06,2025-12,0,0,1,0,0,0,0,0,0,0,0,1,0,0,0,0,1,0,0,0,0,0,0,0,1,0,0,1,0,0,0,0,0,0,0,1,0.8846153846153846,0.3333333333333333,0.49612378014865754,0.21574357521578957
T100060,C1360,66,6,507.93,3047.58,2025-11-03,2025-11,1,0,0,0,0,0,0,1,0,0,0,0,0,0,0,0,0,0,0,1,0,1,0,0,0,0,1,0,0,0,0,0,0,0,0,1,0.9230769230769231,0.8333333333333334,0.09234767659402336,0.08653112436870569
T101055,C1128,30,5,1903.75,9518.75,2025-05-04,2025-05,0,0,1,1,0,0,0,0,0,0,0,0,0,0,0,0,0,0,1,0,0,1,0,0,0,0,0,0,1,0,0,0,0,1,0,0,0.23076923076923078,0.6666666666666666,0.37465945289983316,0.2737866257769192
T101874,C1599,51,7,3758.01,26306.07,2025-09-24,2025-09,1,0,0,0,0,0,0,0,0,0,0,0,0,1,0,0,1,0,0,0,0,1,0,0,0,0,0,0,0,0,0,1,0,0,1,0,0.6346153846153846,1.0,0.749693077817667,0.7595593722663686
T100827,C1374,54,7,3016.56,21115.92,2025-03-10,2025-03,1,0,0,0,0,0,1,0,0,0,0,0,0,0,1,0,0,0,0,0,0,0,0,1,0,0,1,0,0,0,0,0,0,0,1,0,0.6923076923076923,1.0,0.5997310006573292,0.6093725991428315
T101825,C1454,31,1,1497.77,1497.77,2025-03-01,2025-03,0,0,1,0,1,0,0,0,0,0,0,0,0,0,0,0,0,0,1,0,0,0,0,0,1,0,0,1,0,0,0,0,0,1,0,0,0.25,0.0,0.29254790918743995,0.041684450793840026
T100575,C1200,47,4,3042.75,12171.0,2025-01-28,2025-01,0,0,1,0,0,0,1,0,0,0,0,0,0,0,1,0,0,0,0,0,0,1,0,0,0,0,0,0,0,0,1,0,0,0,1,0,0.5576923076923077,0.5,0.60502806290135,0.3505344787324024
T101352,C1204,20,1,4717.04,4717.04,2025-08-08,2025-08,0,0,1,0,0,0,0,0,1,0,0,0,0,0,0,0,0,0,0,1,0,1,0,0,0,1,0,0,0,0,0,0,1,0,0,0,0.038461538461538464,0.0,0.9436618293977853,0.13484009622092966
T100589,C1354,48,4,2515.72,10062.88,2025-03-13,2025-03,0,1,0,0,0,0,0,1,0,0,0,0,0,0,0,0,0,0,0,1,0,0,0,0,1,0,0,0,0,1,0,0,0,0,1,0,0.5769230769230769,0.5,0.4984335339030186,0.28953205295334183
T100332,C1017,67,6,4003.03,24018.18,2025-06-19,2025-06,1,0,0,0,0,0,0,0,0,0,1,0,0,0,0,0,0,1,0,0,1,0,0,0,0,0,0,0,0,1,0,0,0,0,0,1,0.9423076923076923,0.8333333333333334,0.79924963341255,0.6933549626902274
T101221,C1380,63,2,3851.83,7703.66,2025-02-26,2025-02,0,0,1,0,0,0,0,0,1,0,0,0,0,0,0,0,0,0,0,1,0,0,0,1,0,0,0,0,0,0,0,1,0,0,0,1,0.8653846153846154,0.16666666666666666,0.7686686555089245,0.22126357537783614
T100262,C1026,54,4,1589.86,6359.44,2025-01-09,2025-01,1,0,0,0,0,0,0,0,0,0,1,0,0,0,1,0,0,0,0,0,1,0,0,0,0,0,0,0,0,1,0,0,0,0,1,0,0.6923076923076923,0.5,0.3111735854780806,0.18236603596796916
T101409,C1247,54,7,3765.83,26360.81,2025-10-16,2025-10,0,1,0,0,0,0,0,0,0,0,0,0,1,0,0,0,0,1,0,0,1,0,0,0,0,0,0,0,0,1,0,0,0,0,1,0,0.6923076923076923,1.0,0.7512747130505132,0.7611433773453706
T100214,C1340,70,7,4744.55,33211.85,2025-09-14,2025-09,0,0,1,0,1,0,0,0,0,0,0,0,0,0,0,1,0,0,0,0,0,0,0,0,1,0,0,0,1,0,0,0,0,0,0,1,1.0,1.0,0.9492258684330283,0.959391133217605
T101420,C1262,24,1,817.8,817.8,2025-05-30,2025-05,0,1,0,0,0,0,0,0,0,0,0,0,0,1,1,0,0,0,0,0,0,0,0,0,1,1,0,0,0,0,0,0,1,0,0,0,0.11538461538461539,0.0,0.1550204783334176,0.02200823717365343
T101546,C1001,59,6,1799.06,10794.36,2025-11-17,2025-11,1,0,0,1,0,0,0,0,0,0,0,0,0,0,0,0,0,0,1,0,0,0,0,1,0,0,1,0,0,0,0,0,0,0,1,0,0.7884615384615384,0.8333333333333334,0.3534853617838904,0.31069880551432855
T100027,C1341,43,7,2182.19,15275.33,2025-08-10,2025-08,0,1,0,0,0,0,0,1,0,0,0,0,0,0,0,0,0,1,0,0,1,0,0,0,0,0,0,0,1,0,0,0,0,0,1,0,0.4807692307692308,1.0,0.43097537543611264,0.4403641186099762
T100310,C1515,26,6,4406.6,26439.6,2025-04-19,2025-04,0,1,0,0,1,0,0,0,0,0,0,0,0,0,0,0,1,0,0,0,0,0,0,1,0,0,0,1,0,0,0,0,0,1,0,0,0.15384615384615385,0.8333333333333334,0.8808737422258179,0.7634233145060313
T100450,C1456,54,6,2900.24,17401.44,2025-04-21,2025-04,0,1,0,0,0,0,0,0,1,0,0,0,0,0,0,0,0,0,0,1,0,1,0,0,0,0,1,0,0,0,0,0,0,0,1,0,0.6923076923076923,0.8333333333333334,0.5762046822066036,0.5018871189482483
T100399,C1025,69,2,2952.98,5905.96,2025-05-13,2025-05,0,0,1,0,0,0,0,1,0,0,0,0,0,0,0,0,0,1,0,0,1,0,0,0,0,0,0,0,0,0,1,0,0,0,0,1,0.9807692307692307,0.16666666666666666,0.5868716185467968,0.16924373740702942
T100569,C1285,49,3,539.85,1619.55,2025-06-01,2025-06,0,1,0,0,0,0,0,0,1,0,0,0,0,0,0,1,0,0,0,0,0,0,0,0,1,0,0,0,1,0,0,0,0,0,1,0,0.5961538461538461,0.3333333333333333,0.09880366081812206,0.04520838463601884
T101495,C1261,29,1,291.64,291.64,2025-01-10,2025-01,0,0,1,0,0,0,0,0,0,0,0,1,0,0,0,0,0,1,0,0,0,1,0,0,0,1,0,0,0,0,0,0,0,1,0,0,0.21153846153846154,0.0,0.048601911311118975,0.006782805818744561
T101601,C1536,35,1,732.98,732.98,2025-01-15,2025-01,0,1,0,0,0,0,0,0,0,1,0,0,0,0,0,0,0,0,0,1,0,0,0,0,1,0,0,0,0,0,0,1,0,1,0,0,0.3269230769230769,0.0,0.13786519694594732,0.019553810597092363
T100870,C1361,37,3,3558.17,10674.51,2025-12-28,2025-12,0,1,0,0,0,0,0,0,0,0,0,0,0,1,1,0,0,0,0,0,0,0,0,1,0,0,0,0,1,0,0,0,0,1,0,0,0.36538461538461536,0.3333333333333333,0.7092744096677959,0.3072307198599918
T101470,C1523,33,3,814.08,2442.24,2025-10-15,2025-10,0,1,0,0,0,0,1,0,0,0,0,0,0,0,0,0,0,0,1,0,1,0,0,0,0,0,0,0,0,0,0,1,0,1,0,0,0.28846153846153844,0.3333333333333333,0.1542680891945189,0.06901447046802807
T101642,C1299,21,4,3881.06,15524.24,2025-05-07,2025-05,0,0,1,0,0,0,0,0,0,0,0,0,1,0,0,0,0,0,0,1,0,0,0,1,0,0,0,0,0,0,0,1,1,0,0,0,0.057692307692307696,0.5,0.7745805733933356,0.4475667986285074
T100435,C1175,58,3,4514.35,13543.05,2025-08-09,2025-08,1,0,0,0,0,0,0,0,0,0,0,0,1,0,0,0,1,0,0,0,0,0,0,1,0,0,0,1,0,0,0,0,0,0,1,0,0.7692307692307693,0.3333333333333333,0.9026667340850484,0.3902373316488208
T101603,C1308,52,2,2941.05,5882.1,2025-07-20,2025-07,0,0,1,0,0,0,0,0,0,1,0,0,0,0,0,0,0,0,0,1,1,0,0,0,0,0,0,0,1,0,0,0,0,0,1,0,0.6538461538461539,0.16666666666666666,0.5844587146685544,0.16855330333350022
T100830,C1140,34,7,283.75,1986.25,2025-02-08,2025-02,0,0,1,0,0,0,0,0,0,0,0,0,0,1,0,0,0,1,0,0,0,0,0,0,1,0,0,1,0,0,0,0,0,1,0,0,0.3076923076923077,1.0,0.04700611821813217,0.05581954032600873
T101852,C1015,48,5,2787.75,13938.75,2025-01-15,2025-01,0,1,0,1,0,0,0,0,0,0,0,0,0,0,0,0,0,0,1,0,0,0,0,1,0,0,0,0,0,0,0,1,0,0,1,0,0.5769230769230769,0.6666666666666666,0.5534530009607119,0.4016876570006861
T101482,C1055,26,6,740.18,4441.08,2025-03-13,2025-03,0,1,0,0,0,0,1,0,0,0,0,0,0,0,0,0,0,0,1,0,0,1,0,0,0,0,0,0,0,1,0,0,0,1,0,0,0.15384615384615385,0.8333333333333334,0.1393214339889771,0.12685467346606297
T100083,C1223,56,5,4725.72,23628.6,2025-07-12,2025-07,1,0,0,0,0,0,0,0,0,0,0,1,0,0,1,0,0,0,0,0,0,0,0,1,0,0,0,1,0,0,0,0,0,0,1,0,0.7307692307692307,0.6666666666666666,0.9454174040552157,0.6820817310739027
T100617,C1012,39,2,1879.32,3758.64,2025-02-20,2025-02,1,0,0,0,0,0,0,0,0,1,0,0,0,0,0,0,0,0,1,0,0,0,0,1,0,0,0,0,0,1,0,0,0,1,0,0,0.40384615384615385,0.16666666666666666,0.36971835971077516,0.10710698574019249
T101624,C1047,59,5,3559.7,17798.5,2025-04-13,2025-04,0,1,0,0,0,0,1,0,0,0,0,0,0,0,0,0,0,0,0,1,0,0,0,1,0,0,0,0,1,0,0,0,0,0,1,0,0.7884615384615384,0.6666666666666666,0.7095838600394397,0.5133767984635671
T101068,C1415,28,3,4976.2,14928.6,2025-02-24,2025-02,0,1,0,0,0,0,1,0,0,0,0,0,0,0,1,0,0,0,0,0,0,0,0,0,1,0,1,0,0,0,0,0,0,1,0,0,0.19230769230769232,0.3333333333333333,0.9960782727410628,0.4303308325112847
T100584,C1483,51,7,1472.64,10308.48,2025-11-17,2025-11,1,0,0,1,0,0,0,0,0,0,0,0,0,0,0,0,0,0,0,1,1,0,0,0,0,0,1,0,0,0,0,0,0,0,1,0,0.6346153846153846,1.0,0.2874652373969763,0.2966389518828797
T101345,C1351,69,4,1017.96,4071.84,2025-12-06,2025-12,0,1,0,0,0,0,0,0,1,0,0,0,0,0,0,0,0,1,0,0,1,0,0,0,0,0,0,1,0,0,0,0,0,0,0,1,0.9807692307692307,0.5,0.19550386812964554,0.11617001808844675
T100704,C1288,44,3,4917.96,14753.88,2025-07-07,2025-07,0,1,0,0,0,0,0,1,0,0,0,0,0,0,0,0,0,0,1,0,1,0,0,0,0,0,1,0,0,0,0,0,0,0,1,0,0.5,0.3333333333333333,0.9842989331041108,0.42527497998290986
T101367,C1256,23,1,134.54,134.54,2025-01-29,2025-01,1,0,0,0,0,0,0,0,0,0,0,1,0,0,0,0,0,0,0,1,0,0,0,1,0,0,0,0,0,0,0,1,1,0,0,0,0.09615384615384616,0.0,0.01682762805278859,0.0022368212021713074
T101443,C1278,61,7,4469.09,31283.63,2025-04-01,2025-04,1,0,0,0,0,0,0,0,0,0,0,0,1,0,0,0,1,0,0,0,1,0,0,0,0,0,0,0,0,0,1,0,0,0,0,1,0.8269230769230769,1.0,0.8935126662284472,0.9035944530306612
T101342,C1503,34,1,3077.23,3077.23,2025-12-31,2025-12,0,1,0,0,0,0,1,0,0,0,0,0,0,0,0,0,1,0,0,0,0,1,0,0,0,0,0,0,0,0,0,1,0,1,0,0,0.3076923076923077,0.0,0.6120018202963038,0.08738910300576105
T101109,C1322,23,5,4510.65,22553.25,2025-07-31,2025-07,1,0,0,0,0,0,0,0,0,0,0,0,1,0,0,0,0,0,1,0,1,0,0,0,0,0,0,0,0,1,0,0,1,0,0,0,0.09615384615384616,0.6666666666666666,0.9019183900490467,0.6509644519050164
T100649,C1092,40,4,1168.42,4673.68,2025-07-07,2025-07,0,1,0,0,0,0,1,0,0,0,0,0,0,0,0,0,0,1,0,0,0,0,0,1,0,0,1,0,0,0,0,0,0,1,0,0,0.4230769230769231,0.5,0.22593517722607073,0.13358539289200147
T101669,C1452,43,2,1599.07,3198.14,2025-02-23,2025-02,0,0,1,1,0,0,0,0,0,0,0,0,0,0,0,0,0,1,0,0,0,1,0,0,0,0,0,0,1,0,0,0,0,0,1,0,0.4807692307692308,0.16666666666666666,0.3130363553622895,0.0908878617580836
T101459,C1398,23,1,3297.52,3297.52,2025-01-15,2025-01,0,0,1,0,0,0,0,0,0,0,1,0,0,0,1,0,0,0,0,0,0,0,0,1,0,0,0,0,0,0,0,1,1,0,0,0,0.09615384615384616,0.0,0.6565566061586692,0.0937636093786759
T101770,C1576,43,3,1765.24,5295.72,2025-07-08,2025-07,1,0,0,1,0,0,0,0,0,0,0,0,0,0,0,0,1,0,0,0,1,0,0,0,0,0,0,0,0,0,1,0,0,0,1,0,0.4807692307692308,0.3333333333333333,0.34664509278454775,0.15158529277037974
T100540,C1065,62,6,1521.9,9131.4,2025-12-23,2025-12,1,0,0,0,1,0,0,0,0,0,0,0,0,0,0,0,1,0,0,0,0,0,0,1,0,0,0,0,0,0,1,0,0,0,0,1,0.8461538461538461,0.8333333333333334,0.2974283258330384,0.26257792341390424
T100994,C1136,52,4,4870.64,19482.56,2025-08-17,2025-08,1,0,0,0,0,0,0,0,0,1,0,0,0,0,0,0,0,0,1,0,0,1,0,0,0,0,0,0,1,0,0,0,0,0,1,0,0.6538461538461539,0.5,0.9747282196490874,0.562108248835218
T100906,C1125,27,1,1937.33,1937.33,2025-10-04,2025-10,0,1,0,0,0,0,0,0,0,0,1,0,0,0,0,0,0,0,1,0,1,0,0,0,0,0,0,1,0,0,0,0,0,1,0,0,0.17307692307692307,0.0,0.38145118066440814,0.054403947917079615
T100210,C1507,42,7,4281.23,29968.61,2025-09-07,2025-09,0,0,1,0,0,0,0,0,1,0,0,0,0,0,0,1,0,0,0,0,0,0,0,0,1,0,0,0,1,0,0,0,0,0,1,0,0.46153846153846156,1.0,0.8555170147140617,0.865541870659648
T101267,C1331,43,4,441.51,1766.04,2025-12-31,2025-12,0,1,0,0,0,0,0,0,0,0,0,0,0,1,0,0,0,0,1,0,0,0,1,0,0,0,0,0,0,0,0,1,0,0,1,0,0.4807692307692308,0.5,0.07891388987207361,0.04944734890388527
T100387,C1296,30,4,1747.89,6991.56,2025-06-27,2025-06,0,0,1,0,0,0,0,0,1,0,0,0,0,0,1,0,0,0,0,0,1,0,0,0,0,1,0,0,0,0,0,0,0,1,0,0,0.23076923076923078,0.5,0.3431359660211357,0.2006576196460614
T101129,C1025,23,2,4386.46,8772.92,2025-04-15,2025-04,0,0,1,0,0,0,0,0,0,0,1,0,0,0,0,0,1,0,0,0,1,0,0,0,0,0,0,0,0,0,1,0,1,0,0,0,0.09615384615384616,0.16666666666666666,0.8768003236082318,0.25220462891772866
T101325,C1107,42,1,3194.84,3194.84,2025-10-26,2025-10,0,0,1,0,0,0,1,0,0,0,0,0,0,0,1,0,0,0,0,0,0,1,0,0,0,0,0,0,1,0,0,0,0,0,1,0,0.46153846153846156,0.0,0.6357890478839056,0.09079237003793916
T101471,C1322,64,5,218.01,1090.05,2025-08-07,2025-08,0,0,1,0,0,0,0,0,1,0,0,0,0,0,0,0,0,0,1,0,0,0,0,0,1,0,0,0,0,1,0,0,0,0,0,1,0.8846153846153846,0.6666666666666666,0.0337098649946908,0.02988630408556984
T100014,C1048,70,2,654.03,1308.06,2025-12-27,2025-12,0,0,1,0,0,0,0,0,0,0,0,0,0,1,0,0,0,1,0,0,1,0,0,0,0,0,0,1,0,0,0,0,0,0,0,1,1.0,0.16666666666666666,0.12189715325883602,0.03619483436093034
T101747,C1030,33,1,2767.97,2767.97,2025-02-14,2025-02,0,1,0,1,0,0,0,0,0,0,0,0,0,0,0,1,0,0,0,0,0,1,0,0,0,1,0,0,0,0,0,0,0,1,0,0,0.28846153846153844,0.0,0.5494523941952772,0.07844008198398228
T101843,C1462,28,4,2352.37,9409.48,2025-03-20,2025-03,0,1,0,0,0,0,0,1,0,0,0,0,0,0,0,0,1,0,0,0,1,0,0,0,0,0,0,0,0,1,0,0,0,1,0,0,0.19230769230769232,0.5,0.46539515598928044,0.27062469236474246
T101486,C1479,43,5,1835.91,9179.55,2025-08-03,2025-08,0,0,1,0,0,0,0,0,1,0,0,0,0,0,0,0,1,0,0,0,0,0,0,1,0,0,0,0,1,0,0,0,0,0,1,0,0.4807692307692308,0.6666666666666666,0.36093846387217476,0.2639712344214663
T101873,C1319,18,7,1804.24,12629.68,2025-12-31,2025-12,0,0,1,0,0,0,0,0,1,0,0,0,0,0,0,0,0,0,0,1,0,1,0,0,0,0,0,0,0,0,0,1,1,0,0,0,0.0,1.0,0.35453304343429237,0.3638072490947819
T100229,C1597,21,5,4291.31,21456.55,2025-11-14,2025-11,0,1,0,0,0,0,0,0,0,0,0,0,0,1,0,0,1,0,0,0,1,0,0,0,0,1,0,0,0,0,0,0,1,0,0,0,0.057692307692307696,0.6666666666666666,0.8575557465743036,0.6192293702436803
T100557,C1433,43,4,1291.77,5167.08,2025-05-17,2025-05,0,1,0,0,0,0,1,0,0,0,0,0,0,0,0,0,0,1,0,0,0,0,0,0,1,0,0,1,0,0,0,0,0,0,1,0,0.4807692307692308,0.5,0.25088334934519896,0.14786285189784007
T100666,C1427,49,3,1267.97,3803.91,2025-08-23,2025-08,0,0,1,0,0,0,0,0,0,1,0,0,0,0,0,0,0,0,1,0,1,0,0,0,0,0,0,1,0,0,0,0,0,0,1,0,0.5961538461538461,0.3333333333333333,0.2460696768974061,0.10841695851926487
T100348,C1541,62,5,1508.99,7544.95,2025-05-06,2025-05,0,0,1,0,0,0,0,0,0,0,1,0,0,0,0,0,1,0,0,0,0,1,0,0,0,0,0,0,0,0,1,0,0,0,0,1,0.8461538461538461,0.6666666666666666,0.29481721191282806,0.21667100237658635
T101171,C1260,62,4,655.62,2622.48,2025-03-15,2025-03,0,1,0,0,0,0,0,0,0,1,0,0,0,0,0,0,0,0,0,1,0,1,0,0,0,0,0,1,0,0,0,0,0,0,0,1,0.8461538461538461,0.5,0.12221873893917176,0.07423005460100811
T100438,C1555,55,5,3544.8,17724.0,2025-04-20,2025-04,0,1,0,0,0,0,0,0,0,0,1,0,0,0,0,1,0,0,0,0,0,1,0,0,0,0,0,0,1,0,0,0,0,0,1,0,0.7115384615384616,0.6666666666666666,0.7065702583809476,0.5112210005390941
T101341,C1187,19,6,2006.12,12036.72,2025-05-18,2025-05,0,0,1,1,0,0,0,0,0,0,0,0,0,0,0,1,0,0,0,0,0,0,0,1,0,0,0,0,1,0,0,0,1,0,0,0,0.019230769230769232,0.8333333333333334,0.39536431207968853,0.34664883382907036
T100046,C1395,39,2,499.06,998.12,2025-12-10,2025-12,0,1,0,0,0,0,0,0,0,0,0,1,0,0,0,0,0,0,0,1,0,1,0,0,0,0,0,0,0,0,0,1,0,1,0,0,0.40384615384615385,0.16666666666666666,0.09055367345906862,0.027226136257424843
T101831,C1594,48,4,1764.35,7057.4,2025-09-25,2025-09,1,0,0,0,0,0,0,0,0,0,0,0,1,0,0,0,1,0,0,0,0,0,0,1,0,0,0,0,0,1,0,0,0,0,1,0,0.5769230769230769,0.5,0.3464650857056176,0.20256282414736745
T100831,C1018,38,7,1500.17,10501.19,2025-06-12,2025-06,1,0,0,1,0,0,0,0,0,0,0,0,0,0,1,0,0,0,0,0,0,0,0,0,1,0,0,0,0,1,0,0,0,1,0,0,0.38461538461538464,1.0,0.2930333215351166,0.30221537897046613
T101860,C1530,30,5,1970.07,9850.35,2025-12-31,2025-12,1,0,0,0,0,0,0,1,0,0,0,0,0,0,0,0,0,0,0,1,0,1,0,0,0,0,0,0,0,0,0,1,0,1,0,0,0.23076923076923078,0.6666666666666666,0.38807301410729633,0.28338209680719095
T100508,C1023,33,6,2382.51,14295.06,2025-12-01,2025-12,0,1,0,0,0,0,1,0,0,0,0,0,0,0,0,0,1,0,0,0,0,0,0,1,0,0,1,0,0,0,0,0,0,1,0,0,0.28846153846153844,0.8333333333333334,0.47149112605551907,0.41199815845664545
T100896,C1477,41,6,2156.04,12936.24,2025-11-15,2025-11,0,0,1,0,0,0,0,0,1,0,0,0,0,0,0,1,0,0,0,0,0,0,0,1,0,0,0,1,0,0,0,0,0,0,1,0,0.4423076923076923,0.8333333333333334,0.4256864033978864,0.37267814052735154
T101529,C1287,19,6,1731.35,10388.1,2025-05-19,2025-05,0,0,1,0,0,0,0,0,0,0,0,0,1,0,0,0,0,1,0,0,0,1,0,0,0,0,1,0,0,0,0,0,1,0,0,0,0.019230769230769232,0.8333333333333334,0.33979066592506446,0.29894290665800105
T101107,C1273,41,3,4104.46,12313.38,2025-03-29,2025-03,0,1,0,1,0,0,0,0,0,0,0,0,0,0,0,0,1,0,0,0,0,1,0,0,0,0,0,1,0,0,0,0,0,0,1,0,0.4423076923076923,0.3333333333333333,0.8197643727562319,0.35465451240336165
T101859,C1140,32,5,4150.07,20750.35,2025-09-24,2025-09,0,0,1,0,0,0,0,0,0,0,1,0,0,0,0,1,0,0,0,0,1,0,0,0,0,0,0,0,0,0,0,1,0,1,0,0,0.2692307692307692,0.6666666666666666,0.8289892299135359,0.5987941421327698
T101485,C1078,27,4,595.83,2383.32,2025-10-23,2025-10,0,0,1,0,0,0,0,0,0,0,0,0,0,1,0,0,0,0,1,0,0,1,0,0,0,0,0,0,0,1,0,0,0,1,0,0,0.17307692307692307,0.5,0.11012590382767862,0.06730950921017642
T101672,C1153,25,7,625.88,4381.16,2025-10-26,2025-10,0,1,0,0,0,0,0,0,0,0,0,0,1,0,0,1,0,0,0,0,0,0,0,1,0,0,0,0,1,0,0,0,1,0,0,0,0.1346153846153846,1.0,0.1162036709308793,0.12512077532331906
T100595,C1494,47,3,2698.43,8095.29,2025-03-06,2025-03,1,0,0,0,1,0,0,0,0,0,0,0,0,0,0,0,0,0,0,1,1,0,0,0,0,0,0,0,0,1,0,0,0,0,1,0,0.5576923076923077,0.3333333333333333,0.535387571421348,0.23259612760818996
T101758,C1082,68,2,4116.55,8233.1,2025-07-29,2025-07,0,0,1,0,0,0,0,0,0,0,0,0,1,0,0,0,0,1,0,0,0,0,0,0,1,0,0,0,0,0,1,0,0,0,0,1,0.9615384615384616,0.16666666666666666,0.8222096374576529,0.2365839197151916
T101476,C1024,33,4,2504.3,10017.2,2025-03-07,2025-03,0,0,1,0,0,0,0,0,1,0,0,0,0,0,0,0,0,1,0,0,1,0,0,0,0,1,0,0,0,0,0,0,0,1,0,0,0.28846153846153844,0.5,0.49612378014865754,0.2882102160514637
T101960,C1171,63,2,2731.43,5462.86,2025-06-10,2025-06,0,1,0,0,0,0,0,0,1,0,0,0,0,0,0,0,0,0,0,1,0,0,0,1,0,0,0,0,0,0,1,0,0,0,0,1,0.8653846153846154,0.16666666666666666,0.5420619912019011,0.15642180371127123
T101149,C1588,36,3,864.55,2593.65,2025-01-08,2025-01,1,0,0,0,0,0,0,0,0,0,0,0,1,0,0,0,0,0,0,1,0,1,0,0,0,0,0,0,0,0,0,1,0,1,0,0,0.34615384615384615,0.3333333333333333,0.16447590635586792,0.0733958042095644
T101805,C1174,38,1,4748.69,4748.69,2025-06-08,2025-06,1,0,0,0,0,0,0,0,0,1,0,0,0,0,0,0,0,1,0,0,0,0,0,0,1,0,0,0,1,0,0,0,0,1,0,0,0.38461538461538464,0.0,0.9500632047327703,0.1357559486277695
T100366,C1402,26,1,4995.49,4995.49,2025-05-29,2025-05,1,0,0,0,1,0,0,0,0,0,0,0,0,0,0,1,0,0,0,0,0,0,0,1,0,0,0,0,0,1,0,0,0,1,0,0,0.15384615384615385,0.0,0.9999797744855135,0.14289757181917803
T100517,C1218,36,6,3558.67,21352.02,2025-04-14,2025-04,1,0,0,1,0,0,0,0,0,0,0,0,0,0,0,0,1,0,0,0,0,1,0,0,0,0,1,0,0,0,0,0,0,1,0,0,0.34615384615384615,0.8333333333333334,0.7093755372402285,0.616204597665893
T101408,C1050,55,1,525.9,525.9,2025-06-29,2025-06,0,0,1,0,0,0,0,0,1,0,0,0,0,0,1,0,0,0,0,0,0,0,0,1,0,0,0,0,1,0,0,0,0,0,1,0,0.7115384615384616,0.0,0.09598220154725184,0.013561560473604206
T100912,C1069,62,1,3832.21,3832.21,2025-09-14,2025-09,0,1,0,0,0,0,0,0,0,0,1,0,0,0,0,1,0,0,0,0,0,1,0,0,0,0,0,0,1,0,0,0,0,0,0,1,0.8461538461538461,0.0,0.7647004095666683,0.1092358723617157
T100938,C1387,60,4,621.3,2485.2,2025-02-28,2025-02,1,0,0,1,0,0,0,0,0,0,0,0,0,0,0,0,0,1,0,0,0,0,0,1,0,1,0,0,0,0,0,0,0,0,1,0,0.8076923076923077,0.5,0.11527734236739645,0.07025759904299934
T100812,C1292,66,3,1205.62,3616.86,2025-11-13,2025-11,0,1,0,0,0,0,0,0,1,0,0,0,0,0,0,0,1,0,0,0,0,0,0,0,1,0,0,0,0,1,0,0,0,0,0,1,0.9230769230769231,0.3333333333333333,0.23345906861505789,0.10300431420016859
T101547,C1070,50,4,3851.58,15406.32,2025-06-24,2025-06,0,0,1,0,0,0,0,1,0,0,0,0,0,0,0,1,0,0,0,0,0,1,0,0,0,0,0,0,0,0,1,0,0,0,1,0,0.6153846153846154,0.5,0.7686180917227081,0.4441545611620127
T101768,C1083,60,4,61.9,247.6,2025-12-25,2025-12,0,1,0,0,0,0,0,0,1,0,0,0,0,0,1,0,0,0,0,0,1,0,0,0,0,0,0,0,0,1,0,0,0,0,1,0,0.8076923076923077,0.5,0.0021358143297770128,0.005508425408089653
T100002,C1366,59,3,4903.12,14709.36,2025-08-13,2025-08,0,1,0,0,0,0,0,0,0,0,0,0,1,0,0,0,0,1,0,0,0,1,0,0,0,0,0,0,0,0,0,1,0,0,1,0,0.7884615384615384,0.3333333333333333,0.9812974667543105,0.4239867098675067
T100265,C1443,44,1,3390.96,3390.96,2025-10-13,2025-10,0,1,0,1,0,0,0,0,0,0,0,0,0,0,0,0,1,0,0,0,0,0,0,0,1,0,1,0,0,0,0,0,0,0,1,0,0.5,0.0,0.6754553268948779,0.0964674719030082
T101628,C1573,24,4,4455.75,17823.0,2025-05-30,2025-05,1,0,0,0,0,0,0,0,0,0,0,1,0,0,0,0,1,0,0,0,1,0,0,0,0,1,0,0,0,0,0,0,1,0,0,0,0.11538461538461539,0.5,0.8908145825959447,0.5140857521434273
T100153,C1358,64,1,1099.39,1099.39,2025-02-16,2025-02,0,1,0,0,1,0,0,0,0,0,0,0,0,0,1,0,0,0,0,0,0,0,0,1,0,0,0,0,1,0,0,0,0,0,0,1,0.8846153846153846,0.0,0.21197350457602268,0.030156574590463503
T100884,C1281,48,2,3904.04,7808.08,2025-09-19,2025-09,0,0,1,0,0,0,0,0,0,0,0,0,1,0,0,0,0,1,0,0,0,0,0,0,1,1,0,0,0,0,0,0,0,0,1,0,0.5769230769230769,0.16666666666666666,0.779228396622339,0.2242851648982854
T101218,C1264,32,6,4448.6,26691.6,2025-01-21,2025-01,0,0,1,0,0,0,0,0,0,0,0,0,0,1,0,0,0,1,0,0,0,1,0,0,0,0,0,0,0,0,1,0,0,1,0,0,0.2692307692307692,0.8333333333333334,0.8893684583101583,0.7707154094988796
T101780,C1360,19,7,4080.26,28561.82,2025-02-09,2025-02,0,1,0,0,0,0,0,1,0,0,0,0,0,0,1,0,0,0,0,0,0,0,0,0,1,0,0,0,1,0,0,0,1,0,0,0,0.019230769230769232,1.0,0.814869798250493,0.8248337503620727
T100869,C1017,48,7,3887.95,27215.65,2025-04-21,2025-04,1,0,0,0,0,0,0,0,0,0,0,1,0,0,0,0,1,0,0,0,0,0,0,1,0,0,1,0,0,0,0,0,0,0,1,0,0.5769230769230769,1.0,0.7759741113414572,0.7858797840266659
T100996,C1063,43,1,3646.79,3646.79,2025-07-08,2025-07,0,1,0,0,0,0,0,0,0,0,0,0,0,1,0,1,0,0,0,0,0,1,0,0,0,0,0,0,0,0,1,0,0,0,1,0,0.4807692307692308,0.0,0.7271982606057541,0.10387039516499377
T100447,C1064,59,7,4007.8,28054.6,2025-11-01,2025-11,1,0,0,0,0,0,0,0,1,0,0,0,0,0,0,1,0,0,0,0,0,0,0,0,1,0,0,1,0,0,0,0,0,0,1,0,0.7884615384615384,1.0,0.8002143904535571,0.8101563836070231
T101888,C1521,19,2,136.79,273.58,2025-04-16,2025-04,0,1,0,0,0,0,0,0,1,0,0,0,0,0,0,1,0,0,0,0,1,0,0,0,0,0,0,0,0,0,0,1,1,0,0,0,0.019230769230769232,0.16666666666666666,0.017282702128735398,0.0062602056775904365
T101921,C1279,41,1,286.21,286.21,2025-06-17,2025-06,1,0,0,0,0,0,0,0,0,0,1,0,0,0,0,0,1,0,0,0,0,0,0,0,1,0,0,0,0,0,1,0,0,0,1,0,0.4423076923076923,0.0,0.04750366587450068,0.006625678533779616
T101281,C1063,52,6,4789.28,28735.68,2025-10-28,2025-10,0,1,0,0,0,0,0,0,0,0,1,0,0,0,0,0,0,0,1,0,0,0,0,1,0,0,0,0,0,0,1,0,0,0,1,0,0.6538461538461539,0.8333333333333334,0.9582727410628507,0.8298647171694401
T100576,C1552,60,7,2231.84,15622.88,2025-11-20,2025-11,1,0,0,0,0,0,0,0,0,0,1,0,0,0,0,0,0,0,0,1,0,0,0,1,0,0,0,0,0,1,0,0,0,0,1,0,0.8076923076923077,1.0,0.4410173433786722,0.4504211329542794
T100787,C1165,36,7,1443.19,10102.33,2025-06-24,2025-06,0,0,1,0,0,0,0,0,0,0,0,1,0,0,0,1,0,0,0,0,0,1,0,0,0,0,0,0,0,0,1,0,0,1,0,0,0.34615384615384615,1.0,0.2815088233806948,0.29067361306234135
T101549,C1579,39,1,2266.34,2266.34,2025-01-13,2025-01,1,0,0,0,0,0,1,0,0,0,0,0,0,0,1,0,0,0,0,0,1,0,0,0,0,0,1,0,0,0,0,0,0,1,0,0,0.40384615384615385,0.0,0.4479951458765232,0.06392447241548044
T101499,C1312,56,1,2665.73,2665.73,2025-06-03,2025-06,1,0,0,0,0,0,0,0,1,0,0,0,0,0,0,0,0,0,1,0,1,0,0,0,0,0,0,0,0,0,1,0,0,0,1,0,0.7307692307692307,0.0,0.5287738281842544,0.07548157487259813
T101170,C1300,29,4,865.07,3460.28,2025-04-07,2025-04,0,1,0,0,0,0,0,0,1,0,0,0,0,0,1,0,0,0,0,0,0,0,0,1,0,0,1,0,0,0,0,0,0,1,0,0,0.21153846153846154,0.5,0.16458107903119787,0.09847337676373931
T100277,C1093,33,3,672.14,2016.42,2025-09-05,2025-09,0,0,1,0,1,0,0,0,0,0,0,0,0,0,0,0,0,0,0,1,0,0,0,1,0,1,0,0,0,0,0,0,0,1,0,0,0.28846153846153844,0.3333333333333333,0.12555999393234565,0.05669256614320806
T101141,C1429,52,3,3258.81,9776.43,2025-12-13,2025-12,0,1,0,0,0,0,0,0,1,0,0,0,0,0,0,0,0,1,0,0,0,1,0,0,0,0,0,1,0,0,0,0,0,0,1,0,0.6538461538461539,0.3333333333333333,0.6487273095009354,0.28124308227595546
T101901,C1523,23,6,4640.07,27840.42,2025-05-11,2025-05,0,1,0,0,0,0,0,0,1,0,0,0,0,0,0,0,0,1,0,0,0,0,0,1,0,0,0,0,1,0,0,0,1,0,0,0,0.09615384615384616,0.8333333333333334,0.9280942508975071,0.8039586816008
T100714,C1302,43,6,4411.91,26471.46,2025-07-22,2025-07,1,0,0,0,0,0,0,0,0,0,1,0,0,0,0,0,0,0,1,0,1,0,0,0,0,0,0,0,0,0,1,0,0,0,1,0,0.4807692307692308,0.8333333333333334,0.8819477170450523,0.7643452436586986
T100998,C1353,25,1,361.92,361.92,2025-03-05,2025-03,0,1,0,0,0,0,0,0,1,0,0,0,0,0,0,0,0,0,0,1,1,0,0,0,0,0,0,0,0,0,0,1,1,0,0,0,0.1346153846153846,0.0,0.06281640289224857,0.008816490088972239
T101558,C1105,22,2,1448.57,2897.14,2025-12-19,2025-12,0,0,1,0,1,0,0,0,0,0,0,0,0,0,0,0,0,0,0,1,0,0,0,1,0,1,0,0,0,0,0,0,1,0,0,0,0.07692307692307693,0.16666666666666666,0.2825969560600698,0.08217785940551485
T101870,C1459,43,7,4787.96,33515.72,2025-02-05,2025-02,0,1,0,0,0,0,0,0,0,0,0,0,0,1,0,0,0,0,0,1,0,0,0,1,0,0,0,0,0,0,0,1,0,0,1,0,0.4807692307692308,1.0,0.9580057642716286,0.9681841844298147
T101314,C1457,70,4,600.75,2403.0,2025-04-05,2025-04,0,1,0,0,0,0,1,0,0,0,0,0,0,0,0,1,0,0,0,0,0,0,0,0,1,0,0,1,0,0,0,0,0,0,0,1,1.0,0.5,0.11112099914041562,0.06787898710485599
T100684,C1542,52,3,4842.18,14526.54,2025-06-21,2025-06,0,0,1,0,0,0,0,0,1,0,0,0,0,0,1,0,0,0,0,0,0,0,0,0,1,0,0,1,0,0,0,0,0,0,1,0,0.6538461538461539,0.3333333333333333,0.9689720382262224,0.41869646857150467
T101809,C1285,20,3,4116.36,12349.08,2025-12-03,2025-12,0,0,1,0,0,0,0,0,0,1,0,0,0,0,1,0,0,0,0,0,0,1,0,0,0,0,0,0,0,0,0,1,1,0,0,0,0.038461538461538464,0.3333333333333333,0.8221712089801283,0.3556875591940151
T101407,C1015,47,3,3565.59,10696.77,2025-07-11,2025-07,1,0,0,1,0,0,0,0,0,0,0,0,0,0,0,0,0,1,0,0,0,1,0,0,0,1,0,0,0,0,0,0,0,0,1,0,0.5576923076923077,0.3333333333333333,0.710775142842696,0.3078748549176934
T101883,C1537,60,6,3818.51,22911.06,2025-07-26,2025-07,1,0,0,0,0,0,1,0,0,0,0,0,0,0,0,0,0,0,0,1,1,0,0,0,0,0,0,1,0,0,0,0,0,0,1,0,0.8076923076923077,0.8333333333333334,0.7619295140820145,0.6613183586883141
T100379,C1235,61,3,959.84,2879.52,2025-10-04,2025-10,0,0,1,0,0,0,0,1,0,0,0,0,0,0,0,0,0,0,1,0,0,0,0,0,1,0,0,1,0,0,0,0,0,0,0,1,0.8269230769230769,0.3333333333333333,0.18374879911007735,0.08166799149371332
T100672,C1596,59,1,2488.86,2488.86,2025-09-27,2025-09,0,1,0,1,0,0,0,0,0,0,0,0,0,0,0,0,0,0,0,1,1,0,0,0,0,0,0,1,0,0,0,0,0,0,1,0,0.7884615384615384,0.0,0.4930009607119381,0.070363508041705
T101800,C1401,65,4,440.21,1760.84,2025-04-10,2025-04,0,0,1,0,0,0,0,0,0,0,0,0,0,1,0,0,1,0,0,0,0,1,0,0,0,0,0,0,0,1,0,0,0,0,0,1,0.9038461538461539,0.5,0.0786509581837488,0.04929687710244554
T100858,C1290,43,5,3390.42,16952.1,2025-06-14,2025-06,0,1,0,1,0,0,0,0,0,0,0,0,0,0,0,1,0,0,0,0,0,0,0,1,0,0,0,1,0,0,0,0,0,0,1,0,0.4807692307692308,0.6666666666666666,0.6753461091166506,0.4888846190907625
T101906,C1511,28,4,3396.42,13585.68,2025-01-23,2025-01,0,1,0,0,0,0,0,0,0,0,1,0,0,0,0,1,0,0,0,0,0,0,0,0,1,0,0,0,0,1,0,0,0,1,0,0,0.19230769230769232,0.5,0.6765596399858421,0.3914709110517776
T100643,C1420,47,5,4176.51,20882.55,2025-10-18,2025-10,0,0,1,1,0,0,0,0,0,0,0,0,0,0,0,0,0,0,1,0,0,0,0,1,0,0,0,1,0,0,0,0,0,0,1,0,0.5576923076923077,0.6666666666666666,0.834336855943773,0.6026195983155259
T101710,C1083,20,2,3085.82,6171.64,2025-05-07,2025-05,0,1,0,0,0,0,1,0,0,0,0,0,0,0,0,0,0,1,0,0,1,0,0,0,0,0,0,0,0,0,0,1,1,0,0,0,0.038461538461538464,0.16666666666666666,0.6137391919906963,0.1769316889852037
T100948,C1068,45,1,2504.3,2504.3,2025-04-14,2025-04,0,0,1,0,0,0,0,0,0,0,0,0,1,0,0,0,0,0,0,1,0,0,0,1,0,0,1,0,0,0,0,0,0,0,1,0,0.5192307692307693,0.0,0.49612378014865754,0.07081029354444142
T100522,C1452,41,7,4668.42,32678.94,2025-12-07,2025-12,0,1,0,0,0,0,0,0,0,0,0,0,1,0,0,0,1,0,0,0,0,1,0,0,0,0,0,0,1,0,0,0,0,0,1,0,0.4423076923076923,1.0,0.9338281842544369,0.9439703778896734
T100222,C1593,53,4,944.23,3776.92,2025-04-15,2025-04,1,0,0,0,0,0,0,0,0,0,0,0,1,0,0,0,0,1,0,0,0,0,0,1,0,0,0,0,0,0,1,0,0,0,1,0,0.6730769230769231,0.5,0.18059159629873084,0.10763595199602292
T100664,C1128,31,6,1832.72,10996.32,2025-05-20,2025-05,1,0,0,1,0,0,0,0,0,0,0,0,0,0,0,0,1,0,0,0,1,0,0,0,0,0,0,0,0,0,1,0,0,1,0,0,0.25,0.8333333333333334,0.3602932699600546,0.31654289878716835
T101435,C1107,43,7,4224.87,29574.09,2025-06-27,2025-06,1,0,0,0,0,0,0,0,0,0,0,1,0,0,0,0,0,0,1,0,0,1,0,0,0,1,0,0,0,0,0,0,0,0,1,0,0.4807692307692308,1.0,0.8441179147494564,0.8541256908319557
T100825,C1412,43,1,2504.69,2504.69,2025-01-30,2025-01,0,0,1,0,0,0,0,0,1,0,0,0,0,0,0,0,0,0,1,0,0,0,0,0,1,0,0,0,0,1,0,0,0,0,1,0,0.4807692307692308,0.0,0.496202659655155,0.07082157892954939
T100106,C1302,36,4,885.15,3540.6,2025-11-02,2025-11,1,0,0,0,0,0,0,0,0,0,0,0,1,0,0,0,1,0,0,0,0,1,0,0,0,0,0,0,1,0,0,0,0,1,0,0,0.34615384615384615,0.5,0.16864236234009203,0.10079758735828523
T100780,C1336,53,7,2504.3,17530.1,2025-04-11,2025-04,0,1,0,1,0,0,0,0,0,0,0,0,0,0,0,0,0,1,0,0,0,0,0,1,0,1,0,0,0,0,0,0,0,0,1,0,0.6730769230769231,1.0,0.49612378014865754,0.5056101385584858
T100164,C1558,54,3,200.7,602.1,2025-07-12,2025-07,0,1,0,0,0,0,0,1,0,0,0,0,0,0,0,0,0,0,0,1,0,0,0,1,0,0,0,1,0,0,0,0,0,0,1,0,0.6923076923076923,0.3333333333333333,0.030208828437073364,0.015766551102394034
T101156,C1458,22,7,1857.39,13001.73,2025-08-11,2025-08,0,1,0,0,1,0,0,0,0,0,0,0,0,0,0,0,0,0,0,1,0,0,0,0,1,0,1,0,0,0,0,0,1,0,0,0,0.07692307692307693,1.0,0.3652829043838803,0.3745732171189453
T101607,C1082,39,7,3853.56,26974.92,2025-04-02,2025-04,1,0,0,0,0,0,0,0,1,0,0,0,0,0,0,1,0,0,0,0,0,0,0,1,0,0,0,0,0,0,0,1,0,1,0,0,0.40384615384615385,1.0,0.7690185569095414,0.7789138077265533
T101646,C1462,56,3,1395.01,4185.03,2025-04-20,2025-04,0,1,0,0,0,0,0,0,1,0,0,0,0,0,0,0,1,0,0,0,0,0,0,1,0,0,0,0,1,0,0,0,0,0,1,0,0.7307692307692307,0.3333333333333333,0.27176417050108714,0.11944538408940109
T101769,C1061,53,2,2208.98,4417.96,2025-12-24,2025-12,0,1,0,1,0,0,0,0,0,0,0,0,0,0,0,0,0,0,0,1,1,0,0,0,0,0,0,0,0,0,0,1,0,0,1,0,0.6730769230769231,0.16666666666666666,0.4363937907670526,0.12618565268735404
T101557,C1600,65,7,598.22,4187.54,2025-03-22,2025-03,0,0,1,0,0,0,0,0,0,0,0,1,0,0,0,0,0,1,0,0,0,0,0,1,0,0,0,1,0,0,0,0,0,0,0,1,0.9038461538461539,1.0,0.11060929362390656,0.11951801567048065
T100308,C1225,68,5,203.66,1018.3,2025-02-15,2025-02,0,0,1,0,0,0,0,0,0,0,0,0,0,1,0,0,1,0,0,0,0,0,0,1,0,0,0,1,0,0,0,0,0,0,0,1,0.9615384615384616,0.6666666666666666,0.030807503665874498,0.027810082594550544
T101060,C1139,40,6,2625.07,15750.42,2025-12-12,2025-12,0,0,1,0,0,0,0,0,0,0,0,1,0,0,0,0,1,0,0,0,0,0,0,0,1,1,0,0,0,0,0,0,0,1,0,0,0.4230769230769231,0.8333333333333334,0.5205501339940335,0.4541117432534376
T100955,C1056,45,5,3602.2,18011.0,2025-07-20,2025-07,0,1,0,0,0,0,1,0,0,0,0,0,0,0,0,0,0,0,1,0,1,0,0,0,0,0,0,0,1,0,0,0,0,0,1,0,0.5192307692307693,0.6666666666666666,0.7181797036962128,0.5195258865031712
T100041,C1291,24,3,1229.74,3689.22,2025-11-20,2025-11,1,0,0,0,0,0,0,0,0,1,0,0,0,0,0,0,0,0,0,1,0,0,0,0,1,0,0,0,0,1,0,0,1,0,0,0,0.11538461538461539,0.3333333333333333,0.2383374627092077,0.10509818719097215
T101667,C1423,50,3,2320.71,6962.13,2025-05-01,2025-05,0,0,1,0,0,0,1,0,0,0,0,0,0,0,0,0,1,0,0,0,1,0,0,0,0,0,0,0,0,1,0,0,0,0,1,0,0.6153846153846154,0.3333333333333333,0.4589917581028467,0.19980600712368232
T101228,C1464,19,7,3478.78,24351.46,2025-12-02,2025-12,1,0,0,0,0,0,0,0,0,0,1,0,0,0,1,0,0,0,0,0,0,0,0,0,1,0,0,0,0,0,1,0,1,0,0,0,0.019230769230769232,1.0,0.6932173737169439,0.7029990476871181
T100737,C1220,62,7,847.94,5935.58,2025-04-12,2025-04,0,0,1,0,0,0,0,0,0,0,0,0,0,1,0,0,0,1,0,0,1,0,0,0,0,0,0,1,0,0,0,0,0,0,0,1,0.8461538461538461,1.0,0.16111644839965616,0.170100847937538
T101436,C1572,42,1,1798.3,1798.3,2025-03-31,2025-03,0,1,0,0,0,0,0,0,0,0,1,0,0,0,0,0,1,0,0,0,0,1,0,0,0,0,1,0,0,0,0,0,0,0,1,0,0.46153846153846156,0.0,0.3533316478737928,0.05038085281050941
T100611,C1160,21,1,874.5,874.5,2025-09-05,2025-09,0,0,1,0,1,0,0,0,0,0,0,0,0,0,0,0,0,1,0,0,0,0,0,1,0,1,0,0,0,0,0,0,1,0,0,0,0.057692307692307696,0.0,0.16648834504727714,0.023648958547044283
T101229,C1426,57,3,2480.17,7440.51,2025-04-13,2025-04,0,0,1,0,0,0,0,0,1,0,0,0,0,0,0,0,0,0,0,1,0,1,0,0,0,0,0,0,1,0,0,0,0,0,1,0,0.75,0.3333333333333333,0.4912433635030591,0.21364883411843924
T100624,C1493,34,3,3128.64,9385.92,2025-04-05,2025-04,0,0,1,0,0,0,0,0,0,0,1,0,0,0,0,0,0,1,0,0,0,0,0,0,1,0,0,1,0,0,0,0,0,1,0,0,0.3076923076923077,0.3333333333333333,0.6223997572938261,0.26994293935668096
T101578,C1569,24,6,2504.3,15025.8,2025-04-30,2025-04,1,0,0,0,0,0,0,0,0,0,1,0,0,0,1,0,0,0,0,0,0,0,0,0,1,0,0,0,0,0,0,1,1,0,0,0,0.11538461538461539,0.8333333333333334,0.49612378014865754,0.4331434977228118
T100573,C1166,36,6,4086.0,24516.0,2025-05-30,2025-05,0,0,1,0,0,0,1,0,0,0,0,0,0,0,1,0,0,0,0,0,0,1,0,0,0,1,0,0,0,0,0,0,0,1,0,0,0.34615384615384615,0.8333333333333334,0.8160307427820195,0.7077603227272897
T100283,C1481,25,7,2575.35,18027.45,2025-01-07,2025-01,1,0,0,0,1,0,0,0,0,0,0,0,0,0,1,0,0,0,0,0,0,0,0,1,0,0,0,0,0,0,1,0,1,0,0,0,0.1346153846153846,1.0,0.5104940081913333,0.5200018982596489
T101731,C1575,47,3,593.58,1780.74,2025-09-11,2025-09,0,0,1,0,0,0,0,0,0,0,1,0,0,0,0,1,0,0,0,0,0,0,0,1,0,0,0,0,0,1,0,0,0,0,1,0,0.5576923076923077,0.3333333333333333,0.10967082975173181,0.04987272111180142
T101365,C1159,48,5,84.09,420.45,2025-01-29,2025-01,0,0,1,0,0,0,0,0,0,1,0,0,0,0,0,1,0,0,0,0,0,0,0,1,0,0,0,0,0,0,0,1,0,0,1,0,0.5769230769230769,0.6666666666666666,0.006623855994336856,0.010510165961715922
T100740,C1562,69,2,3433.4,6866.8,2025-05-28,2025-05,1,0,0,0,0,0,0,0,1,0,0,0,0,0,0,1,0,0,0,0,0,0,0,1,0,0,0,0,0,0,0,1,0,0,0,1,0.9807692307692307,0.16666666666666666,0.684039035242959,0.19704745388690367
T100259,C1362,67,2,1015.33,2030.66,2025-03-13,2025-03,0,1,0,0,0,0,0,0,0,0,0,1,0,0,0,1,0,0,0,0,1,0,0,0,0,0,0,0,0,1,0,0,0,0,0,1,0.9423076923076923,0.16666666666666666,0.19497193709864996,0.05710462738407378
T100952,C1166,27,1,404.15,404.15,2025-07-05,2025-07,0,0,1,0,0,0,0,0,0,0,0,0,1,0,0,0,1,0,0,0,0,0,0,1,0,0,0,1,0,0,0,0,0,1,0,0,0.17307692307692307,0.0,0.07135763765990796,0.010038494737972166
T100716,C1005,56,5,3411.44,17057.2,2025-12-26,2025-12,1,0,0,1,0,0,0,0,0,0,0,0,0,0,0,0,0,1,0,0,0,0,0,0,1,1,0,0,0,0,0,0,0,0,1,0,0.7307692307692307,0.6666666666666666,0.6795975122617182,0.4919258856929385
T101389,C1476,43,7,1438.09,10066.63,2025-08-06,2025-08,0,1,0,0,1,0,0,0,0,0,0,0,0,0,1,0,0,0,0,0,0,0,0,1,0,0,0,0,0,0,0,1,0,0,1,0,0.4807692307692308,1.0,0.280477322141882,0.2896405662716878
T101937,C1377,57,6,3544.38,21266.28,2025-12-06,2025-12,1,0,0,0,0,1,0,0,0,0,0,0,0,0,0,1,0,0,0,0,0,0,0,1,0,0,0,1,0,0,0,0,0,0,1,0,0.75,0.8333333333333334,0.7064853112201042,0.613723549155231
T100762,C1388,40,3,4823.56,14470.68,2025-11-11,2025-11,0,0,1,0,0,0,0,0,0,0,0,0,1,0,0,0,0,0,1,0,1,0,0,0,0,0,0,0,0,0,1,0,0,1,0,0,0.4230769230769231,0.3333333333333333,0.9652060474288315,0.4170800541814233
T101797,C1274,39,5,766.15,3830.75,2025-08-07,2025-08,0,1,0,0,0,0,0,0,0,0,0,0,1,0,0,1,0,0,0,0,0,0,0,0,1,0,0,0,0,1,0,0,0,1,0,0,0.40384615384615385,0.6666666666666666,0.14457400010112756,0.109193624509773
T101106,C1181,48,2,566.91,1133.82,2025-07-01,2025-07,0,0,1,0,0,0,0,0,0,0,0,0,0,1,0,0,0,1,0,0,1,0,0,0,0,0,0,0,0,0,1,0,0,0,1,0,0.5769230769230769,0.16666666666666666,0.10427668503817565,0.03115287153730384
T101636,C1534,26,7,1088.25,7617.75,2025-02-24,2025-02,0,1,0,0,0,0,0,0,0,0,1,0,0,0,1,0,0,0,0,0,0,1,0,0,0,0,1,0,0,0,0,0,0,1,0,0,0.15384615384615385,1.0,0.2097203822622238,0.21877760759674253
T100094,C1100,50,6,3100.75,18604.5,2025-03-29,2025-03,0,0,1,1,0,0,0,0,0,0,0,0,0,0,0,0,0,0,1,0,0,0,0,1,0,0,0,1,0,0,0,0,0,0,1,0,0.6153846153846154,0.8333333333333334,0.6167588613035344,0.5366999276867246
T101760,C1501,39,1,1768.79,1768.79,2025-12-18,2025-12,1,0,0,0,0,0,0,0,0,0,1,0,0,0,0,0,1,0,0,0,1,0,0,0,0,0,0,0,0,1,0,0,0,1,0,0,0.40384615384615385,0.0,0.34736309854881936,0.04952692533733897
T100260,C1082,55,1,3623.64,3623.64,2025-09-04,2025-09,0,0,1,0,0,0,0,1,0,0,0,0,0,0,1,0,0,0,0,0,0,0,0,0,1,0,0,0,0,1,0,0,0,0,1,0,0.7115384615384616,0.0,0.7225160540021236,0.10320050627973808
T100184,C1252,39,4,1016.93,4067.72,2025-09-02,2025-09,0,0,1,0,0,0,1,0,0,0,0,0,0,0,0,0,1,0,0,0,0,0,1,0,0,0,0,0,0,0,1,0,0,1,0,0,0.40384615384615385,0.5,0.19529554533043433,0.11605079812269065
T100754,C1209,64,7,3931.47,27520.29,2025-01-31,2025-01,1,0,0,0,1,0,0,0,0,0,0,0,0,0,0,0,0,1,0,0,0,0,0,0,1,1,0,0,0,0,0,0,0,0,0,1,0.8846153846153846,1.0,0.7847762552459927,0.7946951166402424
T100241,C1489,21,6,3153.48,18920.88,2025-02-24,2025-02,1,0,0,0,0,0,1,0,0,0,0,0,0,0,0,0,0,1,0,0,0,0,0,0,1,0,1,0,0,0,0,0,1,0,0,0,0.057692307692307696,0.8333333333333334,0.6274237750922789,0.5458549793289362
T100674,C1192,28,1,379.99,379.99,2025-08-25,2025-08,0,1,0,0,1,0,0,0,0,0,0,0,0,0,0,0,0,0,0,1,0,0,0,0,1,0,1,0,0,0,0,0,0,1,0,0,0.19230769230769232,0.0,0.06647115335996359,0.009339379598975286
T101371,C1482,43,4,2504.3,10017.2,2025-05-25,2025-05,0,0,1,0,0,0,0,0,0,1,0,0,0,0,0,1,0,0,0,0,0,0,0,0,1,0,0,0,1,0,0,0,0,0,1,0,0.4807692307692308,0.5,0.49612378014865754,0.2882102160514637
T100382,C1496,35,6,1182.81,7096.86,2025-01-12,2025-01,0,1,0,0,1,0,0,0,0,0,0,0,0,0,1,0,0,0,0,0,0,0,0,1,0,0,0,0,1,0,0,0,0,1,0,0,0.3269230769230769,0.8333333333333334,0.2288456287606816,0.20370467362521583
T100910,C1573,23,4,2496.96,9987.84,2025-07-02,2025-07,0,0,1,0,0,0,0,0,0,0,0,0,0,1,0,0,0,1,0,0,1,0,0,0,0,0,0,0,0,0,0,1,1,0,0,0,0.09615384615384616,0.5,0.4946392273853466,0.28736062911102705
T100090,C1141,32,7,4470.94,31296.58,2025-03-13,2025-03,0,0,1,0,0,0,0,0,0,0,1,0,0,0,0,0,0,1,0,0,0,0,0,1,0,0,0,0,0,1,0,0,0,1,0,0,0.2692307692307692,1.0,0.8938868382464478,0.9039691856900159
T101691,C1194,24,4,2136.02,8544.08,2025-05-14,2025-05,0,1,0,0,0,0,0,0,0,0,0,1,0,0,0,0,1,0,0,0,1,0,0,0,0,0,0,0,0,0,0,1,1,0,0,0,0.11538461538461539,0.5,0.42163725539768415,0.24558271217898506
T100017,C1225,54,2,2481.34,4962.68,2025-02-19,2025-02,1,0,0,0,1,0,0,0,0,0,0,0,0,0,0,0,0,0,1,0,1,0,0,0,0,0,0,0,0,0,0,1,0,0,1,0,0.6923076923076923,0.16666666666666666,0.49148000202255143,0.14194815262586316
T100230,C1219,35,7,438.11,3066.77,2025-10-20,2025-10,0,1,0,0,0,0,0,0,0,0,0,0,0,1,0,1,0,0,0,0,0,0,0,1,0,0,1,0,0,0,0,0,0,1,0,0,0.3269230769230769,1.0,0.07822622237953178,0.08708642318978806
T101453,C1600,53,6,1134.28,6805.68,2025-10-15,2025-10,1,0,0,0,0,0,0,1,0,0,0,0,0,0,0,0,0,0,0,1,0,1,0,0,0,0,0,0,0,0,0,1,0,0,1,0,0.6730769230769231,0.8333333333333334,0.21903018658037116,0.19527883148228906
T101545,C1095,43,5,796.58,3982.9,2025-11-13,2025-11,0,0,1,0,0,0,0,0,1,0,0,0,0,0,1,0,0,0,0,0,0,0,0,0,1,0,0,0,0,1,0,0,0,0,1,0,0.4807692307692308,0.6666666666666666,0.15072862415937704,0.1135963715461296
T100954,C1206,47,2,3273.3,6546.6,2025-01-15,2025-01,0,1,0,0,0,0,0,0,0,1,0,0,0,0,0,1,0,0,0,0,1,0,0,0,0,0,0,0,0,0,0,1,0,0,1,0,0.5576923076923077,0.16666666666666666,0.6516579865500328,0.18778186334440364
T101895,C1423,29,6,3587.4,21524.4,2025-10-28,2025-10,1,0,0,1,0,0,0,0,0,0,0,0,0,0,0,0,1,0,0,0,0,0,0,0,1,0,0,0,0,0,1,0,0,1,0,0,0.21153846153846154,0.8333333333333334,0.7151863275522071,0.6211927378836198
T100751,C1145,32,7,1858.96,13012.72,2025-11-17,2025-11,0,0,1,0,0,0,0,0,0,0,1,0,0,0,1,0,0,0,0,0,1,0,0,0,0,0,1,0,0,0,0,0,0,1,0,0,0.2692307692307692,1.0,0.3656004449613187,0.37489123348391123
T101674,C1574,44,2,4510.51,9021.02,2025-08-07,2025-08,0,1,0,1,0,0,0,0,0,0,0,0,0,0,0,0,0,0,1,0,1,0,0,0,0,0,0,0,0,1,0,0,0,0,1,0,0.5,0.16666666666666666,0.9018900743287658,0.25938387005949715
T100100,C1087,65,5,1644.38,8221.9,2025-03-31,2025-03,0,1,0,0,0,0,0,0,1,0,0,0,0,0,0,0,0,1,0,0,0,0,0,0,1,0,1,0,0,0,0,0,0,0,0,1,0.9038461538461539,0.6666666666666666,0.3222005359761339,0.23625982660439834
T101074,C1522,66,1,3019.7,3019.7,2025-05-02,2025-05,0,0,1,0,0,0,0,1,0,0,0,0,0,0,0,0,0,0,0,1,0,0,0,1,0,1,0,0,0,0,0,0,0,0,0,1,0.9230769230769231,0.0,0.6003660818122061,0.08572436401790962
T100936,C1581,55,6,1490.33,8941.98,2025-12-24,2025-12,0,1,0,0,0,0,1,0,0,0,0,0,0,0,0,0,0,0,1,0,0,0,0,0,1,0,0,0,0,0,0,1,0,0,1,0,0.7115384615384616,0.8333333333333334,0.2910431309096425,0.25709669867761326
T101785,C1434,38,3,4848.2,14544.6,2025-12-06,2025-12,0,0,1,0,0,0,0,0,0,0,0,0,1,0,0,0,1,0,0,0,1,0,0,0,0,0,0,1,0,0,0,0,0,1,0,0,0.38461538461538464,0.3333333333333333,0.9701896141983111,0.41921906871265874
T101159,C1413,31,6,432.5,2595.0,2025-04-30,2025-04,0,1,0,0,0,0,0,0,1,0,0,0,0,0,0,1,0,0,0,0,0,0,0,1,0,0,0,0,0,0,0,1,0,1,0,0,0.25,0.8333333333333334,0.07709157101683774,0.07343486900416894
T101582,C1412,45,6,2801.27,16807.62,2025-09-21,2025-09,0,0,1,0,0,0,0,0,0,0,1,0,0,0,0,0,0,0,1,0,0,0,0,1,0,0,0,0,1,0,0,0,0,0,1,0,0.5192307692307693,0.8333333333333334,0.5561874905192901,0.4847038179615295
T100092,C1540,69,7,1837.95,12865.65,2025-01-07,2025-01,1,0,0,0,0,0,0,0,0,1,0,0,0,0,1,0,0,0,0,0,0,1,0,0,0,0,0,0,0,0,1,0,0,0,0,1,0.9807692307692307,1.0,0.36135106436769987,0.3706354858228073
T101020,C1096,56,7,4475.4,31327.8,2025-12-14,2025-12,0,0,1,0,0,0,1,0,0,0,0,0,0,0,0,0,0,0,0,1,1,0,0,0,0,0,0,0,1,0,0,0,0,0,1,0,0.7307692307692307,1.0,0.8947888961925468,0.904872595236352
T100087,C1015,51,1,753.43,753.43,2025-12-20,2025-12,1,0,0,0,1,0,0,0,0,0,0,0,0,0,0,0,0,0,0,1,0,0,0,0,1,0,0,1,0,0,0,0,0,0,1,0,0.6346153846153846,0.0,0.1420013146584416,0.020145569893138975
T101688,C1449,59,6,3976.95,23861.7,2025-03-27,2025-03,0,1,0,0,0,0,1,0,0,0,0,0,0,0,0,0,0,1,0,0,0,0,0,0,1,0,0,0,0,1,0,0,0,0,1,0,0.7884615384615384,0.8333333333333334,0.7939748192344642,0.6888269189422873
T101217,C1333,33,1,2147.35,2147.35,2025-08-06,2025-08,0,1,0,0,0,0,0,0,0,0,0,0,0,1,0,0,0,0,0,1,0,0,0,1,0,0,0,0,0,0,0,1,0,1,0,0,0.28846153846153844,0.0,0.4239288061890074,0.06048127248215101
T100363,C1451,19,1,4880.73,4880.73,2025-04-10,2025-04,0,1,0,0,0,0,0,1,0,0,0,0,0,0,0,0,0,0,1,0,0,1,0,0,0,0,0,0,0,1,0,0,1,0,0,0,0.019230769230769232,0.0,0.9767689740607776,0.13957677490894285
T100258,C1134,29,7,622.41,4356.87,2025-12-18,2025-12,0,1,0,0,0,0,0,1,0,0,0,0,0,0,0,0,0,1,0,0,0,0,0,1,0,0,0,0,0,1,0,0,0,1,0,0,0.21153846153846154,1.0,0.11550184557819689,0.12441789838928617
T101384,C1519,28,2,2504.3,5008.6,2025-12-15,2025-12,1,0,0,0,0,0,0,0,1,0,0,0,0,0,0,0,1,0,0,0,0,0,1,0,0,0,1,0,0,0,0,0,0,1,0,0,0.19230769230769232,0.16666666666666666,0.49612378014865754,0.14327693438011552
T100484,C1535,54,4,4483.35,17933.4,2025-05-13,2025-05,0,0,1,0,0,0,0,1,0,0,0,0,0,0,1,0,0,0,0,0,0,0,0,0,1,0,0,0,0,0,1,0,0,0,1,0,0.6923076923076923,0.5,0.8963968245942256,0.5172803842355324
T101123,C1268,24,4,3265.43,13061.72,2025-06-05,2025-06,0,1,0,0,0,0,0,0,0,1,0,0,0,0,0,0,0,0,0,1,1,0,0,0,0,0,0,0,0,1,0,0,1,0,0,0,0.11538461538461539,0.5,0.6500662385599433,0.3763091408436317
T100015,C1074,61,3,1968.6,5905.8,2025-08-25,2025-08,0,0,1,0,0,0,0,1,0,0,0,0,0,0,0,0,0,1,0,0,0,0,0,0,1,0,1,0,0,0,0,0,0,0,0,1,0.8269230769230769,0.3333333333333333,0.38777569904434445,0.16923910750544666
T101778,C1301,54,4,2955.51,11822.04,2025-05-04,2025-05,1,0,0,1,0,0,0,0,0,0,0,0,0,0,0,0,0,1,0,0,1,0,0,0,0,0,0,0,1,0,0,0,0,0,1,0,0.6923076923076923,0.5,0.5873833240633058,0.3404366633804011
T101011,C1231,30,5,1476.49,7382.45,2025-12-13,2025-12,0,1,0,0,0,0,1,0,0,0,0,0,0,0,0,0,0,0,1,0,0,1,0,0,0,0,0,1,0,0,0,0,0,1,0,0,0.23076923076923078,0.6666666666666666,0.28824391970470753,0.21196875858159492
T101779,C1017,24,4,4028.63,16114.52,2025-11-12,2025-11,1,0,0,0,0,0,0,0,0,0,0,1,0,0,0,0,0,0,0,1,0,0,0,1,0,0,0,0,0,0,0,1,1,0,0,0,0.11538461538461539,0.5,0.8044273651211002,0.46464766304270766
T101078,C1598,27,1,3904.45,3904.45,2025-08-01,2025-08,0,1,0,0,0,0,0,0,1,0,0,0,0,0,0,0,0,1,0,0,0,1,0,0,0,1,0,0,0,0,0,0,0,1,0,0,0.17307692307692307,0.0,0.7793113212317337,0.11132627292633218
T100515,C1390,26,3,4324.68,12974.04,2025-03-29,2025-03,0,0,1,1,0,0,0,0,0,0,0,0,0,0,0,0,1,0,0,0,1,0,0,0,0,0,0,1,0,0,0,0,0,1,0,0,0.15384615384615385,0.3333333333333333,0.8643050007584568,0.37377195477627884
T100088,C1468,39,2,3521.58,7043.16,2025-01-16,2025-01,1,0,0,0,1,0,0,0,0,0,0,0,0,0,0,0,1,0,0,0,0,1,0,0,0,0,0,0,0,1,0,0,0,1,0,0,0.40384615384615385,0.16666666666666666,0.7018738939171765,0.20215076290650175
T101821,C1049,64,4,2728.61,10914.44,2025-01-13,2025-01,0,1,0,0,0,0,0,0,0,0,0,1,0,0,0,0,0,0,1,0,0,1,0,0,0,0,1,0,0,0,0,0,0,0,0,1,0.8846153846153846,0.5,0.5414916316933812,0.3141735466521905
T101224,C1118,44,2,2894.67,5789.34,2025-10-29,2025-10,1,0,0,0,0,0,0,0,1,0,0,0,0,0,0,0,0,1,0,0,1,0,0,0,0,0,0,0,0,0,0,1,0,0,1,0,0.5,0.16666666666666666,0.5750781210497042,0.16586911789089465
T101924,C1580,56,4,4881.95,19527.8,2025-03-05,2025-03,0,1,0,0,0,0,0,0,0,0,0,0,1,0,0,0,0,0,1,0,0,0,0,0,1,0,0,0,0,0,0,1,0,0,1,0,0.7307692307692307,0.5,0.9770157253375132,0.5634173535077436
T101474,C1313,68,7,3964.22,27749.54,2025-04-07,2025-04,1,0,0,0,0,0,0,1,0,0,0,0,0,0,0,0,0,0,0,1,0,0,0,1,0,0,1,0,0,0,0,0,0,0,0,1,0.9615384615384616,1.0,0.7914001112403296,0.8013288975017918
T101182,C1174,54,3,2334.35,7003.05,2025-11-08,2025-11,0,0,1,0,0,0,0,0,0,0,0,0,0,1,0,0,0,1,0,0,0,1,0,0,0,0,0,1,0,0,0,0,0,0,1,0,0.6923076923076923,0.3333333333333333,0.4617505182788087,0.2009901044534734
T101042,C1158,52,7,345.19,2416.33,2025-02-14,2025-02,0,1,0,0,0,0,0,0,0,0,0,0,0,1,0,0,0,1,0,0,0,1,0,0,0,1,0,0,0,0,0,0,0,0,1,0,0.6538461538461539,1.0,0.059432674318652984,0.06826471578046975
T101340,C1419,52,4,4682.71,18730.84,2025-02-18,2025-02,1,0,0,0,0,0,0,0,0,0,0,0,1,0,0,0,0,0,0,1,1,0,0,0,0,0,0,0,0,0,1,0,0,0,1,0,0.6538461538461539,0.5,0.9367184102745614,0.5403558137240121
T100475,C1579,29,3,4852.74,14558.22,2025-10-04,2025-10,1,0,0,0,0,0,0,0,1,0,0,0,0,0,0,0,0,1,0,0,0,0,0,1,0,0,0,1,0,0,0,0,0,1,0,0,0.21153846153846154,0.3333333333333333,0.9711078525559993,0.41961318908489126
T101381,C1414,27,1,1877.33,1877.33,2025-04-21,2025-04,0,1,0,0,0,0,0,0,0,0,0,0,1,0,1,0,0,0,0,0,0,1,0,0,0,0,1,0,0,0,0,0,0,1,0,0,0.17307692307692307,0.0,0.3693158719724933,0.05266773482354432
T100777,C1539,62,6,211.46,1268.76,2025-10-09,2025-10,0,1,0,0,0,0,0,0,0,0,0,0,1,0,0,0,0,0,1,0,0,0,0,1,0,0,0,0,0,1,0,0,0,0,0,1,0.8461538461538461,0.8333333333333334,0.03238509379582343,0.03505761478466472
T101031,C1282,38,5,2150.32,10751.6,2025-10-25,2025-10,0,1,0,0,1,0,0,0,0,0,0,0,0,0,0,1,0,0,0,0,1,0,0,0,0,0,0,1,0,0,0,0,0,1,0,0,0.38461538461538464,0.6666666666666666,0.4245295039692572,0.3094614643163357
T100883,C1052,35,4,4677.09,18708.36,2025-06-06,2025-06,0,0,1,0,0,0,0,0,0,0,1,0,0,0,0,0,0,0,1,0,1,0,0,0,0,1,0,0,0,0,0,0,0,1,0,0,0.3269230769230769,0.5,0.9355817363604186,0.5397053125516342
T100562,C1497,66,2,1923.01,3846.02,2025-04-29,2025-04,1,0,0,0,0,0,0,0,0,0,1,0,0,0,1,0,0,0,0,0,1,0,0,0,0,0,0,0,0,0,1,0,0,0,0,1,0.9230769230769231,0.16666666666666666,0.37855488698993783,0.10963549074207773
T101418,C1358,59,1,2398.93,2398.93,2025-11-19,2025-11,0,1,0,0,0,0,0,0,0,0,0,0,0,1,0,0,0,0,1,0,0,1,0,0,0,0,0,0,0,0,0,1,0,0,1,0,0.7884615384615384,0.0,0.47481215553420636,0.0677612139833445
T101936,C1379,36,3,1111.58,3334.74,2025-09-07,2025-09,0,1,0,0,0,0,0,0,1,0,0,0,0,0,1,0,0,0,0,0,0,0,0,0,1,0,0,0,1,0,0,0,0,1,0,0,0.34615384615384615,0.3333333333333333,0.21443899479193002,0.09484064023436561
T100619,C1408,21,5,4944.08,24720.4,2025-01-23,2025-01,0,1,0,0,0,0,1,0,0,0,0,0,0,0,0,0,1,0,0,0,0,0,0,1,0,0,0,0,0,1,0,0,1,0,0,0,0.057692307692307696,0.6666666666666666,0.9895818374879911,0.7136750219992667
T101398,C1521,43,3,1527.73,4583.19,2025-09-16,2025-09,0,1,0,0,0,0,0,0,0,0,0,0,1,0,0,0,0,1,0,0,1,0,0,0,0,0,0,0,0,0,1,0,0,0,1,0,0.4807692307692308,0.3333333333333333,0.2986074733276028,0.1309668941781013
T100487,C1365,49,4,4258.96,17035.84,2025-07-09,2025-07,1,0,0,0,0,0,0,0,0,1,0,0,0,0,0,0,0,0,1,0,1,0,0,0,0,0,0,0,0,0,0,1,0,0,1,0,0.5961538461538461,0.5,0.8510127926379127,0.4913077938316399
T101571,C1016,44,5,2694.96,13474.8,2025-10-31,2025-10,1,0,0,0,0,0,1,0,0,0,0,0,0,0,0,0,0,0,1,0,0,1,0,0,0,1,0,0,0,0,0,0,0,0,1,0,0.5,0.6666666666666666,0.5346857460686656,0.3882623892549244
T100113,C1324,35,2,761.78,1523.56,2025-01-24,2025-01,0,0,1,0,1,0,0,0,0,0,0,0,0,0,1,0,0,0,0,0,1,0,0,0,0,1,0,0,0,0,0,0,0,1,0,0,0.3269230769230769,0.16666666666666666,0.14369014511806644,0.042430733055211285
T100218,C1574,37,7,2317.47,16222.29,2025-09-07,2025-09,1,0,0,0,0,0,0,1,0,0,0,0,0,0,0,0,0,0,1,0,0,0,0,1,0,0,0,0,1,0,0,0,0,1,0,0,0.36538461538461536,1.0,0.4583364514334833,0.46776619112754597
T101694,C1081,70,2,4953.19,9906.38,2025-08-23,2025-08,0,1,0,0,0,0,0,0,0,0,1,0,0,0,0,0,0,0,1,0,0,0,0,0,1,0,0,1,0,0,0,0,0,0,0,1,1.0,0.16666666666666666,0.9914243818577134,0.28500343046770393
T100922,C1506,27,3,1109.16,3327.48,2025-12-30,2025-12,1,0,0,0,0,0,0,0,0,0,0,0,1,0,0,0,0,1,0,0,0,0,0,1,0,0,0,0,0,0,1,0,0,1,0,0,0.17307692307692307,0.3333333333333333,0.21394953734135616,0.09463055845004785
T100488,C1033,33,6,4672.22,28033.32,2025-12-06,2025-12,0,1,0,0,0,0,0,0,0,0,0,0,1,0,0,0,0,1,0,0,0,1,0,0,0,0,0,1,0,0,0,0,0,1,0,0,0.28846153846153844,0.8333333333333334,0.9345967538049249,0.809540606696516
T100891,C1188,59,1,1929.4,1929.4,2025-01-25,2025-01,0,0,1,0,0,0,0,0,0,0,0,0,0,1,0,0,0,1,0,0,0,1,0,0,0,0,0,1,0,0,0,0,0,0,1,0,0.7884615384615384,0.0,0.3798472973656268,0.05417447841988404
T100345,C1090,25,7,4302.58,30118.06,2025-09-10,2025-09,0,1,0,0,0,0,0,0,0,0,0,1,0,0,0,0,0,1,0,0,1,0,0,0,0,0,0,0,0,0,0,1,1,0,0,0,0.1346153846153846,1.0,0.8598351620569348,0.8698664881067956
T101007,C1265,21,3,112.72,338.16,2025-01-29,2025-01,1,0,0,0,0,0,0,0,0,0,1,0,0,0,0,1,0,0,0,0,0,1,0,0,0,0,0,0,0,0,0,1,1,0,0,0,0.057692307692307696,0.3333333333333333,0.012414420791828891,0.008128949703932263
T100007,C1596,68,1,1406.19,1406.19,2025-04-25,2025-04,0,0,1,0,0,0,0,0,0,0,0,0,0,1,1,0,0,0,0,0,1,0,0,0,0,1,0,0,0,0,0,0,0,0,0,1,0.9615384615384616,0.0,0.27402538302068064,0.03903441087540732
T100107,C1434,61,1,2792.47,2792.47,2025-06-06,2025-06,1,0,0,0,0,0,0,0,0,0,0,0,1,0,1,0,0,0,0,0,0,0,0,1,0,1,0,0,0,0,0,0,0,0,0,1,0.8269230769230769,0.0,0.5544076452444758,0.07914903566384252
T100713,C1299,41,6,1856.59,11139.54,2025-11-01,2025-11,0,0,1,0,0,0,0,0,0,0,0,1,0,0,0,0,1,0,0,0,1,0,0,0,0,0,0,1,0,0,0,0,0,0,1,0,0.4423076923076923,0.8333333333333334,0.36512110026798805,0.3206872394414371
T100693,C1286,23,7,3781.57,26470.99,2025-08-19,2025-08,0,0,1,0,0,0,1,0,0,0,0,0,0,0,1,0,0,0,0,0,0,1,0,0,0,0,0,0,0,0,1,0,1,0,0,0,0.09615384615384616,1.0,0.7544582090306923,0.7643316433227993
T100591,C1023,24,5,2504.3,12521.5,2025-02-07,2025-02,1,0,0,0,0,0,0,0,1,0,0,0,0,0,0,0,0,1,0,0,1,0,0,0,0,1,0,0,0,0,0,0,1,0,0,0,0.11538461538461539,0.6666666666666666,0.49612378014865754,0.36067685688713774
T100207,C1169,43,3,4643.98,13931.94,2025-04-05,2025-04,1,0,0,0,0,0,0,0,0,1,0,0,0,0,0,0,0,0,0,1,0,0,0,0,1,0,0,1,0,0,0,0,0,0,1,0,0.4807692307692308,0.3333333333333333,0.9288850685139302,0.40149059681456983
T100607,C1004,56,2,2476.68,4953.36,2025-08-22,2025-08,0,0,1,0,0,0,0,0,0,0,0,0,0,1,0,0,0,0,0,1,0,0,0,0,1,1,0,0,0,0,0,0,0,0,1,0,0.7307692307692307,0.16666666666666666,0.49053749304747934,0.14167846085866734
T101522,C1213,44,4,4947.76,19791.04,2025-05-21,2025-05,0,0,1,0,0,0,0,0,1,0,0,0,0,0,1,0,0,0,0,0,0,0,0,1,0,0,0,0,0,0,0,1,0,0,1,0,0.5,0.5,0.9903261364210952,0.5710346990867808
T101422,C1085,30,6,2057.89,12347.34,2025-01-17,2025-01,1,0,0,0,0,0,0,0,0,0,0,0,0,1,1,0,0,0,0,0,0,1,0,0,0,1,0,0,0,0,0,0,0,1,0,0,0.23076923076923078,0.8333333333333334,0.4058350609293624,0.3556372090143026
T100681,C1163,49,1,2185.17,2185.17,2025-09-04,2025-09,0,1,0,0,0,0,0,0,1,0,0,0,0,0,0,0,0,0,0,1,1,0,0,0,0,0,0,0,0,1,0,0,0,0,1,0,0.5961538461538461,0.0,0.4315780957678111,0.061575665468776096
T101161,C1408,63,7,1625.4,11377.8,2025-12-03,2025-12,1,0,0,0,0,0,0,0,0,0,0,0,1,0,0,0,1,0,0,0,0,0,0,1,0,0,0,0,0,0,0,1,0,0,0,1,0.8653846153846154,1.0,0.3183617333265915,0.32758174163586573
T100618,C1071,62,1,3898.24,3898.24,2025-05-20,2025-05,1,0,0,0,0,0,0,0,0,1,0,0,0,0,1,0,0,0,0,0,1,0,0,0,0,0,0,0,0,0,1,0,0,0,0,1,0.8461538461538461,0.0,0.7780553167821206,0.11114657487115129
T100023,C1209,69,1,3523.59,3523.59,2025-11-18,2025-11,0,1,0,0,0,0,0,1,0,0,0,0,0,0,0,0,0,0,1,0,0,1,0,0,0,0,0,0,0,0,1,0,0,0,0,1,0.9807692307692307,0.0,0.7022804267583557,0.10030537094626797
T101511,C1032,66,3,1393.51,4180.53,2025-04-05,2025-04,0,1,0,0,0,0,0,0,1,0,0,0,0,0,0,0,0,1,0,0,0,1,0,0,0,0,0,1,0,0,0,0,0,0,0,1,0.9230769230769231,0.3333333333333333,0.2714607877837893,0.11931516810738593
T100765,C1293,43,3,734.1,2202.3,2025-04-16,2025-04,0,1,0,0,0,0,0,1,0,0,0,0,0,0,0,0,0,1,0,0,0,1,0,0,0,0,0,0,0,0,0,1,0,0,1,0,0.4807692307692308,0.3333333333333333,0.1380917227081964,0.06207135430698042
T101320,C1571,50,2,4460.91,8921.82,2025-02-14,2025-02,0,1,0,0,0,0,0,0,0,0,0,1,0,0,0,1,0,0,0,0,0,1,0,0,0,1,0,0,0,0,0,0,0,0,1,0,0.6153846153846154,0.16666666666666666,0.8918582191434494,0.2565133310781854
T100721,C1232,45,3,1918.41,5755.23,2025-06-03,2025-06,1,0,0,0,0,0,0,1,0,0,0,0,0,0,0,0,0,1,0,0,0,1,0,0,0,0,0,0,0,0,1,0,0,0,1,0,0.5192307692307693,0.3333333333333333,0.3776245133235577,0.1648820807472198
T100234,C1424,39,2,4296.43,8592.86,2025-08-07,2025-08,1,0,0,0,0,1,0,0,0,0,0,0,0,0,0,1,0,0,0,0,0,0,0,0,1,0,0,0,0,1,0,0,0,1,0,0,0.40384615384615385,0.16666666666666666,0.8585912929160135,0.24699425342402925
T101100,C1138,35,6,2327.49,13964.94,2025-05-04,2025-05,0,1,0,0,0,0,1,0,0,0,0,0,0,0,0,0,0,1,0,0,0,0,0,1,0,0,0,0,1,0,0,0,0,1,0,0,0.3269230769230769,0.8333333333333334,0.460363047985033,0.40244551401601425
T101777,C1389,40,4,1775.94,7103.76,2025-11-21,2025-11,1,0,0,0,0,0,0,0,0,0,0,1,0,0,0,1,0,0,0,0,0,0,0,0,1,1,0,0,0,0,0,0,0,1,0,0,0.4230769230769231,0.5,0.34880922283460586,0.2039043381309724
T100126,C1494,52,3,3152.8,9458.4,2025-03-27,2025-03,1,0,0,0,1,0,0,0,0,0,0,0,0,0,0,1,0,0,0,0,0,1,0,0,0,0,0,0,0,1,0,0,0,0,1,0,0.6538461538461539,0.3333333333333333,0.6272862415937706,0.2720402847736716
T101028,C1136,49,7,3320.34,23242.38,2025-03-08,2025-03,1,0,0,1,0,0,0,0,0,0,0,0,0,0,0,0,0,0,1,0,1,0,0,0,0,0,0,1,0,0,0,0,0,0,1,0,0.5961538461538461,1.0,0.6611720685644941,0.670905727390816
T101929,C1304,25,5,2981.18,14905.9,2025-03-15,2025-03,1,0,0,0,0,0,0,0,0,0,0,0,1,0,0,0,0,1,0,0,0,0,0,0,1,0,0,1,0,0,0,0,1,0,0,0,0.1346153846153846,0.6666666666666666,0.5925752136319967,0.42967396522423046
T100534,C1532,69,2,4106.78,8213.56,2025-09-13,2025-09,0,0,1,0,1,0,0,0,0,0,0,0,0,0,0,0,0,1,0,0,1,0,0,0,0,0,0,1,0,0,0,0,0,0,0,1,0.9807692307692307,0.16666666666666666,0.8202336046923193,0.23601849298439692
T100626,C1405,56,3,1229.33,3687.99,2025-08-12,2025-08,0,0,1,0,0,0,1,0,0,0,0,0,0,0,0,0,1,0,0,0,0,0,0,0,1,0,0,0,0,0,1,0,0,0,1,0,0.7307692307692307,0.3333333333333333,0.23825453809981292,0.10506259482255467
T101098,C1569,52,6,1470.92,8825.52,2025-03-06,2025-03,0,0,1,0,0,0,0,0,0,0,0,0,0,1,0,0,0,1,0,0,0,0,0,1,0,0,0,0,0,1,0,0,0,0,1,0,0.6538461538461539,0.8333333333333334,0.28711735854780807,0.2537267090630613
T101884,C1073,64,5,4316.79,21583.95,2025-08-06,2025-08,1,0,0,0,0,0,0,0,0,0,0,1,0,0,0,0,0,1,0,0,0,0,0,0,1,0,0,0,0,0,0,1,0,0,0,1,0.8846153846153846,0.6666666666666666,0.86270920766547,0.6229159293789537
T101326,C1172,50,5,3789.24,18946.2,2025-01-16,2025-01,0,1,0,0,0,0,0,0,0,1,0,0,0,0,0,1,0,0,0,0,0,0,0,0,1,0,0,0,0,1,0,0,0,0,1,0,0.6153846153846154,0.6666666666666666,0.7560095059918086,0.5465876612544082
T100726,C1571,55,6,173.85,1043.1,2025-03-27,2025-03,0,0,1,0,0,0,0,0,1,0,0,0,0,0,1,0,0,0,0,0,0,0,0,1,0,0,0,0,0,1,0,0,0,0,1,0,0.7115384615384616,0.8333333333333334,0.024778277797441472,0.028527717339878467
T100235,C1386,55,4,939.76,3759.04,2025-12-09,2025-12,0,0,1,0,0,0,0,0,1,0,0,0,0,0,1,0,0,0,0,0,0,0,0,1,0,0,0,0,0,0,1,0,0,0,1,0,0.7115384615384616,0.5,0.1796875158011832,0.1071185604941494
T101959,C1269,32,5,2900.68,14503.4,2025-06-19,2025-06,1,0,0,0,0,0,0,0,0,0,0,0,0,1,1,0,0,0,0,0,1,0,0,0,0,0,0,0,0,1,0,0,0,1,0,0,0.2692307692307692,0.6666666666666666,0.5762936744703443,0.41802686905509784
T100001,C1511,22,7,2595.66,18169.62,2025-01-14,2025-01,1,0,0,0,0,0,1,0,0,0,0,0,0,0,0,0,1,0,0,0,0,1,0,0,0,0,0,0,0,0,1,0,1,0,0,0,0.07692307692307693,1.0,0.5146018101835464,0.5241158551847808
T100243,C1174,27,3,118.74,356.22,2025-08-13,2025-08,0,0,1,0,0,0,0,0,0,0,1,0,0,0,0,1,0,0,0,0,0,0,0,0,1,0,0,0,0,0,0,1,0,1,0,0,0.17307692307692307,0.3333333333333333,0.013631996763917681,0.008651549845086388
T101333,C1473,59,4,2221.96,8887.84,2025-12-21,2025-12,0,0,1,0,0,0,0,0,0,0,0,0,0,1,0,1,0,0,0,0,1,0,0,0,0,0,0,0,1,0,0,0,0,0,1,0,0.7884615384615384,0.5,0.4390190625474035,0.2555300557295466
T100422,C1127,51,6,1830.64,10983.84,2025-05-01,2025-05,0,0,1,0,0,0,0,0,1,0,0,0,0,0,0,1,0,0,0,0,0,1,0,0,0,0,0,0,0,1,0,0,0,0,1,0,0.6346153846153846,0.8333333333333334,0.35987257925873495,0.316181766463713
T100172,C1342,66,3,2356.94,7070.82,2025-09-27,2025-09,1,0,0,0,0,0,0,0,0,1,0,0,0,0,0,1,0,0,0,0,0,0,0,1,0,0,0,1,0,0,0,0,0,0,0,1,0.9230769230769231,0.3333333333333333,0.46631946200131463,0.20295115714262152
T100213,C1045,48,4,676.41,2705.64,2025-07-17,2025-07,0,1,0,0,1,0,0,0,0,0,0,0,0,0,0,0,0,0,0,1,0,0,0,1,0,0,0,0,0,1,0,0,0,0,1,0,0.5769230769230769,0.5,0.12642362340092025,0.07663644594864802
T100782,C1306,26,2,2634.95,5269.9,2025-05-22,2025-05,1,0,0,0,0,0,0,0,1,0,0,0,0,0,0,0,0,1,0,0,1,0,0,0,0,0,0,0,0,1,0,0,0,1,0,0,0.15384615384615385,0.16666666666666666,0.522548414825302,0.1508381424024617
T100460,C1289,53,2,957.8,1915.6,2025-08-02,2025-08,1,0,0,0,0,0,0,1,0,0,0,0,0,0,0,0,0,0,0,1,0,1,0,0,0,0,0,1,0,0,0,0,0,0,1,0,0.6730769230769231,0.16666666666666666,0.18333619861455225,0.053775149408370915
T100340,C1287,25,3,637.24,1911.72,2025-03-21,2025-03,1,0,0,0,0,0,0,0,1,0,0,0,0,0,0,1,0,0,0,0,0,0,0,1,0,1,0,0,0,0,0,0,1,0,0,0,0.1346153846153846,0.3333333333333333,0.11850128937654851,0.05366287429498897
T100826,C1300,21,3,4719.38,14158.14,2025-10-17,2025-10,0,0,1,0,0,0,0,1,0,0,0,0,0,0,0,0,0,0,1,0,0,0,0,0,1,1,0,0,0,0,0,0,1,0,0,0,0.057692307692307696,0.3333333333333333,0.94413510643677,0.40803612017719787
T101579,C1036,38,1,1423.54,1423.54,2025-12-27,2025-12,0,0,1,0,0,0,0,0,0,0,1,0,0,0,0,0,0,1,0,0,0,0,0,1,0,0,0,1,0,0,0,0,0,1,0,0,0.38461538461538464,0.0,0.27753450978409266,0.039536465828287945
T101183,C1348,23,4,2346.1,9384.4,2025-09-15,2025-09,0,1,0,0,1,0,0,0,0,0,0,0,0,0,0,0,0,0,1,0,0,0,0,1,0,0,1,0,0,0,0,0,1,0,0,0,0.09615384615384616,0.5,0.46412701623097535,0.2698989552916447
T100841,C1300,34,7,1325.88,9281.16,2025-01-22,2025-01,1,0,0,0,0,0,0,0,0,0,1,0,0,0,0,0,1,0,0,0,0,0,0,1,0,0,0,0,0,0,0,1,0,1,0,0,0.3076923076923077,1.0,0.2577822723365526,0.26691151129536833
T101810,C1445,40,2,4382.49,8764.98,2025-03-15,2025-03,0,0,1,0,0,0,0,0,0,1,0,0,0,0,1,0,0,0,0,0,0,0,0,0,1,0,0,1,0,0,0,0,0,1,0,0,0.4230769230769231,0.16666666666666666,0.8759973706831167,0.2519748700516842
T101696,C1447,37,3,69.39,208.17,2025-05-07,2025-05,1,0,0,0,0,0,0,0,0,0,0,1,0,0,0,0,0,0,0,1,1,0,0,0,0,0,0,0,0,0,0,1,0,1,0,0,0.36538461538461536,0.3333333333333333,0.003650705364817717,0.0043674440367880395
T101238,C1412,53,3,1635.97,4907.91,2025-10-20,2025-10,0,0,1,0,1,0,0,0,0,0,0,0,0,0,0,0,0,1,0,0,0,0,0,0,1,0,1,0,0,0,0,0,0,0,1,0,0.6730769230769231,0.3333333333333333,0.32049957020781716,0.14036327944031435
T100426,C1072,58,6,3314.22,19885.32,2025-03-12,2025-03,1,0,0,0,0,0,0,0,1,0,0,0,0,0,1,0,0,0,0,0,0,0,0,0,1,0,0,0,0,0,0,1,0,0,1,0,0.7692307692307693,0.8333333333333334,0.6599342670779187,0.5737628685944226
T100741,C1017,36,7,2396.84,16777.88,2025-07-29,2025-07,0,0,1,0,0,0,1,0,0,0,0,0,0,0,0,0,0,0,1,0,0,0,0,1,0,0,0,0,0,0,1,0,0,1,0,0,0.34615384615384615,1.0,0.47438944228143803,0.4838432350048339
T100377,C1420,37,6,3198.3,19189.8,2025-09-01,2025-09,0,0,1,0,1,0,0,0,0,0,0,0,0,0,0,0,0,1,0,0,0,0,0,0,1,0,1,0,0,0,0,0,0,1,0,0,0.36538461538461536,0.8333333333333334,0.6364888506851393,0.5536366864141614
T100536,C1116,35,1,294.13,294.13,2025-04-03,2025-04,0,1,0,0,0,0,0,0,1,0,0,0,0,0,0,0,0,0,1,0,0,0,0,1,0,0,0,0,0,1,0,0,0,1,0,0,0.3269230769230769,0.0,0.04910552662183344,0.006854858662126276
T100709,C1481,56,7,2615.66,18309.62,2025-11-06,2025-11,0,1,0,0,0,0,0,0,0,0,1,0,0,0,0,1,0,0,0,0,0,0,0,1,0,0,0,0,0,1,0,0,0,0,1,0,0.7307692307692307,1.0,0.5186469130808514,0.5281670190696964
T101723,C1238,48,2,2510.88,5021.76,2025-05-06,2025-05,1,0,0,0,0,0,0,0,0,0,0,0,1,0,0,1,0,0,0,0,1,0,0,0,0,0,0,0,0,0,1,0,0,0,1,0,0.5769230769230769,0.16666666666666666,0.4974546190018709,0.14365774378529758
T101153,C1533,43,1,281.47,281.47,2025-08-10,2025-08,0,1,0,0,1,0,0,0,0,0,0,0,0,0,0,0,0,1,0,0,1,0,0,0,0,0,0,0,1,0,0,0,0,0,1,0,0.4807692307692308,0.0,0.046544976487839416,0.006488517699390329
T101332,C1323,23,5,913.98,4569.9,2025-08-31,2025-08,0,0,1,0,0,0,1,0,0,0,0,0,0,0,0,0,1,0,0,0,1,0,0,0,0,0,0,0,1,0,0,0,1,0,0,0,0.09615384615384616,0.6666666666666666,0.1744733781665571,0.13058232297788325
T100476,C1475,61,1,3079.46,3079.46,2025-08-07,2025-08,0,0,1,0,0,0,0,0,1,0,0,0,0,0,0,0,0,0,1,0,0,0,0,0,1,0,0,0,0,1,0,0,0,0,0,1,0.8269230769230769,0.0,0.6124528492693533,0.08745363225907078
T100430,C1456,19,7,311.72,2182.04,2025-04-17,2025-04,0,0,1,0,0,0,0,0,0,0,0,1,0,0,0,0,0,1,0,0,0,0,0,1,0,0,0,0,0,1,0,0,1,0,0,0,0.019230769230769232,1.0,0.05266319462001315,0.06148509301906333
T100541,C1083,33,6,1575.94,9455.64,2025-06-03,2025-06,0,1,0,0,0,0,1,0,0,0,0,0,0,0,0,0,1,0,0,0,0,0,0,1,0,0,0,0,0,0,1,0,0,1,0,0,0.28846153846153844,0.8333333333333334,0.3083581938615564,0.27196041897136897
T101372,C1523,23,6,655.58,3933.48,2025-01-20,2025-01,0,1,0,0,1,0,0,0,0,0,0,0,0,0,0,0,0,0,0,1,0,0,0,1,0,0,1,0,0,0,0,0,1,0,0,0,0.09615384615384616,0.8333333333333334,0.12221064873337716,0.11216631069475436
T101195,C1474,46,4,3839.83,15359.32,2025-01-23,2025-01,1,0,0,0,0,0,0,0,0,0,0,0,0,1,1,0,0,0,0,0,0,1,0,0,0,0,0,0,0,1,0,0,0,0,1,0,0.5384615384615384,0.5,0.7662415937705415,0.4427945275720767
T100918,C1228,24,4,4908.85,19635.4,2025-04-13,2025-04,0,0,1,1,0,0,0,0,0,0,0,0,0,0,0,0,0,0,0,1,0,1,0,0,0,0,0,0,1,0,0,0,1,0,0,0,0.11538461538461539,0.5,0.9824563887343885,0.5665309623221503
T101641,C1362,65,6,134.44,806.64,2025-10-03,2025-10,0,0,1,0,0,0,0,0,1,0,0,0,0,0,0,0,0,0,0,1,0,0,0,0,1,1,0,0,0,0,0,0,0,0,0,1,0.9038461538461539,0.8333333333333334,0.016807402538302065,0.021685301538255864
T100393,C1181,51,3,1546.3,4638.9,2025-10-08,2025-10,1,0,0,0,0,0,0,0,0,0,0,1,0,0,0,1,0,0,0,0,0,0,0,0,1,0,0,0,0,0,0,1,0,0,1,0,0.6346153846153846,0.3333333333333333,0.30236335136775044,0.13257896803544883
T101725,C1362,28,6,2504.3,15025.8,2025-06-15,2025-06,0,1,0,0,0,0,0,0,0,0,0,0,1,0,1,0,0,0,0,0,1,0,0,0,0,0,0,0,1,0,0,0,0,1,0,0,0.19230769230769232,0.8333333333333334,0.49612378014865754,0.4331434977228118
T100231,C1517,48,4,304.12,1216.48,2025-08-08,2025-08,0,1,0,0,0,0,0,0,0,1,0,0,0,0,0,1,0,0,0,0,0,1,0,0,0,1,0,0,0,0,0,0,0,0,1,0,0.5769230769230769,0.5,0.05112605551903727,0.03354479444249763
T100406,C1435,47,4,4695.04,18780.16,2025-04-05,2025-04,0,1,0,0,0,0,0,0,0,0,0,0,1,0,0,0,1,0,0,0,0,0,0,1,0,0,0,1,0,0,0,0,0,0,1,0,0.5576923076923077,0.5,0.9392122162107498,0.5417829808868981
T100546,C1522,19,3,2504.3,7512.9,2025-11-24,2025-11,1,0,0,0,0,0,0,0,0,0,0,1,0,0,0,0,0,1,0,0,0,0,0,0,1,0,1,0,0,0,0,0,1,0,0,0,0.019230769230769232,0.3333333333333333,0.49612378014865754,0.21574357521578957
T100282,C1015,69,3,3739.19,11217.57,2025-09-10,2025-09,0,1,0,0,0,0,0,0,0,0,0,0,1,0,1,0,0,0,0,0,1,0,0,0,0,0,0,0,0,0,0,1,0,0,0,1,0.9807692307692307,0.3333333333333333,0.745886635991303,0.3229451845695797
T101501,C1100,37,7,573.74,4016.18,2025-06-01,2025-06,1,0,0,0,0,0,0,0,0,0,0,0,0,1,0,0,1,0,0,0,0,0,0,0,1,0,0,0,1,0,0,0,0,1,0,0,0.36538461538461536,1.0,0.10565808767760529,0.11455939107534384
T101317,C1432,29,7,3710.81,25975.67,2025-08-28,2025-08,0,1,0,0,1,0,0,0,0,0,0,0,0,0,0,0,0,1,0,0,0,1,0,0,0,0,0,0,0,1,0,0,0,1,0,0,0.21153846153846154,1.0,0.7401466349800273,0.7499986254979675
T100786,C1134,26,6,3120.84,18725.04,2025-01-15,2025-01,0,1,0,0,1,0,0,0,0,0,0,0,0,0,0,1,0,0,0,0,1,0,0,0,0,0,0,0,0,0,0,1,0,1,0,0,0.15384615384615385,0.8333333333333334,0.6208221671638773,0.540187979791637
T101909,C1400,26,5,1640.42,8202.1,2025-07-30,2025-07,0,0,1,0,0,0,0,0,0,1,0,0,0,0,1,0,0,0,0,0,0,0,0,1,0,0,0,0,0,0,0,1,0,1,0,0,0.15384615384615385,0.6666666666666666,0.32139960560246755,0.23568687628353172
T101733,C1008,41,3,1569.46,4708.38,2025-10-10,2025-10,1,0,0,0,0,0,1,0,0,0,0,0,0,0,0,1,0,0,0,0,0,0,0,0,1,1,0,0,0,0,0,0,0,0,1,0,0.4423076923076923,0.3333333333333333,0.3070475805228296,0.13458950279776272
T100645,C1083,43,4,3228.05,12912.2,2025-07-18,2025-07,0,1,0,0,0,0,0,0,0,0,0,0,0,1,0,1,0,0,0,0,0,0,0,1,0,1,0,0,0,0,0,0,0,0,1,0,0.4807692307692308,0.5,0.6425059412448805,0.3719824978145418
T101026,C1281,29,7,2504.3,17530.1,2025-07-21,2025-07,0,0,1,0,0,0,0,0,0,0,0,0,1,0,0,0,0,1,0,0,0,1,0,0,0,0,1,0,0,0,0,0,0,1,0,0,0.21153846153846154,1.0,0.49612378014865754,0.5056101385584858
T100638,C1108,65,1,478.88,478.88,2025-11-14,2025-11,1,0,0,0,0,0,1,0,0,0,0,0,0,0,0,1,0,0,0,0,0,1,0,0,0,1,0,0,0,0,0,0,0,0,0,1,0.9038461538461539,0.0,0.08647216463568791,0.01220094814597038
T101059,C1454,36,3,257.8,773.4,2025-12-12,2025-12,0,1,0,0,0,0,0,0,1,0,0,0,0,0,0,0,0,0,0,1,0,0,0,0,1,1,0,0,0,0,0,0,0,1,0,0,0.34615384615384615,0.3333333333333333,0.041757597208879005,0.020723439484437306
T101375,C1362,48,4,2912.84,11651.36,2025-12-11,2025-12,1,0,0,0,0,0,0,0,0,0,0,0,0,1,0,0,0,0,1,0,0,0,0,0,1,0,0,0,0,1,0,0,0,0,1,0,0.5769230769230769,0.5,0.5787530970319057,0.33549771586699106
T100956,C1398,35,3,2437.79,7313.37,2025-02-07,2025-02,1,0,0,1,0,0,0,0,0,0,0,0,0,0,0,1,0,0,0,0,0,1,0,0,0,1,0,0,0,0,0,0,0,1,0,0,0.3269230769230769,0.3333333333333333,0.48267179046366987,0.20996979857323794
T100225,C1127,49,4,2504.3,10017.2,2025-05-14,2025-05,0,0,1,0,0,0,0,0,0,0,0,1,0,0,0,0,0,1,0,0,0,1,0,0,0,0,0,0,0,0,0,1,0,0,1,0,0.5961538461538461,0.5,0.49612378014865754,0.2882102160514637
T101468,C1247,52,5,2786.11,13930.55,2025-07-30,2025-07,1,0,0,0,0,0,1,0,0,0,0,0,0,0,0,0,0,0,0,1,0,0,0,1,0,0,0,0,0,0,0,1,0,0,1,0,0.6538461538461539,0.6666666666666666,0.553121302523133,0.40145037454456955
T101963,C1051,41,1,3132.77,3132.77,2025-11-15,2025-11,0,1,0,0,0,0,0,0,0,0,0,0,1,0,0,0,0,0,0,1,0,0,0,0,1,0,0,1,0,0,0,0,0,0,1,0,0.4423076923076923,0.0,0.6232350710421196,0.08899625759267689
T101853,C1327,41,6,1592.8,9556.8,2025-01-21,2025-01,0,1,0,0,0,0,0,0,1,0,0,0,0,0,0,0,0,0,1,0,0,0,0,1,0,0,0,0,0,0,1,0,0,0,1,0,0.4423076923076923,0.8333333333333334,0.31176821560398443,0.27488767424706945
T101309,C1455,68,5,3831.43,19157.15,2025-11-18,2025-11,0,1,0,0,0,0,0,0,1,0,0,0,0,0,1,0,0,0,0,0,1,0,0,0,0,0,0,0,0,0,1,0,0,0,0,1,0.9615384615384616,0.6666666666666666,0.7645426505536734,0.5526918971224294
T100181,C1070,20,5,3820.02,19100.1,2025-12-13,2025-12,0,1,0,0,0,0,0,0,1,0,0,0,0,0,0,0,1,0,0,0,0,0,0,1,0,0,0,1,0,0,0,0,1,0,0,0,0.038461538461538464,0.6666666666666666,0.7622349193507609,0.5510410478393261
T100335,C1294,60,5,3083.26,15416.3,2025-11-08,2025-11,0,1,0,0,1,0,0,0,0,0,0,0,0,0,0,0,0,0,0,1,0,1,0,0,0,0,0,1,0,0,0,0,0,0,1,0,0.8076923076923077,0.6666666666666666,0.6132214188198413,0.44444335127323736
T100604,C1078,28,3,4318.47,12955.41,2025-09-19,2025-09,0,0,1,0,0,0,0,0,0,0,0,0,0,1,1,0,0,0,0,0,0,0,0,1,0,1,0,0,0,0,0,0,0,1,0,0,0.19230769230769232,0.3333333333333333,0.8630489963088436,0.3732328606107361
T100857,C1578,43,7,1320.99,9246.93,2025-01-12,2025-01,1,0,0,1,0,0,0,0,0,0,0,0,0,0,0,1,0,0,0,0,0,0,0,1,0,0,0,0,1,0,0,0,0,0,1,0,0.4807692307692308,1.0,0.2567932446781615,0.2659210017255065
T100927,C1368,53,2,772.68,1545.36,2025-07-23,2025-07,1,0,0,0,0,0,0,0,0,0,0,0,0,1,0,0,0,1,0,0,0,1,0,0,0,0,0,0,0,0,0,1,0,0,1,0,0.6730769230769231,0.16666666666666666,0.14589472619709762,0.04306155714586244
T100504,C1371,22,5,3622.47,18112.35,2025-11-16,2025-11,0,0,1,0,0,0,1,0,0,0,0,0,0,0,0,0,0,0,1,0,1,0,0,0,0,0,0,0,1,0,0,0,1,0,0,0,0.07692307692307693,0.6666666666666666,0.7222794154826313,0.5224586397870012
T100227,C1465,50,6,367.08,2202.48,2025-09-30,2025-09,1,0,0,0,1,0,0,0,0,0,0,0,0,0,0,0,0,0,1,0,1,0,0,0,0,0,0,0,0,0,1,0,0,0,1,0,0.6153846153846154,0.8333333333333334,0.06386003943975326,0.06207656294626103
T101347,C1154,65,2,3019.64,6039.28,2025-05-31,2025-05,0,0,1,0,0,0,0,0,0,0,0,0,1,0,0,0,0,0,0,1,0,1,0,0,0,0,0,1,0,0,0,0,0,0,0,1,0.9038461538461539,0.16666666666666666,0.6003539465035141,0.17310160290086482
T101189,C1049,25,1,4241.15,4241.15,2025-01-09,2025-01,0,1,0,0,0,0,0,0,0,0,0,0,0,1,0,0,0,0,1,0,0,0,0,0,1,0,0,0,0,1,0,0,1,0,0,0,0.1346153846153846,0.0,0.8474106285078625,0.12106932206955442
T100053,C1583,54,5,2440.52,12202.6,2025-12-17,2025-12,1,0,0,0,1,0,0,0,0,0,0,0,0,0,0,1,0,0,0,0,0,0,0,0,1,0,0,0,0,0,0,1,0,0,1,0,0.6923076923076923,0.6666666666666666,0.483223947009152,0.35144888429499765
T100120,C1497,33,2,1412.15,2824.3,2025-10-19,2025-10,1,0,0,0,0,0,0,0,1,0,0,0,0,0,0,0,0,0,0,1,0,0,0,1,0,0,0,0,1,0,0,0,0,1,0,0,0.28846153846153844,0.16666666666666666,0.2752308236840775,0.08007009670996301
T101849,C1090,40,1,1017.4,1017.4,2025-07-10,2025-07,0,0,1,0,0,0,0,0,0,0,0,1,0,0,0,0,0,0,0,1,1,0,0,0,0,0,0,0,0,1,0,0,0,1,0,0,0.4230769230769231,0.0,0.195390605248521,0.027784039398147515
T101864,C1067,19,5,3292.19,16460.95,2025-04-18,2025-04,1,0,0,0,0,0,0,0,0,0,0,0,0,1,0,1,0,0,0,0,0,0,0,1,0,1,0,0,0,0,0,0,1,0,0,0,0.019230769230769232,0.6666666666666666,0.6554785862365373,0.4746722680759315
T100563,C1510,41,3,3514.39,10543.17,2025-12-24,2025-12,0,1,0,0,0,0,0,0,0,0,1,0,0,0,0,0,0,0,1,0,0,1,0,0,0,0,0,0,0,0,0,1,0,0,1,0,0.4423076923076923,0.3333333333333333,0.7004196794255954,0.30343014939824303
T101166,C1518,28,5,2387.0,11935.0,2025-01-27,2025-01,0,1,0,0,0,0,1,0,0,0,0,0,0,0,0,0,0,0,1,0,0,1,0,0,0,0,1,0,0,0,0,0,0,1,0,0,0.19230769230769232,0.6666666666666666,0.47239925165596397,0.34370537389783024
T100420,C1117,65,1,4012.43,4012.43,2025-10-12,2025-10,1,0,0,0,0,0,0,0,0,0,0,0,0,1,0,0,1,0,0,0,0,0,0,0,1,0,0,0,1,0,0,0,0,0,0,1,0.9038461538461539,0.0,0.8011508317742831,0.11445087775699787
T100663,C1591,18,2,1120.88,2241.76,2025-07-12,2025-07,1,0,0,0,0,0,0,0,0,0,1,0,0,0,0,0,1,0,0,0,0,1,0,0,0,0,0,1,0,0,0,0,1,0,0,0,0.0,0.16666666666666666,0.21631996763917685,0.06321320378482881
T100610,C1528,37,6,2918.03,17508.18,2025-08-19,2025-08,0,1,0,0,0,0,0,0,0,0,1,0,0,0,1,0,0,0,0,0,0,1,0,0,0,0,0,0,0,0,1,0,0,1,0,0,0.36538461538461536,0.8333333333333334,0.5798028012337564,0.5049758420416477
T101185,C1424,33,6,2810.56,16863.36,2025-04-17,2025-04,1,0,0,1,0,0,0,0,0,0,0,0,0,0,0,0,0,0,1,0,0,0,0,1,0,0,0,0,0,1,0,0,0,1,0,0,0.28846153846153844,0.8333333333333334,0.5580664408150882,0.48631675992542384
T101577,C1386,41,6,608.6,3651.6,2025-02-08,2025-02,1,0,0,0,0,0,0,0,0,0,0,0,0,1,0,0,1,0,0,0,1,0,0,0,0,0,0,1,0,0,0,0,0,0,1,0,0.4423076923076923,0.8333333333333334,0.11270870202760783,0.10400958158132552
T101591,C1065,61,3,3610.91,10832.73,2025-04-28,2025-04,0,0,1,0,0,0,0,0,0,0,0,0,1,0,0,0,0,0,0,1,0,0,0,1,0,0,1,0,0,0,0,0,0,0,0,1,0.8269230769230769,0.3333333333333333,0.719941346007989,0.31180911378764437
T100165,C1443,22,4,2023.92,8095.68,2025-06-09,2025-06,0,0,1,0,0,0,0,0,0,0,0,1,0,0,0,0,1,0,0,0,0,0,0,0,1,0,1,0,0,0,0,0,1,0,0,0,0.07692307692307693,0.5,0.39896445365829,0.23260741299329793
T100539,C1466,36,7,410.18,2871.26,2025-06-03,2025-06,1,0,0,0,0,0,0,0,0,1,0,0,0,0,1,0,0,0,0,0,0,0,0,0,1,0,0,0,0,0,1,0,0,1,0,0,0.34615384615384615,1.0,0.07257723618344543,0.0814289728245033
T101395,C1299,32,1,3540.43,3540.43,2025-01-03,2025-01,1,0,0,0,0,0,0,0,0,0,0,0,0,1,0,0,0,0,0,1,0,0,0,1,0,1,0,0,0,0,0,0,0,1,0,0,0.2692307692307692,0.0,0.7056864033978864,0.10079266808785353
T101227,C1517,64,4,4952.76,19811.04,2025-03-24,2025-03,0,1,0,0,0,0,0,0,0,0,0,0,0,1,0,1,0,0,0,0,0,0,0,1,0,0,1,0,0,0,0,0,0,0,0,1,0.8846153846153846,0.5,0.9913374121454215,0.571613436784626
T101164,C1259,31,5,3662.7,18313.5,2025-11-30,2025-11,0,0,1,0,0,0,0,0,0,0,1,0,0,0,0,0,1,0,0,0,0,0,0,0,1,0,0,0,1,0,0,0,0,1,0,0,0.25,0.6666666666666666,0.7304161399605602,0.5282792941830784
T100670,C1370,55,6,826.66,4959.96,2025-01-28,2025-01,0,0,1,0,0,0,0,0,0,0,0,0,1,0,1,0,0,0,0,0,0,0,0,0,1,0,0,0,0,0,1,0,0,0,1,0,0.7115384615384616,0.8333333333333334,0.1568124589169237,0.14186944429895623
T100802,C1081,43,7,4520.32,31642.24,2025-12-03,2025-12,0,0,1,1,0,0,0,0,0,0,0,0,0,0,0,0,1,0,0,0,0,0,0,1,0,0,0,0,0,0,0,1,0,0,1,0,0.4807692307692308,1.0,0.9038741972998937,0.9139715093218728
T101388,C1253,21,7,710.4,4972.8,2025-09-06,2025-09,0,1,0,0,1,0,0,0,0,0,0,0,0,0,0,0,0,1,0,0,0,0,0,0,1,0,0,1,0,0,0,0,1,0,0,0,0.057692307692307696,1.0,0.13329827577489,0.14224099390097278
T100710,C1468,34,3,2216.49,6649.47,2025-11-11,2025-11,0,1,0,0,0,0,0,0,0,0,0,0,1,0,0,0,0,0,0,1,1,0,0,0,0,0,0,0,0,0,1,0,0,1,0,0,0.3076923076923077,0.3333333333333333,0.43791272690499056,0.1907586006932699
T100123,C1425,70,1,893.28,893.28,2025-12-11,2025-12,0,0,1,0,0,0,0,0,0,0,0,0,0,1,0,1,0,0,0,0,0,0,0,0,1,0,0,0,0,1,0,0,0,0,0,1,1.0,0.0,0.1702866966678465,0.024192393245320833
T100911,C1284,47,5,2007.87,10039.35,2025-08-28,2025-08,1,0,0,0,0,0,0,1,0,0,0,0,0,0,0,0,0,0,1,0,0,0,0,1,0,0,0,0,0,1,0,0,0,0,1,0,0.5576923076923077,0.6666666666666666,0.3957182585832027,0.28885116805182715
T101749,C1135,43,2,3859.76,7719.52,2025-02-13,2025-02,0,0,1,0,0,0,0,0,0,0,0,0,1,0,0,1,0,0,0,0,0,1,0,0,0,0,0,0,0,1,0,0,0,0,1,0,0.4807692307692308,0.16666666666666666,0.770272538807706,0.22172251437222731
T100959,C1124,52,3,2648.7,7946.1,2025-09-16,2025-09,1,0,0,0,0,0,0,0,0,0,0,0,0,1,0,0,1,0,0,0,0,0,0,0,1,0,0,0,0,0,1,0,0,0,1,0,0.6538461538461539,0.3333333333333333,0.5253294230671992,0.22827903375111444
T100856,C1045,32,1,2846.84,2846.84,2025-10-17,2025-10,1,0,0,0,0,0,1,0,0,0,0,0,0,0,1,0,0,0,0,0,0,1,0,0,0,1,0,0,0,0,0,0,0,1,0,0,0.2692307692307692,0.0,0.5654042574707994,0.08072233409543443
T100170,C1508,65,3,4887.61,14662.83,2025-07-19,2025-07,0,0,1,0,0,0,0,0,0,0,0,0,1,0,0,0,0,0,0,1,0,1,0,0,0,0,0,1,0,0,0,0,0,0,0,1,0.9038461538461539,0.3333333333333333,0.9781604894574505,0.42264027661347003
T100089,C1199,35,6,1856.77,11140.62,2025-03-06,2025-03,1,0,0,0,0,0,1,0,0,0,0,0,0,0,0,0,1,0,0,0,0,0,0,0,1,0,0,0,0,1,0,0,0,1,0,0,0.3269230769230769,0.8333333333333334,0.36515750619406384,0.32071849127712077
T101131,C1134,34,1,2896.95,2896.95,2025-01-20,2025-01,0,1,0,0,0,0,0,0,0,0,0,0,1,0,0,0,1,0,0,0,0,0,0,1,0,0,1,0,0,0,0,0,0,1,0,0,0.3076923076923077,0.0,0.5755392627799969,0.08217236139738532
T100819,C1517,27,7,588.8,4121.6,2025-07-09,2025-07,1,0,0,0,0,0,0,0,0,0,1,0,0,0,0,0,0,0,0,1,0,0,0,1,0,0,0,0,0,0,0,1,0,1,0,0,0.17307692307692307,1.0,0.10870405015927591,0.11760991748068536
T101406,C1284,49,2,1945.69,3891.38,2025-11-29,2025-11,1,0,0,0,0,0,0,0,0,0,1,0,0,0,1,0,0,0,0,0,0,0,0,1,0,0,0,1,0,0,0,0,0,0,1,0,0.5961538461538461,0.16666666666666666,0.38314203367548166,0.11094806784079042
T101984,C1040,38,1,4933.63,4933.63,2025-02-01,2025-02,1,0,0,0,0,0,1,0,0,0,0,0,0,0,0,0,0,1,0,0,0,0,0,1,0,0,0,1,0,0,0,0,0,1,0,0,0.38461538461538464,0.0,0.9874682712241493,0.14110753611974314
T101413,C1321,43,3,1376.84,4130.52,2025-11-08,2025-11,1,0,0,0,0,0,0,0,0,1,0,0,0,0,1,0,0,0,0,0,0,0,0,1,0,0,0,1,0,0,0,0,0,0,1,0,0.4807692307692308,0.3333333333333333,0.2680891945188856,0.11786803449392429
T101428,C1137,44,3,2504.3,7512.9,2025-12-20,2025-12,0,0,1,0,0,0,0,0,0,0,0,1,0,0,1,0,0,0,0,0,1,0,0,0,0,0,0,1,0,0,0,0,0,0,1,0,0.5,0.3333333333333333,0.49612378014865754,0.21574357521578957
T101212,C1077,50,4,2276.3,9105.2,2025-03-19,2025-03,0,0,1,0,0,0,1,0,0,0,0,0,0,0,0,0,0,1,0,0,0,1,0,0,0,0,0,0,0,0,0,1,0,0,1,0,0.6153846153846154,0.5,0.4500096071193811,0.2618197770297272
T101271,C1250,56,4,3356.8,13427.2,2025-06-04,2025-06,0,1,0,0,0,0,0,0,0,0,0,0,1,0,0,0,0,1,0,0,0,1,0,0,0,0,0,0,0,0,0,1,0,0,1,0,0.7307692307692307,0.5,0.6685462911462811,0.3868849935340531
T101158,C1556,69,2,1857.9,3715.8,2025-03-16,2025-03,0,1,0,0,0,0,0,0,0,0,0,1,0,0,1,0,0,0,0,0,1,0,0,0,0,0,0,0,1,0,0,0,0,0,0,1,0.9807692307692307,0.16666666666666666,0.36538605450776157,0.1058673295914083
T100296,C1584,52,7,2153.97,15077.79,2025-11-03,2025-11,0,0,1,0,0,0,0,0,0,0,0,0,0,1,0,0,0,0,1,0,0,1,0,0,0,0,1,0,0,0,0,0,0,0,1,0,0.6538461538461539,1.0,0.4252677352480153,0.4346479263683602
T100623,C1572,44,7,1810.17,12671.19,2025-12-22,2025-12,0,0,1,0,0,0,0,0,0,0,1,0,0,0,0,0,1,0,0,0,0,1,0,0,0,0,1,0,0,0,0,0,0,0,1,0,0.5,1.0,0.3557324164433433,0.3650084191866594
T100542,C1294,59,5,3986.18,19930.9,2025-08-13,2025-08,0,0,1,0,1,0,0,0,0,0,0,0,0,0,0,1,0,0,0,0,0,1,0,0,0,0,0,0,0,0,0,1,0,0,1,0,0.7884615384615384,0.6666666666666666,0.7958416342215705,0.5750818118078116
T100524,C1127,37,1,2673.1,2673.1,2025-04-30,2025-04,1,0,0,0,0,0,0,0,0,0,0,1,0,0,0,1,0,0,0,0,1,0,0,0,0,0,0,0,0,0,0,1,0,1,0,0,0.36538461538461536,0.0,0.5302644486019112,0.07569483971425404
T100880,C1102,53,3,4619.03,13857.09,2025-12-04,2025-12,1,0,0,0,1,0,0,0,0,0,0,0,0,0,0,0,1,0,0,0,1,0,0,0,0,0,0,0,0,1,0,0,0,0,1,0,0.6730769230769231,0.3333333333333333,0.9238388026495423,0.39932467098038454
T101734,C1211,70,7,2742.32,19196.24,2025-10-14,2025-10,0,0,1,0,0,0,1,0,0,0,0,0,0,0,0,0,1,0,0,0,1,0,0,0,0,0,0,0,0,0,1,0,0,0,0,1,1.0,1.0,0.5442645497294838,0.5538230399528676
T101152,C1502,22,5,4831.18,24155.9,2025-10-22,2025-10,1,0,0,1,0,0,0,0,0,0,0,0,0,0,0,0,0,0,0,1,0,1,0,0,0,0,0,0,0,0,0,1,1,0,0,0,0.07692307692307693,0.6666666666666666,0.9667472316327047,0.6973401504775888
T100416,C1112,65,7,4050.98,28356.86,2025-12-09,2025-12,0,1,0,1,0,0,0,0,0,0,0,0,0,0,0,0,0,0,1,0,0,1,0,0,0,0,0,0,0,0,1,0,0,0,0,1,0.9038461538461539,1.0,0.8089477676088386,0.8189028464345561
T100867,C1252,66,2,2019.35,4038.7,2025-03-05,2025-03,0,0,1,0,0,0,0,0,0,1,0,0,0,0,0,0,1,0,0,0,0,1,0,0,0,0,0,0,0,0,0,1,0,0,0,1,0.9230769230769231,0.16666666666666666,0.3980401476462557,0.11521104972311741
T100051,C1159,60,6,451.95,2711.7,2025-04-03,2025-04,0,1,0,0,0,0,0,0,0,0,0,0,1,0,0,0,0,1,0,0,0,0,0,0,1,0,0,0,0,1,0,0,0,0,1,0,0.8076923076923077,0.8333333333333334,0.0810254335844668,0.07681180347109509
T100669,C1566,55,5,1252.27,6261.35,2025-01-19,2025-01,0,0,1,0,1,0,0,0,0,0,0,0,0,0,0,0,0,1,0,0,1,0,0,0,0,0,0,0,1,0,0,0,0,0,1,0,0.7115384615384616,0.6666666666666666,0.2428942711230217,0.1795276169288879
T100072,C1305,18,3,4618.48,13855.44,2025-03-02,2025-03,0,1,0,0,0,0,1,0,0,0,0,0,0,0,0,0,1,0,0,0,0,1,0,0,0,0,0,0,1,0,0,0,1,0,0,0,0.0,0.3333333333333333,0.9237275623198664,0.3992769251203123
T100492,C1007,48,7,3588.96,25122.72,2025-04-21,2025-04,0,1,0,0,0,0,0,1,0,0,0,0,0,0,0,0,0,0,0,1,0,0,0,0,1,0,1,0,0,0,0,0,0,0,1,0,0.5769230769230769,1.0,0.7155018455781968,0.7253169095291188
T100677,C1161,40,7,741.58,5191.06,2025-04-03,2025-04,0,1,0,0,0,0,0,0,0,0,0,0,0,1,0,1,0,0,0,0,1,0,0,0,0,0,0,0,0,1,0,0,0,1,0,0,0.4230769230769231,1.0,0.13960459119178845,0.14855675839755636
T101878,C1471,59,7,2337.74,16364.18,2025-06-23,2025-06,0,1,0,0,0,0,0,1,0,0,0,0,0,0,0,0,0,1,0,0,0,0,0,0,1,0,1,0,0,0,0,0,0,0,1,0,0.7884615384615384,1.0,0.46243616321990183,0.47187204572490804
T100151,C1198,43,4,1672.24,6688.96,2025-03-28,2025-03,0,1,0,1,0,0,0,0,0,0,0,0,0,0,0,0,0,1,0,0,0,0,0,1,0,1,0,0,0,0,0,0,0,0,1,0,0.4807692307692308,0.5,0.3278353643120797,0.19190131827766505
T101589,C1266,66,4,4742.41,18969.64,2025-02-20,2025-02,1,0,0,0,0,0,0,0,0,0,0,0,1,0,0,0,0,0,1,0,0,1,0,0,0,0,0,0,0,1,0,0,0,0,0,1,0.9230769230769231,0.5,0.9487930424230165,0.5472659418362825
T100115,C1142,63,3,2460.59,7381.77,2025-10-13,2025-10,0,0,1,0,0,0,0,0,0,1,0,0,0,0,0,0,0,0,1,0,0,0,0,1,0,0,1,0,0,0,0,0,0,0,0,1,0.8653846153846154,0.3333333333333333,0.48728320776659756,0.2119490814998682
T101750,C1505,54,7,2218.92,15532.44,2025-02-01,2025-02,0,1,0,0,0,0,0,1,0,0,0,0,0,0,0,1,0,0,0,0,0,0,0,0,1,0,0,1,0,0,0,0,0,0,1,0,0.6923076923076923,1.0,0.4384042069070132,0.4478040810846239
T100982,C1527,43,6,1865.15,11190.9,2025-02-16,2025-02,0,1,0,0,0,0,0,0,0,0,1,0,0,0,0,1,0,0,0,0,0,0,0,0,1,0,0,0,1,0,0,0,0,0,1,0,0.4807692307692308,0.8333333333333334,0.3668524043080346,0.3221734378495033
T100622,C1169,62,4,4312.33,17249.32,2025-05-19,2025-05,0,1,0,0,1,0,0,0,0,0,0,0,0,0,0,0,0,0,1,0,0,1,0,0,0,0,1,0,0,0,0,0,0,0,0,1,0.8461538461538461,0.5,0.8618071497193709,0.4974852400184385
T101500,C1255,51,4,1534.5,6138.0,2025-12-31,2025-12,0,0,1,0,0,0,0,0,1,0,0,0,0,0,0,0,0,0,1,0,1,0,0,0,0,0,0,0,0,0,0,1,0,0,1,0,0.6346153846153846,0.5,0.2999767406583405,0.17595825217742825
T100550,C1342,58,4,1121.95,4487.8,2025-05-06,2025-05,0,1,0,0,0,0,0,0,0,0,0,0,1,0,0,0,0,1,0,0,1,0,0,0,0,0,0,0,0,0,1,0,0,0,1,0,0.7692307692307693,0.5,0.21653638064418265,0.12820660472822912
T100483,C1182,43,7,3318.54,23229.78,2025-04-14,2025-04,0,0,1,0,1,0,0,0,0,0,0,0,0,0,0,0,0,0,1,0,0,0,0,0,1,0,1,0,0,0,0,0,0,0,1,0,0.4807692307692308,1.0,0.6608080093037366,0.6705411226411736
T101380,C1292,19,7,762.92,5340.44,2025-02-17,2025-02,0,1,0,0,0,0,0,0,0,0,0,0,1,0,0,1,0,0,0,0,0,0,0,0,1,0,1,0,0,0,0,0,1,0,0,0,0.019230769230769232,1.0,0.14392071598321282,0.15287935026276137
T100861,C1161,50,6,2504.3,15025.8,2025-10-17,2025-10,1,0,0,0,0,0,0,0,0,0,1,0,0,0,0,0,0,0,0,1,0,1,0,0,0,1,0,0,0,0,0,0,0,0,1,0,0.6153846153846154,0.8333333333333334,0.49612378014865754,0.4331434977228118
T100404,C1509,42,7,3124.24,21869.68,2025-01-05,2025-01,0,0,1,0,0,0,0,0,0,0,0,0,0,1,0,1,0,0,0,0,0,1,0,0,0,0,0,0,1,0,0,0,0,0,1,0,0.46153846153846156,1.0,0.621509834656419,0.6311840654992177
T100326,C1190,61,1,4492.37,4492.37,2025-03-22,2025-03,0,0,1,0,1,0,0,0,0,0,0,0,0,0,0,0,0,0,1,0,0,0,0,1,0,0,0,1,0,0,0,0,0,0,0,1,0.8269230769230769,0.0,0.8982211660009101,0.12833884629218673
T100905,C1530,64,3,3062.52,9187.56,2025-01-02,2025-01,0,1,0,0,0,0,0,0,0,0,0,1,0,0,0,0,0,0,0,1,0,0,0,1,0,0,0,0,0,1,0,0,0,0,0,1,0.8846153846153846,0.3333333333333333,0.6090266471153359,0.26420301886945324
T101405,C1116,60,2,1885.19,3770.38,2025-01-29,2025-01,1,0,0,0,0,0,0,1,0,0,0,0,0,0,0,0,0,1,0,0,0,1,0,0,0,0,0,0,0,0,0,1,0,0,1,0,0.8076923076923077,0.16666666666666666,0.37090559741113416,0.10744670476882758
T101083,C1099,39,3,606.25,1818.75,2025-01-26,2025-01,1,0,0,0,0,0,0,0,0,0,0,0,1,0,1,0,0,0,0,0,0,1,0,0,0,0,0,0,1,0,0,0,0,1,0,0,0.40384615384615385,0.3333333333333333,0.11223340243717449,0.05097261210655603
T100039,C1214,38,3,1178.41,3535.23,2025-06-29,2025-06,1,0,0,0,0,0,0,0,0,0,0,0,0,1,0,0,1,0,0,0,0,0,0,1,0,0,0,0,1,0,0,0,0,1,0,0,0.38461538461538464,0.3333333333333333,0.22795570612327454,0.10064219628641381
T101816,C1489,40,5,4822.94,24114.7,2025-05-01,2025-05,1,0,0,0,0,0,0,0,0,0,1,0,0,0,0,1,0,0,0,0,0,0,0,0,1,0,0,0,0,1,0,0,0,1,0,0,0.4230769230769231,0.6666666666666666,0.9650806492390149,0.6961479508200279
T100794,C1113,44,3,1038.81,3116.43,2025-11-10,2025-11,1,0,0,0,1,0,0,0,0,0,0,0,0,0,1,0,0,0,0,0,0,0,0,1,0,0,1,0,0,0,0,0,0,0,1,0,0.5,0.3333333333333333,0.19972088790008594,0.08852342889353744
T101363,C1263,65,5,948.26,4741.3,2025-12-24,2025-12,1,0,0,0,0,0,0,0,0,0,0,0,0,1,0,0,1,0,0,0,0,0,0,1,0,0,0,0,0,0,0,1,0,0,0,1,0.9038461538461539,0.6666666666666666,0.18140668453253778,0.13554210504841577
T100578,C1364,38,5,3112.38,15561.9,2025-11-14,2025-11,0,0,1,0,0,0,0,0,1,0,0,0,0,0,0,0,1,0,0,0,0,0,0,0,1,1,0,0,0,0,0,0,0,1,0,0,0.38461538461538464,0.6666666666666666,0.6191110886383172,0.44865656171354973
T101373,C1231,34,2,4945.02,9890.04,2025-07-20,2025-07,1,0,0,0,1,0,0,0,0,0,0,0,0,0,0,0,0,0,0,1,0,1,0,0,0,0,0,0,1,0,0,0,0,1,0,0,0.3076923076923077,0.16666666666666666,0.9897719573241645,0.28453060176856454
T101374,C1444,49,3,1160.01,3480.03,2025-07-29,2025-07,0,0,1,0,1,0,0,0,0,0,0,0,0,0,0,0,0,0,0,1,0,0,0,1,0,0,0,0,0,0,1,0,0,0,1,0,0.5961538461538461,0.3333333333333333,0.22423421145775396,0.09904488024036134
T101851,C1347,38,7,2964.36,20750.52,2025-01-22,2025-01,0,1,0,0,0,0,1,0,0,0,0,0,0,0,0,0,0,1,0,0,1,0,0,0,0,0,0,0,0,0,0,1,0,1,0,0,0.38461538461538464,1.0,0.5891732820953633,0.5987990614032016
T101174,C1241,30,3,2901.41,8704.23,2025-03-01,2025-03,1,0,0,0,0,0,0,0,0,0,0,0,1,0,0,0,0,1,0,0,1,0,0,0,0,0,0,1,0,0,0,0,0,1,0,0,0.23076923076923078,0.3333333333333333,0.5764413207260959,0.25021695429447965
T101113,C1125,70,1,633.74,633.74,2025-02-05,2025-02,0,0,1,0,0,0,0,0,1,0,0,0,0,0,0,0,1,0,0,0,0,1,0,0,0,0,0,0,0,0,0,1,0,0,0,1,1.0,0.0,0.11779339636952015,0.016682114140384983
T101743,C1492,68,2,4508.99,9017.98,2025-12-16,2025-12,0,1,0,0,0,0,0,0,0,0,1,0,0,0,0,0,0,0,1,0,0,0,0,1,0,0,0,0,0,0,1,0,0,0,0,1,0.9615384615384616,0.16666666666666666,0.9015826465085705,0.25929590192942464
T101430,C1425,43,6,4161.15,24966.9,2025-01-20,2025-01,0,1,0,0,0,0,1,0,0,0,0,0,0,0,0,0,0,0,1,0,1,0,0,0,0,0,1,0,0,0,0,0,0,0,1,0,0.4807692307692308,0.8333333333333334,0.8312302169186427,0.7208079641252075
T101617,C1513,54,2,1148.39,2296.78,2025-12-07,2025-12,0,1,0,0,0,0,1,0,0,0,0,0,0,0,0,0,1,0,0,0,0,0,0,1,0,0,0,0,1,0,0,0,0,0,1,0,0.6923076923076923,0.16666666666666666,0.22188400667441982,0.06480531119160067
T100086,C1088,28,1,2596.26,2596.26,2025-10-19,2025-10,1,0,0,0,0,0,0,0,0,0,0,0,0,1,1,0,0,0,0,0,0,1,0,0,0,0,0,0,1,0,0,0,0,1,0,0,0.19230769230769232,0.0,0.5147231632704657,0.0734713294791332
T100457,C1143,23,7,798.43,5589.01,2025-03-11,2025-03,1,0,0,0,1,0,0,0,0,0,0,0,0,0,1,0,0,0,0,0,0,1,0,0,0,0,0,0,0,0,1,0,1,0,0,0,0.09615384615384616,1.0,0.15110279617737774,0.1600721917404292
T100821,C1177,18,7,3894.62,27262.34,2025-02-13,2025-02,0,1,0,0,0,0,0,0,1,0,0,0,0,0,0,0,0,0,1,0,0,0,0,1,0,0,0,0,0,1,0,0,1,0,0,0,0.0,1.0,0.7773231531577084,0.7872308471822852
T101862,C1217,59,2,1298.42,2596.84,2025-03-18,2025-03,1,0,0,0,0,0,0,0,0,1,0,0,0,0,0,0,0,1,0,0,0,0,0,1,0,0,0,0,0,0,1,0,0,0,1,0,0.7884615384615384,0.16666666666666666,0.2522283460585529,0.0734881128723707
T100080,C1355,43,5,957.74,4788.7,2025-05-20,2025-05,0,0,1,0,0,0,0,0,1,0,0,0,0,0,1,0,0,0,0,0,0,0,0,0,1,0,0,0,0,0,1,0,0,0,1,0,0.4807692307692308,0.6666666666666666,0.18332406330586035,0.13691371339230862
T100717,C1299,42,1,97.03,97.03,2025-06-25,2025-06,1,0,0,0,0,0,1,0,0,0,0,0,0,0,1,0,0,0,0,0,0,0,0,1,0,0,0,0,0,0,0,1,0,0,1,0,0.46153846153846156,0.0,0.009241037568893159,0.0011513986498628247
T101559,C1345,25,4,61.07,244.28,2025-08-09,2025-08,0,0,1,0,0,0,0,0,0,1,0,0,0,0,0,0,0,0,0,1,0,0,0,0,1,0,0,1,0,0,0,0,1,0,0,0,0.1346153846153846,0.5,0.001967942559538858,0.005412354950247366
T101132,C1415,57,5,4054.22,20271.1,2025-06-16,2025-06,0,0,1,0,0,0,0,0,0,1,0,0,0,0,1,0,0,0,0,0,1,0,0,0,0,0,1,0,0,0,0,0,0,0,1,0,0.75,0.6666666666666666,0.8096030742782019,0.5849261400481567
T100975,C1282,29,1,3998.31,3998.31,2025-09-15,2025-09,1,0,0,0,0,0,0,0,0,0,0,0,0,1,0,1,0,0,0,0,1,0,0,0,0,0,1,0,0,0,0,0,0,1,0,0,0.21153846153846154,0.0,0.7982949891287859,0.11404228894231924
T100132,C1223,57,2,3397.97,6795.94,2025-12-16,2025-12,0,0,1,0,0,0,0,0,0,0,0,1,0,0,0,0,0,0,0,1,0,1,0,0,0,0,0,0,0,0,1,0,0,0,1,0,0.75,0.16666666666666666,0.6768731354603832,0.19499698622343847
T100471,C1406,29,6,241.51,1449.06,2025-12-10,2025-12,0,0,1,0,0,0,0,0,0,1,0,0,0,0,0,0,1,0,0,0,0,1,0,0,0,0,0,0,0,0,0,1,0,1,0,0,0.21153846153846154,0.8333333333333334,0.038462860899024114,0.04027493513073829
T100330,C1028,44,5,2685.61,13428.05,2025-08-19,2025-08,0,0,1,0,0,0,0,0,1,0,0,0,0,0,0,0,1,0,0,0,0,0,0,0,1,0,0,0,0,0,1,0,0,0,1,0,0.5,0.6666666666666666,0.5327946604641756,0.38690958988621144
T100863,C1552,20,3,3281.31,9843.93,2025-04-05,2025-04,1,0,0,0,0,0,0,0,0,1,0,0,0,0,0,0,0,1,0,0,1,0,0,0,0,0,0,1,0,0,0,0,1,0,0,0,0.038461538461538464,0.3333333333333333,0.6532780502604034,0.28319632200618267
T100019,C1410,33,4,4418.98,17675.92,2025-04-08,2025-04,0,0,1,0,0,0,0,0,0,0,0,0,1,0,0,0,0,0,0,1,0,0,0,1,0,0,0,0,0,0,1,0,0,1,0,0,0.28846153846153844,0.5,0.8833776609192495,0.5098297151134744
T101991,C1072,59,4,79.56,318.24,2025-11-29,2025-11,1,0,0,0,0,0,0,0,0,1,0,0,0,0,0,0,1,0,0,0,0,0,0,0,1,0,0,1,0,0,0,0,0,0,1,0,0.7884615384615384,0.5,0.005707640188097284,0.007552526956878543
T100498,C1534,53,1,4511.54,4511.54,2025-12-12,2025-12,0,1,0,0,0,0,0,0,0,0,0,1,0,0,0,0,0,1,0,0,1,0,0,0,0,1,0,0,0,0,0,0,0,0,1,0,0.6730769230769231,0.0,0.9020983971279769,0.12889356637557126
T101833,C1322,43,5,2766.39,13831.95,2025-04-14,2025-04,0,1,0,0,0,0,0,0,0,0,0,0,1,0,0,0,0,0,0,1,1,0,0,0,0,0,1,0,0,0,0,0,0,0,1,0,0.4807692307692308,0.6666666666666666,0.5491328310663902,0.3985971976941933
T101740,C1318,56,6,667.4,4004.4,2025-07-25,2025-07,0,1,0,1,0,0,0,0,0,0,0,0,0,0,0,0,1,0,0,0,0,0,0,1,0,1,0,0,0,0,0,0,0,0,1,0,0.7307692307692307,0.8333333333333334,0.12460130454568437,0.11421851457131307
T101010,C1532,58,4,4423.9,17695.6,2025-04-11,2025-04,0,0,1,0,0,0,0,0,0,0,0,0,0,1,0,0,0,0,0,1,0,1,0,0,0,1,0,0,0,0,0,0,0,0,1,0,0.7692307692307693,0.5,0.8843727562319865,0.5103991930081541
T101828,C1148,56,5,1920.31,9601.55,2025-11-08,2025-11,0,1,0,0,0,0,0,0,0,0,0,0,1,0,0,0,0,0,1,0,0,0,0,0,1,0,0,1,0,0,0,0,0,0,1,0,0.7307692307692307,0.6666666666666666,0.37800879809880167,0.27618259984599786
T100650,C1040,37,1,1253.98,1253.98,2025-02-21,2025-02,1,0,0,0,0,0,0,0,0,0,0,0,1,0,0,1,0,0,0,0,0,0,0,0,1,1,0,0,0,0,0,0,0,1,0,0,0.36538461538461536,0.0,0.24324012742074128,0.034629927625957194
T100028,C1040,61,3,304.27,912.81,2025-11-28,2025-11,1,0,0,0,0,0,0,0,0,0,1,0,0,0,0,1,0,0,0,0,0,0,0,0,1,1,0,0,0,0,0,0,0,0,0,1,0.8269230769230769,0.3333333333333333,0.05115639379076705,0.02475753060726657
T100232,C1150,58,5,2191.93,10959.65,2025-11-23,2025-11,0,0,1,0,1,0,0,0,0,0,0,0,0,0,0,0,0,0,0,1,0,0,0,1,0,0,0,0,1,0,0,0,0,0,1,0,0.7692307692307693,0.6666666666666666,0.4329453405471001,0.31548178321816933
T101570,C1206,39,3,1111.44,3334.32,2025-03-11,2025-03,1,0,0,0,0,0,0,0,0,0,0,0,1,0,0,0,1,0,0,0,0,1,0,0,0,0,0,0,0,0,1,0,0,1,0,0,0.40384615384615385,0.3333333333333333,0.2144106790716489,0.09482848674271088
T101053,C1259,45,6,920.8,5524.8,2025-02-10,2025-02,0,1,0,0,0,0,0,0,0,0,0,0,0,1,0,0,0,0,1,0,0,0,0,1,0,0,1,0,0,0,0,0,0,0,1,0,0.5192307692307693,0.8333333333333334,0.17585275825453808,0.15821415436149752
T101321,C1549,64,1,2497.65,2497.65,2025-11-02,2025-11,0,0,1,0,0,0,0,0,0,0,1,0,0,0,0,0,0,0,0,1,0,0,0,1,0,0,0,0,1,0,0,0,0,0,0,1,0.8846153846153846,0.0,0.4947787834353036,0.07061786325990792
T100372,C1378,44,4,1166.0,4664.0,2025-06-19,2025-06,1,0,0,0,0,0,0,0,0,1,0,0,0,0,0,0,0,1,0,0,0,0,0,1,0,0,0,0,0,1,0,0,0,0,1,0,0.5,0.5,0.2254457197754968,0.13330528384624443
T100810,C1494,40,3,934.26,2802.78,2025-09-15,2025-09,1,0,0,0,1,0,0,0,0,0,0,0,0,0,0,1,0,0,0,0,0,0,0,0,1,0,1,0,0,0,0,0,0,1,0,0,0.4230769230769231,0.3333333333333333,0.17857511250442432,0.07944737494708168
T101140,C1386,31,3,1416.69,4250.07,2025-03-11,2025-03,0,0,1,0,0,0,0,1,0,0,0,0,0,0,0,0,0,0,0,1,0,0,0,0,1,0,0,0,0,0,1,0,0,1,0,0,0.25,0.3333333333333333,0.2761490620417657,0.12132743908279334
T101783,C1309,41,6,2172.25,13033.5,2025-11-29,2025-11,0,1,0,0,0,0,0,0,0,0,1,0,0,0,0,0,1,0,0,0,0,0,0,1,0,0,0,1,0,0,0,0,0,0,1,0,0.4423076923076923,0.8333333333333334,0.4289649592961521,0.3754925419519723
T100063,C1187,29,4,2150.31,8601.24,2025-03-30,2025-03,0,0,1,0,0,0,0,0,0,1,0,0,0,0,1,0,0,0,0,0,0,0,0,1,0,0,0,0,1,0,0,0,0,1,0,0,0.21153846153846154,0.5,0.42452748141780855,0.24723674451942634
T101254,C1473,30,6,822.49,4934.94,2025-10-24,2025-10,0,0,1,0,0,0,0,0,1,0,0,0,0,0,1,0,0,0,0,0,0,0,0,1,0,1,0,0,0,0,0,0,0,1,0,0,0.23076923076923078,0.8333333333333334,0.1559690549628356,0.141145443438952
T100621,C1112,45,2,2434.92,4869.84,2025-01-15,2025-01,1,0,0,0,0,0,0,0,0,0,1,0,0,0,0,1,0,0,0,0,1,0,0,0,0,0,0,0,0,0,0,1,0,0,1,0,0.5192307692307693,0.16666666666666666,0.4820913181979066,0.1392616522324662
T101541,C1302,28,2,3429.06,6858.12,2025-08-01,2025-08,1,0,0,0,0,0,0,0,0,1,0,0,0,0,0,0,0,0,0,1,1,0,0,0,0,1,0,0,0,0,0,0,0,1,0,0,0.19230769230769232,0.16666666666666666,0.6831612479142438,0.19679628172603889
T100945,C1084,51,7,1598.99,11192.93,2025-09-13,2025-09,0,0,1,0,0,0,0,1,0,0,0,0,0,0,0,1,0,0,0,0,0,0,0,1,0,0,0,1,0,0,0,0,0,0,1,0,0.6346153846153846,1.0,0.31302017495070034,0.32223217972583457
T100331,C1322,40,2,4028.25,8056.5,2025-07-21,2025-07,0,0,1,0,0,0,0,0,0,0,0,0,1,0,0,0,0,0,1,0,0,0,0,0,1,0,1,0,0,0,0,0,0,1,0,0,0.4230769230769231,0.16666666666666666,0.8043505081660515,0.23147366584321938
T100304,C1334,43,6,355.27,2131.62,2025-07-20,2025-07,0,1,0,1,0,0,0,0,0,0,0,0,0,0,0,0,0,0,1,0,1,0,0,0,0,0,0,0,1,0,0,0,0,0,1,0,0.4807692307692308,0.8333333333333334,0.06147140617889466,0.06002609528279584
T101682,C1116,66,4,4058.75,16235.0,2025-04-18,2025-04,1,0,0,0,0,0,0,0,1,0,0,0,0,0,0,0,0,1,0,0,0,0,0,1,0,1,0,0,0,0,0,0,0,0,0,1,0.9230769230769231,0.5,0.8105192900844415,0.4681339789345265
T101730,C1295,52,6,2399.58,14397.48,2025-04-09,2025-04,0,0,1,0,0,0,0,0,0,0,0,1,0,0,0,0,1,0,0,0,0,0,0,0,1,0,0,0,0,0,0,1,0,0,1,0,0.6538461538461539,0.8333333333333334,0.47494362137836876,0.4149618742073102
T101728,C1205,32,7,505.17,3536.19,2025-08-12,2025-08,0,1,0,0,0,0,1,0,0,0,0,0,0,0,0,0,0,0,0,1,0,0,0,1,0,0,0,0,0,0,1,0,0,1,0,0,0.2692307692307692,1.0,0.09178945239419528,0.10066997569591038
T101630,C1024,56,3,2504.3,7512.9,2025-04-03,2025-04,1,0,0,0,0,0,0,0,0,0,1,0,0,0,0,1,0,0,0,0,0,0,0,1,0,0,0,0,0,1,0,0,0,0,1,0,0.7307692307692307,0.3333333333333333,0.49612378014865754,0.21574357521578957
T101943,C1402,41,5,1244.97,6224.85,2025-08-24,2025-08,1,0,0,0,0,0,0,0,0,0,0,0,0,1,0,1,0,0,0,0,1,0,0,0,0,0,0,0,1,0,0,0,0,0,1,0,0.4423076923076923,0.6666666666666666,0.2414178085655054,0.1784714206303206
T100494,C1007,27,5,2271.1,11355.5,2025-06-02,2025-06,0,0,1,0,0,0,0,1,0,0,0,0,0,0,0,0,0,0,0,1,0,0,0,1,0,0,1,0,0,0,0,0,0,1,0,0,0.17307692307692307,0.6666666666666666,0.44895788036608175,0.3269364491027685
T100577,C1102,40,7,4713.57,32994.99,2025-05-19,2025-05,0,0,1,0,0,0,0,0,0,0,0,0,1,0,0,0,0,0,1,0,1,0,0,0,0,0,1,0,0,0,0,0,0,1,0,0,0.4230769230769231,1.0,0.9429600040451028,0.9531158803598706
T101122,C1189,60,3,3214.46,9643.38,2025-08-19,2025-08,0,0,1,1,0,0,0,0,0,0,0,0,0,0,1,0,0,0,0,0,0,1,0,0,0,0,0,0,0,0,1,0,0,0,1,0,0.8076923076923077,0.3333333333333333,0.6397572938261616,0.2773930297410409
T100463,C1208,60,5,3535.58,17677.9,2025-04-30,2025-04,1,0,0,0,0,0,0,0,0,0,0,1,0,0,0,0,0,0,0,1,1,0,0,0,0,0,0,0,0,0,0,1,0,0,1,0,0.8076923076923077,0.6666666666666666,0.7047054659452899,0.5098870101455611
T100009,C1124,56,4,2903.59,11614.36,2025-11-13,2025-11,0,0,1,0,1,0,0,0,0,0,0,0,0,0,0,0,0,1,0,0,1,0,0,0,0,0,0,0,0,1,0,0,0,0,1,0,0.7307692307692307,0.5,0.5768822369419022,0.3344270511259776
T101600,C1242,22,7,1937.63,13563.41,2025-04-09,2025-04,0,1,0,0,0,0,0,0,1,0,0,0,0,0,0,0,0,1,0,0,0,0,0,1,0,0,0,0,0,0,0,1,1,0,0,0,0.07692307692307693,1.0,0.3815118572078678,0.3908264866252271
T101581,C1095,48,1,1050.82,1050.82,2025-03-08,2025-03,1,0,0,0,0,0,0,1,0,0,0,0,0,0,0,0,0,0,1,0,1,0,0,0,0,0,0,1,0,0,0,0,0,0,1,0,0.5769230769230769,0.0,0.20214997218991757,0.028751110091246677
T100050,C1412,28,1,4333.97,4333.97,2025-08-16,2025-08,0,0,1,0,0,0,0,0,0,0,0,0,0,1,1,0,0,0,0,0,1,0,0,0,0,0,0,1,0,0,0,0,0,1,0,0,0.19230769230769232,0.0,0.8661839510542549,0.12375524372525355
T100313,C1378,58,1,4489.45,4489.45,2025-03-18,2025-03,0,0,1,1,0,0,0,0,0,0,0,0,0,0,1,0,0,0,0,0,1,0,0,0,0,0,0,0,0,0,1,0,0,0,1,0,0.7692307692307693,0.0,0.8976305809779036,0.12825435058830134
T101655,C1262,21,4,4512.29,18049.16,2025-04-18,2025-04,0,1,0,0,0,0,0,0,0,0,1,0,0,0,0,0,0,1,0,0,1,0,0,0,0,1,0,0,0,0,0,0,1,0,0,0,0.057692307692307696,0.5,0.9022500884866258,0.5206301180306597
T100306,C1565,68,4,3297.44,13189.76,2025-07-20,2025-07,1,0,0,0,0,0,0,0,0,0,0,1,0,0,0,0,1,0,0,0,0,1,0,0,0,0,0,0,1,0,0,0,0,0,0,1,0.9615384615384616,0.5,0.6565404257470799,0.38001421958523607
T100199,C1580,62,3,703.52,2110.56,2025-12-12,2025-12,0,1,0,0,0,0,0,0,1,0,0,0,0,0,0,0,0,0,1,0,1,0,0,0,0,1,0,0,0,0,0,0,0,0,0,1,0.8461538461538461,0.3333333333333333,0.1319067603782171,0.05941668448696495
T101415,C1177,57,4,4148.69,16594.76,2025-04-26,2025-04,1,0,0,0,0,0,0,0,0,0,0,0,0,1,1,0,0,0,0,0,0,0,0,0,1,0,0,1,0,0,0,0,0,0,1,0,0.75,0.5,0.8287101178136218,0.47854431264336406
T101738,C1278,26,7,378.08,2646.56,2025-11-20,2025-11,0,1,0,0,1,0,0,0,0,0,0,0,0,0,0,1,0,0,0,0,1,0,0,0,0,0,0,0,0,1,0,0,0,1,0,0,0.15384615384615385,1.0,0.06608484603327097,0.0749268547892136
T100972,C1179,28,3,3712.73,11138.19,2025-03-29,2025-03,0,1,0,0,0,0,0,1,0,0,0,0,0,0,0,1,0,0,0,0,0,0,0,1,0,0,0,1,0,0,0,0,0,1,0,0,0.19230769230769232,0.3333333333333333,0.7405349648581685,0.32064817464683254
T101118,C1437,34,1,3973.12,3973.12,2025-02-05,2025-02,0,0,1,0,0,0,0,0,0,0,0,0,0,1,1,0,0,0,0,0,0,1,0,0,0,0,0,0,0,0,0,1,0,1,0,0,0.3076923076923077,0.0,0.7932001820296303,0.11331336881188334
T100353,C1282,39,7,449.86,3149.02,2025-05-26,2025-05,0,0,1,1,0,0,0,0,0,0,0,0,0,0,0,0,1,0,0,0,0,0,0,0,1,0,1,0,0,0,0,0,0,1,0,0,0.40384615384615385,1.0,0.08060272033169844,0.08946648197217603
T100950,C1462,56,2,805.51,1611.02,2025-02-04,2025-02,0,1,0,0,0,0,0,0,0,1,0,0,0,0,0,0,0,0,1,0,1,0,0,0,0,0,0,0,0,0,1,0,0,0,1,0,0.7307692307692307,0.16666666666666666,0.1525347626030237,0.0449615530078879
T100461,C1431,24,3,2913.18,8739.54,2025-04-01,2025-04,0,0,1,0,0,0,0,0,0,1,0,0,0,0,0,0,0,0,1,0,1,0,0,0,0,0,0,0,0,0,1,0,1,0,0,0,0.11538461538461539,0.3333333333333333,0.5788218637811599,0.2512387157000252
T101324,C1211,35,7,2588.58,18120.06,2025-05-28,2025-05,1,0,0,1,0,0,0,0,0,0,0,0,0,0,0,1,0,0,0,0,1,0,0,0,0,0,0,0,0,0,0,1,0,1,0,0,0.3269230769230769,1.0,0.5131698437579005,0.5226817431695207
T100188,C1291,52,1,4355.12,4355.12,2025-10-01,2025-10,1,0,0,1,0,0,0,0,0,0,0,0,0,0,0,0,1,0,0,0,1,0,0,0,0,0,0,0,0,0,0,1,0,0,1,0,0.6538461538461539,0.0,0.8704616473681549,0.12436725884072473
T101240,C1571,54,1,703.59,703.59,2025-12-21,2025-12,0,1,0,0,0,0,0,0,1,0,0,0,0,0,1,0,0,0,0,0,0,0,0,1,0,0,0,0,1,0,0,0,0,0,1,0,0.6923076923076923,0.0,0.1319209182383577,0.01870335555010899
T101595,C1289,37,6,4773.32,28639.92,2025-06-05,2025-06,0,1,0,1,0,0,0,0,0,0,0,0,0,0,1,0,0,0,0,0,0,1,0,0,0,0,0,0,0,1,0,0,0,1,0,0,0.36538461538461536,0.8333333333333334,0.9550447489508014,0.8270937210721577
T101219,C1070,32,4,1022.71,4090.84,2025-05-26,2025-05,0,1,0,0,0,0,0,0,0,0,0,1,0,0,1,0,0,0,0,0,0,1,0,0,0,0,1,0,0,0,0,0,0,1,0,0,0.2692307692307692,0.5,0.19646458006775547,0.1167198189013996
T100640,C1018,24,3,4215.08,12645.24,2025-02-08,2025-02,0,1,0,0,0,0,0,0,0,0,0,1,0,0,0,0,0,0,0,1,0,0,0,1,0,0,0,1,0,0,0,0,1,0,0,0,0.11538461538461539,0.3333333333333333,0.8421378368812257,0.36425750702370535
T100799,C1294,27,4,3064.39,12257.56,2025-08-26,2025-08,0,1,0,0,0,0,0,0,0,0,0,0,1,0,0,0,0,1,0,0,0,0,0,1,0,0,0,0,0,0,1,0,0,1,0,0,0.17307692307692307,0.5,0.609404864236234,0.353039255488676
T100403,C1033,35,7,2052.66,14368.62,2025-10-19,2025-10,0,0,1,0,0,0,0,0,0,0,0,1,0,0,0,0,0,1,0,0,0,0,0,1,0,0,0,0,1,0,0,0,0,1,0,0,0.3269230769230769,1.0,0.40477726652171714,0.4141267557093197
T100329,C1224,43,2,4248.73,8497.46,2025-02-16,2025-02,0,1,0,0,0,0,0,0,0,0,1,0,0,0,0,1,0,0,0,0,0,0,0,1,0,0,0,0,1,0,0,0,0,0,1,0,0.4807692307692308,0.16666666666666666,0.8489437225059411,0.2442336746053081
T101915,C1482,27,2,1731.25,3462.5,2025-07-25,2025-07,0,1,0,0,0,0,0,0,0,0,1,0,0,0,0,0,0,0,1,0,1,0,0,0,0,1,0,0,0,0,0,0,0,1,0,0,0.17307692307692307,0.16666666666666666,0.33977044041057797,0.09853761664820011
T101110,C1349,37,5,3102.75,15513.75,2025-12-31,2025-12,0,0,1,0,0,0,0,0,0,0,0,0,1,0,0,1,0,0,0,0,0,0,0,1,0,0,0,0,0,0,0,1,0,1,0,0,0.36538461538461536,0.6666666666666666,0.6171633715932648,0.44726325070598766
T101167,C1052,44,6,675.99,4055.94,2025-08-08,2025-08,1,0,0,0,0,0,1,0,0,0,0,0,0,0,0,0,0,0,1,0,1,0,0,0,0,1,0,0,0,0,0,0,0,0,1,0,0.5,0.8333333333333334,0.12633867624007686,0.1157099216186599
T100003,C1383,23,3,2754.44,8263.32,2025-07-22,2025-07,1,0,0,0,0,0,0,0,0,0,1,0,0,0,0,1,0,0,0,0,0,0,0,0,1,0,0,0,0,0,1,0,1,0,0,0,0.09615384615384616,0.3333333333333333,0.5467158820852506,0.23745839237663555
T101983,C1329,52,4,1111.83,4447.32,2025-01-15,2025-01,0,1,0,0,0,0,0,0,0,1,0,0,0,0,0,0,0,1,0,0,0,0,0,0,1,0,0,0,0,0,0,1,0,0,1,0,0.6538461538461539,0.5,0.21448955857814633,0.12703523962779062
T101180,C1284,70,2,2504.3,5008.6,2025-03-13,2025-03,0,0,1,0,0,0,0,0,0,0,0,1,0,0,0,1,0,0,0,0,0,1,0,0,0,0,0,0,0,1,0,0,0,0,0,1,1.0,0.16666666666666666,0.49612378014865754,0.14327693438011552
T101272,C1485,20,1,4992.7,4992.7,2025-07-26,2025-07,0,0,1,0,0,0,0,0,0,0,0,1,0,0,0,0,1,0,0,0,0,0,0,1,0,0,0,1,0,0,0,0,1,0,0,0,0.038461538461538464,0.0,0.9994154826313394,0.14281683791032865
T101911,C1367,43,5,3706.84,18534.2,2025-01-28,2025-01,0,1,0,0,0,0,0,0,0,0,0,0,0,1,0,1,0,0,0,0,0,0,0,1,0,0,0,0,0,0,1,0,0,0,1,0,0.4807692307692308,0.6666666666666666,0.7393436820549123,0.5346656646787991
T100185,C1541,23,6,2536.79,15220.74,2025-06-29,2025-06,1,0,0,0,0,0,0,0,0,0,0,0,1,0,0,0,0,1,0,0,0,1,0,0,0,0,0,0,1,0,0,0,1,0,0,0,0.09615384615384616,0.8333333333333334,0.5026950498053294,0.43878445406370803
T101606,C1077,70,1,1509.52,1509.52,2025-08-28,2025-08,0,0,1,0,0,0,0,0,0,0,1,0,0,0,0,0,0,0,0,1,0,1,0,0,0,0,0,0,0,1,0,0,0,0,0,1,1.0,0.0,0.2949244071396066,0.042024459191324026
T100652,C1394,25,7,1361.85,9532.95,2025-02-26,2025-02,0,1,0,0,0,0,1,0,0,0,0,0,0,0,0,0,0,0,1,0,0,1,0,0,0,0,0,0,0,0,0,1,1,0,0,0,0.1346153846153846,1.0,0.2650573898973555,0.27419752954238924
T100424,C1451,45,1,2033.19,2033.19,2025-01-21,2025-01,1,0,0,0,0,0,0,0,1,0,0,0,0,0,0,0,0,1,0,0,1,0,0,0,0,0,0,0,0,0,1,0,0,0,1,0,0.5192307692307693,0.0,0.4008393588511908,0.05717783770285118
T100325,C1590,54,6,908.21,5449.26,2025-11-17,2025-11,1,0,0,0,0,0,1,0,0,0,0,0,0,0,1,0,0,0,0,0,1,0,0,0,0,0,1,0,0,0,0,0,0,0,1,0,0.6923076923076923,0.8333333333333334,0.17330636598068463,0.15602826207673656
T101447,C1157,39,5,2808.39,14041.95,2025-12-25,2025-12,0,0,1,0,0,0,0,0,0,0,0,0,0,1,0,1,0,0,0,0,0,1,0,0,0,0,0,0,0,1,0,0,0,1,0,0,0.40384615384615385,0.6666666666666666,0.5576275471507306,0.4046739435215668
T100567,C1366,32,4,3613.37,14453.48,2025-03-25,2025-03,0,0,1,0,1,0,0,0,0,0,0,0,0,0,0,1,0,0,0,0,0,0,0,0,1,0,0,0,0,0,1,0,0,1,0,0,0.2692307692307692,0.5,0.7204388936643575,0.41658233976127645
T101814,C1521,56,1,4759.22,4759.22,2025-05-19,2025-05,1,0,0,0,0,0,0,0,0,0,1,0,0,0,0,0,0,1,0,0,0,1,0,0,0,0,1,0,0,0,0,0,0,0,1,0,0.7307692307692307,0.0,0.9521929514082015,0.13606065402568496
T101225,C1186,34,5,903.76,4518.8,2025-10-13,2025-10,0,0,1,0,0,0,0,0,0,0,0,1,0,0,0,1,0,0,0,0,0,0,0,0,1,0,1,0,0,0,0,0,0,1,0,0,0.3076923076923077,0.6666666666666666,0.17240633058603427,0.12910364815988903
T100691,C1055,41,3,1531.54,4594.62,2025-07-10,2025-07,0,0,1,0,0,0,0,0,0,0,0,1,0,0,0,1,0,0,0,0,0,1,0,0,0,0,0,0,0,1,0,0,0,0,1,0,0.4423076923076923,0.3333333333333333,0.2993780654295394,0.1312976427724198
T100176,C1326,63,5,3057.56,15287.8,2025-09-25,2025-09,0,0,1,0,0,0,0,0,0,0,0,1,0,0,0,0,0,0,1,0,0,0,0,1,0,0,0,0,0,1,0,0,0,0,0,1,0.8653846153846154,0.6666666666666666,0.6080234615968043,0.44072496156458263
T101319,C1258,40,6,4056.49,24338.94,2025-05-21,2025-05,0,1,0,0,0,0,0,0,0,1,0,0,0,0,0,0,0,0,1,0,1,0,0,0,0,0,0,0,0,0,0,1,0,1,0,0,0.4230769230769231,0.8333333333333334,0.810062193457046,0.7026367578882671
T101824,C1229,31,4,4029.41,16117.64,2025-05-10,2025-05,0,0,1,0,0,0,0,0,0,1,0,0,0,0,0,0,0,0,0,1,0,0,0,0,1,0,0,1,0,0,0,0,0,1,0,0,0.25,0.5,0.8045851241340951,0.46473794612357144
T101115,C1308,39,7,1819.36,12735.52,2025-09-20,2025-09,0,1,0,0,0,0,0,0,0,0,0,0,0,1,0,0,1,0,0,0,0,1,0,0,0,0,0,1,0,0,0,0,0,1,0,0,0.40384615384615385,1.0,0.3575911412246549,0.36686992899177817
T101990,C1256,40,2,1663.64,3327.28,2025-11-29,2025-11,0,0,1,0,0,0,0,0,0,0,0,0,1,0,0,0,1,0,0,0,0,1,0,0,0,0,0,1,0,0,0,0,0,1,0,0,0.4230769230769231,0.16666666666666666,0.3260959700662386,0.09462477107306941
T101532,C1003,60,4,2984.99,11939.96,2025-06-08,2025-06,0,0,1,0,0,0,0,0,1,0,0,0,0,0,0,0,0,1,0,0,0,1,0,0,0,0,0,0,1,0,0,0,0,0,1,0,0.8076923076923077,0.5,0.5933458057339333,0.3438489008468958
T100020,C1340,68,4,4710.07,18840.28,2025-03-21,2025-03,0,1,0,0,1,0,0,0,0,0,0,0,0,0,1,0,0,0,0,0,0,0,0,1,0,1,0,0,0,0,0,0,0,0,0,1,0.9615384615384616,0.5,0.9422521110380745,0.5435226664066204
T100462,C1095,49,2,3190.5,6381.0,2025-11-11,2025-11,0,1,0,0,0,0,0,0,0,0,0,0,1,0,0,0,0,0,0,1,0,0,0,0,1,0,0,0,0,0,1,0,0,0,1,0,0.5961538461538461,0.16666666666666666,0.6349112605551903,0.1829899152062462
T101771,C1363,30,3,1311.76,3935.28,2025-01-25,2025-01,0,1,0,0,0,0,0,0,0,0,1,0,0,0,0,0,1,0,0,0,1,0,0,0,0,0,0,1,0,0,0,0,0,1,0,0,0.23076923076923078,0.3333333333333333,0.2549264296910553,0.11221839708756041
T101032,C1482,18,1,2504.3,2504.3,2025-01-15,2025-01,0,0,1,0,0,0,0,0,0,1,0,0,0,0,0,0,1,0,0,0,0,0,0,0,1,0,0,0,0,0,0,1,1,0,0,0,0.0,0.0,0.49612378014865754,0.07081029354444142
T101463,C1187,60,6,488.56,2931.36,2025-10-28,2025-10,1,0,0,1,0,0,0,0,0,0,0,0,0,0,0,1,0,0,0,0,1,0,0,0,0,0,0,0,0,0,1,0,0,0,1,0,0.8076923076923077,0.8333333333333334,0.08842999443798352,0.08316807960652782
T100291,C1550,20,7,1032.87,7230.09,2025-05-25,2025-05,0,1,0,0,0,0,0,0,0,0,0,0,1,0,0,0,1,0,0,0,0,0,0,1,0,0,0,0,1,0,0,0,1,0,0,0,0.038461538461538464,1.0,0.19851949233958635,0.20755993479941096
T101788,C1400,43,3,3707.98,11123.94,2025-05-27,2025-05,0,1,0,0,0,0,0,1,0,0,0,0,0,0,0,1,0,0,0,0,1,0,0,0,0,0,0,0,0,0,1,0,0,0,1,0,0.4807692307692308,0.3333333333333333,0.7395742529200586,0.3202358240371179
T100346,C1578,62,1,1105.98,1105.98,2025-01-05,2025-01,0,1,0,0,1,0,0,0,0,0,0,0,0,0,0,0,0,0,1,0,1,0,0,0,0,0,0,0,1,0,0,0,0,0,0,1,0.8461538461538461,0.0,0.21330636598068464,0.030347268661903463
T100397,C1200,19,1,2502.09,2502.09,2025-03-23,2025-03,0,0,1,0,0,0,0,0,1,0,0,0,0,0,0,0,0,0,1,0,0,1,0,0,0,0,0,0,1,0,0,0,1,0,0,0,0.019230769230769232,0.0,0.49567679627850536,0.07074634302882954
T101863,C1309,41,5,4765.71,23828.55,2025-02-08,2025-02,0,0,1,0,0,0,0,0,0,1,0,0,0,0,0,0,0,0,1,0,0,0,0,1,0,0,0,1,0,0,0,0,0,0,1,0,0.4423076923076923,0.6666666666666666,0.9535055872983769,0.687867661208109
T100990,C1058,65,7,480.84,3365.88,2025-07-13,2025-07,1,0,0,0,1,0,0,0,0,0,0,0,0,0,0,0,1,0,0,0,1,0,0,0,0,0,0,0,1,0,0,0,0,0,0,1,0.9038461538461539,1.0,0.0868685847196238,0.09574173482991044
T100139,C1136,58,4,2111.1,8444.4,2025-03-05,2025-03,0,1,0,0,0,0,1,0,0,0,0,0,0,0,0,0,1,0,0,0,0,0,1,0,0,0,0,0,0,0,0,1,0,0,1,0,0.7692307692307693,0.5,0.4165970571876422,0.24269828349292508
T101660,C1484,70,6,1343.68,8062.08,2025-07-30,2025-07,1,0,0,0,0,0,0,0,0,0,0,0,1,0,0,0,0,0,1,0,0,0,0,1,0,0,0,0,0,0,0,1,0,0,0,1,1.0,0.8333333333333334,0.261382413915154,0.23163513366091815
T100733,C1383,28,7,4026.67,28186.69,2025-04-27,2025-04,0,0,1,0,0,0,0,1,0,0,0,0,0,0,0,1,0,0,0,0,0,1,0,0,0,0,0,0,1,0,0,0,0,1,0,0,0.19230769230769232,1.0,0.8040309450371643,0.8139786567324411
T100062,C1556,45,5,2916.95,14584.75,2025-02-13,2025-02,0,0,1,0,0,0,0,0,0,0,0,0,0,1,0,0,0,0,1,0,0,0,0,1,0,0,0,0,0,1,0,0,0,0,1,0,0.5192307692307693,0.6666666666666666,0.5795843656773019,0.4203808846410828
T101034,C1437,49,5,2504.3,12521.5,2025-10-10,2025-10,0,1,0,0,1,0,0,0,0,0,0,0,0,0,0,0,0,0,1,0,0,0,0,1,0,1,0,0,0,0,0,0,0,0,1,0,0.5961538461538461,0.6666666666666666,0.49612378014865754,0.36067685688713774
T101661,C1091,22,3,3999.91,11999.73,2025-03-25,2025-03,0,1,0,0,0,0,0,1,0,0,0,0,0,0,0,1,0,0,0,0,1,0,0,0,0,0,0,0,0,0,1,0,1,0,0,0,0.07692307692307693,0.3333333333333333,0.7986185973605703,0.3455784584569059
T100421,C1154,67,3,1505.67,4517.01,2025-07-16,2025-07,0,0,1,0,0,0,0,0,0,0,0,0,0,1,0,0,1,0,0,0,0,0,0,1,0,0,0,0,0,0,0,1,0,0,0,1,0.9423076923076923,0.3333333333333333,0.29414572483187545,0.1290518511359319
T100572,C1527,39,4,2438.18,9752.72,2025-11-02,2025-11,1,0,0,0,0,0,0,0,0,1,0,0,0,0,1,0,0,0,0,0,1,0,0,0,0,0,0,0,1,0,0,0,0,1,0,0,0.40384615384615385,0.5,0.4827506699701673,0.28055698873516005
T100814,C1196,69,5,2389.93,11949.65,2025-07-14,2025-07,1,0,0,0,0,0,0,0,0,0,1,0,0,0,0,0,1,0,0,0,0,0,0,1,0,0,1,0,0,0,0,0,0,0,0,1,0.9807692307692307,0.6666666666666666,0.4729918592304191,0.34412929926150176
T100299,C1564,29,1,1769.88,1769.88,2025-05-20,2025-05,0,1,0,0,0,1,0,0,0,0,0,0,0,0,0,0,0,1,0,0,0,0,0,1,0,0,0,0,0,0,1,0,0,1,0,0,0.21153846153846154,0.0,0.34758355665672247,0.04955846654187153
T100770,C1479,57,7,3581.41,25069.87,2025-10-30,2025-10,0,0,1,0,0,0,0,1,0,0,0,0,0,0,0,0,1,0,0,0,0,0,0,0,1,0,0,0,0,1,0,0,0,0,1,0,0.75,1.0,0.7139748192344643,0.723787595162563
T100592,C1048,54,1,3619.68,3619.68,2025-05-12,2025-05,0,0,1,0,0,0,0,0,0,0,0,0,0,1,0,1,0,0,0,0,0,1,0,0,0,0,1,0,0,0,0,0,0,0,1,0,0.6923076923076923,0.0,0.7217151236284572,0.10308591621556475
T101964,C1194,46,7,2038.79,14271.53,2025-02-24,2025-02,1,0,0,0,0,0,0,0,0,1,0,0,0,0,0,0,0,1,0,0,0,1,0,0,0,0,1,0,0,0,0,0,0,0,1,0,0.5384615384615384,1.0,0.4019719876624362,0.4113172735551307
T100301,C1129,53,2,1975.11,3950.22,2025-06-10,2025-06,1,0,0,0,0,0,0,0,0,0,0,1,0,0,0,1,0,0,0,0,0,0,0,1,0,0,0,0,0,0,1,0,0,0,1,0,0.6730769230769231,0.16666666666666666,0.3890923800374172,0.11265071414785069
T101139,C1488,25,1,1975.59,1975.59,2025-11-29,2025-11,0,0,1,0,0,0,0,0,0,0,0,0,1,0,0,1,0,0,0,0,0,0,0,0,1,0,0,1,0,0,0,0,1,0,0,0,0.1346153846153846,0.0,0.3891894625069525,0.05551107313305729
T100518,C1507,52,4,2936.33,11745.32,2025-10-27,2025-10,1,0,0,0,0,0,0,0,0,0,0,0,0,1,1,0,0,0,0,0,0,0,0,1,0,0,1,0,0,0,0,0,0,0,1,0,0.6538461538461539,0.5,0.5835040703847904,0.3382166255714673
T101865,C1399,69,1,4367.73,4367.73,2025-05-05,2025-05,0,0,1,0,0,0,0,1,0,0,0,0,0,0,0,0,0,0,1,0,0,0,0,0,1,0,1,0,0,0,0,0,0,0,0,1,0.9807692307692307,0.0,0.8730120847449055,0.12473215295921605
T101686,C1057,56,3,1673.27,5019.81,2025-03-17,2025-03,0,0,1,0,0,0,0,0,1,0,0,0,0,0,0,0,0,0,1,0,0,1,0,0,0,0,1,0,0,0,0,0,0,0,1,0,0.7307692307692307,0.3333333333333333,0.3280436871112909,0.1436013168597577
T100076,C1068,54,6,4752.99,28517.94,2025-09-07,2025-09,1,0,0,1,0,0,0,0,0,0,0,0,0,0,0,0,0,1,0,0,0,1,0,0,0,0,0,0,1,0,0,0,0,0,1,0,0.6923076923076923,0.8333333333333334,0.9509329018556909,0.8235639998530006
T100142,C1207,22,1,2766.7,2766.7,2025-09-01,2025-09,0,1,0,0,0,0,0,0,0,1,0,0,0,0,0,0,0,0,0,1,0,1,0,0,0,0,1,0,0,0,0,0,1,0,0,0,0.07692307692307693,0.0,0.5491955301612984,0.0784033321401691
T100744,C1552,34,4,3576.7,14306.8,2025-03-01,2025-03,0,1,0,0,0,0,0,0,0,1,0,0,0,0,1,0,0,0,0,0,1,0,0,0,0,0,0,1,0,0,0,0,0,1,0,0,0.3076923076923077,0.5,0.7130221975021489,0.4123378774852805
T101962,C1231,62,4,2504.3,10017.2,2025-01-09,2025-01,1,0,0,0,0,0,0,0,0,1,0,0,0,0,0,0,1,0,0,0,0,1,0,0,0,0,0,0,0,1,0,0,0,0,0,1,0.8461538461538461,0.5,0.49612378014865754,0.2882102160514637
T101554,C1155,49,4,3686.9,14747.6,2025-05-17,2025-05,0,0,1,1,0,0,0,0,0,0,0,0,0,0,0,0,0,0,1,0,0,0,0,1,0,0,0,1,0,0,0,0,0,0,1,0,0.5961538461538461,0.5,0.7353107144662993,0.42509325634578654
T100067,C1306,24,6,4726.35,28358.1,2025-11-04,2025-11,0,0,1,1,0,0,0,0,0,0,0,0,0,0,1,0,0,0,0,0,0,0,0,0,1,0,0,0,0,0,1,0,1,0,0,0,0.11538461538461539,0.8333333333333334,0.9455448247964808,0.8189387281718224
T101111,C1085,42,5,178.2,891.0,2025-11-08,2025-11,0,0,1,0,0,0,0,0,0,1,0,0,0,0,1,0,0,0,0,0,1,0,0,0,0,0,0,1,0,0,0,0,0,0,1,0,0.46153846153846156,0.6666666666666666,0.025658087677605298,0.02412641714776649
T100281,C1166,19,3,4032.3,12096.9,2025-10-20,2025-10,0,1,0,0,0,0,0,0,1,0,0,0,0,0,0,0,0,0,0,1,0,1,0,0,0,0,1,0,0,0,0,0,1,0,0,0,0.019230769230769232,0.3333333333333333,0.8051696415027557,0.3483902555618863
T101054,C1543,62,7,3950.45,27653.15,2025-10-06,2025-10,0,1,0,0,0,0,0,0,0,0,0,0,0,1,0,0,0,1,0,0,0,0,0,1,0,0,1,0,0,0,0,0,0,0,0,1,0.8461538461538461,1.0,0.7886150578955351,0.7985396711670274
T101184,C1188,63,7,3344.99,23414.93,2025-10-15,2025-10,1,0,0,0,0,0,0,0,0,0,1,0,0,0,0,0,0,0,1,0,0,0,0,0,1,0,0,0,0,0,0,1,0,0,0,1,0.8653846153846154,1.0,0.6661576578854224,0.6758987868789746
T101282,C1457,26,7,2504.3,17530.1,2025-12-16,2025-12,1,0,0,0,0,0,0,0,1,0,0,0,0,0,0,0,0,0,1,0,0,1,0,0,0,0,0,0,0,0,1,0,0,1,0,0,0.15384615384615385,1.0,0.49612378014865754,0.5056101385584858
T100700,C1568,19,5,909.78,4548.9,2025-08-16,2025-08,0,0,1,0,0,0,0,0,0,0,0,0,1,0,0,0,1,0,0,0,0,0,0,0,1,0,0,1,0,0,0,0,1,0,0,0,0.019230769230769232,0.6666666666666666,0.17362390655812307,0.1299746483951459
T101124,C1326,41,6,1469.41,8816.46,2025-10-03,2025-10,0,0,1,0,0,0,1,0,0,0,0,0,0,0,0,1,0,0,0,0,1,0,0,0,0,1,0,0,0,0,0,0,0,0,1,0,0.4423076923076923,0.8333333333333334,0.28681195327906156,0.25346454088593745
T101763,C1170,43,1,3203.63,3203.63,2025-07-28,2025-07,1,0,0,0,0,0,0,0,0,1,0,0,0,0,0,0,1,0,0,0,1,0,0,0,0,0,1,0,0,0,0,0,0,0,1,0,0.4807692307692308,0.0,0.637566870607271,0.09104672525614207
T101755,C1410,36,3,4881.78,14645.34,2025-06-29,2025-06,1,0,0,0,0,0,0,0,1,0,0,0,0,0,0,1,0,0,0,0,0,0,0,0,1,0,0,0,1,0,0,0,0,1,0,0,0.34615384615384615,0.3333333333333333,0.9769813419628861,0.42213417049670454
T101300,C1439,67,4,398.84,1595.36,2025-03-13,2025-03,1,0,0,0,0,0,0,0,0,1,0,0,0,0,0,0,1,0,0,0,0,1,0,0,0,0,0,0,0,1,0,0,0,0,0,1,0.9423076923076923,0.5,0.07028366284067351,0.04450840139047519
T100493,C1128,54,3,1684.72,5054.16,2025-02-28,2025-02,1,0,0,1,0,0,0,0,0,0,0,0,0,0,0,1,0,0,0,0,1,0,0,0,0,1,0,0,0,0,0,0,0,0,1,0,0.6923076923076923,0.3333333333333333,0.330359508519998,0.14459529885580663
T101801,C1465,67,4,4952.73,19810.92,2025-04-18,2025-04,0,1,0,0,0,0,0,0,1,0,0,0,0,0,0,1,0,0,0,0,0,0,0,0,1,1,0,0,0,0,0,0,0,0,0,1,0.9423076923076923,0.5,0.9913313444910754,0.5716099643584388
T101742,C1276,70,7,4148.88,29042.16,2025-01-29,2025-01,1,0,0,0,0,0,0,0,1,0,0,0,0,0,0,0,0,0,1,0,0,0,0,1,0,0,0,0,0,0,0,1,0,0,0,1,1.0,1.0,0.8287485462911462,0.8387332936512184
T100980,C1410,59,7,4252.45,29767.15,2025-01-30,2025-01,1,0,0,1,0,0,0,0,0,0,0,0,0,0,0,0,0,0,1,0,0,1,0,0,0,0,0,0,0,1,0,0,0,0,1,0,0.7884615384615384,1.0,0.8496961116448399,0.8597122458292544
T101650,C1399,62,7,3367.5,23572.5,2025-03-12,2025-03,1,0,0,0,0,0,0,0,0,1,0,0,0,0,0,0,0,1,0,0,0,0,0,1,0,0,0,0,0,0,0,1,0,0,0,1,0.8461538461538461,1.0,0.6707104211963392,0.6804583718314472
T100226,C1144,23,1,572.11,572.11,2025-01-28,2025-01,0,1,0,0,0,0,0,0,1,0,0,0,0,0,1,0,0,0,0,0,0,0,0,0,1,0,0,0,0,0,1,0,1,0,0,0,0.09615384615384616,0.0,0.10532841179147494,0.01489873392447531
T100008,C1107,50,6,4330.85,25985.1,2025-03-15,2025-03,1,0,0,0,0,0,0,0,0,0,0,0,0,1,0,0,0,0,0,1,1,0,0,0,0,0,0,1,0,0,0,0,0,0,1,0,0.6153846153846154,0.8333333333333334,0.8655529150022754,0.7502715003225015
T100263,C1478,63,5,2706.86,13534.3,2025-11-17,2025-11,1,0,0,0,0,0,0,0,1,0,0,0,0,0,0,0,0,0,1,0,0,0,0,0,1,0,1,0,0,0,0,0,0,0,0,1,0.8653846153846154,0.6666666666666666,0.5370925822925621,0.38998413390601355
T100865,C1527,36,7,4628.9,32402.3,2025-01-15,2025-01,0,0,1,0,0,0,0,0,0,0,0,0,0,1,0,0,1,0,0,0,0,0,0,1,0,0,0,0,0,0,0,1,0,1,0,0,0.34615384615384615,1.0,0.9258350609293623,0.9359652780530799
T100766,C1553,56,4,3120.48,12481.92,2025-08-22,2025-08,0,0,1,0,0,0,0,0,0,0,0,1,0,0,0,0,0,0,0,1,0,0,0,0,1,1,0,0,0,0,0,0,0,0,1,0,0.7307692307692307,0.5,0.6207493553117257,0.3595315349831023
T100055,C1372,34,3,4472.03,13416.09,2025-01-09,2025-01,0,0,1,0,1,0,0,0,0,0,0,0,0,0,1,0,0,0,0,0,0,0,0,0,1,0,0,0,0,1,0,0,0,1,0,0,0.3076923076923077,0.3333333333333333,0.8941072963543509,0.38656350474290013
T101396,C1468,67,5,2711.64,13558.2,2025-06-11,2025-06,1,0,0,0,0,0,1,0,0,0,0,0,0,0,0,0,0,0,0,1,1,0,0,0,0,0,0,0,0,0,0,1,0,0,0,1,0.9423076923076923,0.6666666666666666,0.5380593618850179,0.3906757254549385
T101638,C1458,34,7,784.44,5491.08,2025-10-05,2025-10,1,0,0,0,0,0,0,0,1,0,0,0,0,0,0,0,0,0,0,1,0,0,0,0,1,0,0,0,1,0,0,0,0,1,0,0,0.3076923076923077,1.0,0.14827324670071296,0.15723840260293068
T100711,C1274,42,5,4781.62,23908.1,2025-07-06,2025-07,0,1,0,0,0,0,0,0,1,0,0,0,0,0,0,0,0,0,1,0,0,1,0,0,0,0,0,0,1,0,0,0,0,0,1,0,0.46153846153846156,0.6666666666666666,0.956723466653183,0.6901695904012879
T101897,C1491,26,1,1609.1,1609.1,2025-03-09,2025-03,0,0,1,0,0,0,0,0,0,1,0,0,0,0,0,0,0,0,0,1,1,0,0,0,0,0,0,0,1,0,0,0,0,1,0,0,0.15384615384615385,0.0,0.315064974465288,0.04490599418889477
T100843,C1288,32,3,1995.62,5986.86,2025-05-22,2025-05,0,0,1,0,0,0,0,0,0,0,0,0,0,1,0,0,0,0,0,1,0,1,0,0,0,0,0,0,0,1,0,0,0,1,0,0,0.2692307692307692,0.3333333333333333,0.3932406330586034,0.1715847313948128
T100491,C1582,32,3,1103.27,3309.81,2025-01-15,2025-01,1,0,0,0,0,0,0,0,1,0,0,0,0,0,0,1,0,0,0,0,0,1,0,0,0,0,0,0,0,0,0,1,0,1,0,0,0.2692307692307692,0.3333333333333333,0.21275825453809982,0.09411924369400171
T101268,C1197,28,3,3939.08,11817.24,2025-10-12,2025-10,0,1,0,0,0,0,1,0,0,0,0,0,0,0,0,0,0,0,0,1,0,1,0,0,0,0,0,0,1,0,0,0,0,1,0,0,0.19230769230769232,0.3333333333333333,0.7863154168984173,0.34029776633291825
T100512,C1330,61,6,3177.0,19062.0,2025-10-29,2025-10,0,1,0,0,0,0,0,0,0,0,0,0,1,0,0,0,1,0,0,0,0,1,0,0,0,0,0,0,0,0,0,1,0,0,0,1,0.8269230769230769,0.8333333333333334,0.6321808160995095,0.5499385525249312
T100947,C1587,22,1,2150.61,2150.61,2025-09-07,2025-09,1,0,0,0,0,0,0,0,0,0,1,0,0,0,0,0,0,0,0,1,1,0,0,0,0,0,0,0,1,0,0,0,1,0,0,0,0.07692307692307693,0.0,0.42458815796126814,0.06057560672689977
T100337,C1192,57,7,1546.43,10825.01,2025-03-03,2025-03,1,0,0,0,0,0,0,0,1,0,0,0,0,0,0,1,0,0,0,0,0,0,0,1,0,0,1,0,0,0,0,0,0,0,1,0,0.75,1.0,0.3023896445365829,0.31158572103627613
T100130,C1391,66,6,3003.4,18020.4,2025-01-15,2025-01,0,0,1,1,0,0,0,0,0,0,0,0,0,0,0,0,1,0,0,0,0,1,0,0,0,0,0,0,0,0,0,1,0,0,0,1,0.9230769230769231,0.8333333333333334,0.5970693229509025,0.5197978932211585
T100556,C1203,43,1,3822.73,3822.73,2025-08-16,2025-08,0,0,1,0,0,0,0,0,0,0,0,0,1,0,0,0,0,0,0,1,0,1,0,0,0,0,0,1,0,0,0,0,0,0,1,0,0.4807692307692308,0.0,0.7627830307933458,0.10896155069293711
T100949,C1418,23,5,578.98,2894.9,2025-04-23,2025-04,1,0,0,0,0,0,0,0,0,0,0,0,1,0,1,0,0,0,0,0,0,1,0,0,0,0,0,0,0,0,0,1,1,0,0,0,0.09615384615384616,0.6666666666666666,0.1067179046366992,0.0821130407833562
T100219,C1248,25,2,3902.02,7804.04,2025-10-16,2025-10,0,0,1,0,1,0,0,0,0,0,0,0,0,0,0,1,0,0,0,0,1,0,0,0,0,0,0,0,0,1,0,0,1,0,0,0,0.1346153846153846,0.16666666666666666,0.7788198412297113,0.2241682598833207
T101101,C1122,44,2,4424.27,8848.54,2025-09-09,2025-09,1,0,0,0,1,0,0,0,0,0,0,0,0,0,0,0,0,0,0,1,0,0,0,0,1,0,0,0,0,0,1,0,0,0,1,0,0.5,0.16666666666666666,0.8844475906355869,0.254392836153281
T100872,C1273,54,3,4796.04,14388.12,2025-12-23,2025-12,0,0,1,0,0,0,0,0,1,0,0,0,0,0,0,0,0,0,1,0,0,0,0,0,1,0,0,0,0,0,1,0,0,0,1,0,0.6923076923076923,0.3333333333333333,0.9596399858421398,0.4146910249647187
T100593,C1439,54,4,4261.02,17044.08,2025-06-01,2025-06,0,0,1,0,1,0,0,0,0,0,0,0,0,0,0,0,0,1,0,0,0,0,0,0,1,0,0,0,1,0,0,0,0,0,1,0,0.6923076923076923,0.5,0.8514294382363352,0.49154623376315215
T101213,C1324,43,1,3186.55,3186.55,2025-03-05,2025-03,0,1,0,0,0,0,1,0,0,0,0,0,0,0,0,1,0,0,0,0,0,0,0,0,1,0,0,0,0,0,0,1,0,0,1,0,0.4807692307692308,0.0,0.6341123527329726,0.09055248326218236
T100630,C1270,40,2,2504.3,5008.6,2025-07-18,2025-07,1,0,0,0,0,0,0,0,0,0,1,0,0,0,0,0,1,0,0,0,0,0,0,0,1,1,0,0,0,0,0,0,0,1,0,0,0.4230769230769231,0.16666666666666666,0.49612378014865754,0.14327693438011552
T100960,C1082,39,3,2699.89,8099.67,2025-10-16,2025-10,1,0,0,1,0,0,0,0,0,0,0,0,0,0,0,0,1,0,0,0,0,1,0,0,0,0,0,0,0,1,0,0,0,1,0,0,0.40384615384615385,0.3333333333333333,0.5356828639328512,0.23272287116401802
T101493,C1273,34,5,571.41,2857.05,2025-01-04,2025-01,0,0,1,1,0,0,0,0,0,0,0,0,0,0,0,0,0,0,1,0,0,0,0,0,1,0,0,1,0,0,0,0,0,1,0,0,0.3076923076923077,0.6666666666666666,0.10518683319006926,0.08101777969018435
T101931,C1321,48,5,1130.67,5653.35,2025-03-21,2025-03,1,0,0,0,0,0,0,0,0,0,0,0,1,0,0,0,0,0,1,0,0,1,0,0,0,1,0,0,0,0,0,0,0,0,1,0,0.5769230769230769,0.6666666666666666,0.21830004550740761,0.1619339909143969
T100344,C1257,42,7,1834.96,12844.72,2025-07-16,2025-07,1,0,0,0,0,0,0,0,0,0,0,0,0,1,0,0,0,0,1,0,0,0,0,1,0,0,0,0,0,0,0,1,0,0,1,0,0.46153846153846156,1.0,0.36074632148455277,0.3700298368220124
T101540,C1297,36,2,868.94,1737.88,2025-01-25,2025-01,1,0,0,0,0,0,0,1,0,0,0,0,0,0,0,0,0,0,0,1,0,0,0,0,1,0,0,1,0,0,0,0,0,1,0,0,0.34615384615384615,0.16666666666666666,0.16536380644182636,0.04863248622531937
T101362,C1369,35,7,838.66,5870.62,2025-03-23,2025-03,0,0,1,0,0,0,0,0,0,0,0,1,0,0,0,0,0,0,1,0,1,0,0,0,0,0,0,0,1,0,0,0,0,1,0,0,0.3269230769230769,1.0,0.15923952065530667,0.1682211078949371
T100984,C1511,57,7,2570.52,17993.64,2025-06-18,2025-06,0,0,1,0,1,0,0,0,0,0,0,0,0,0,0,1,0,0,0,0,0,0,0,0,1,0,0,0,0,0,0,1,0,0,1,0,0.75,1.0,0.5095171158416342,0.5190235421814418
T100452,C1235,54,2,435.96,871.92,2025-04-06,2025-04,1,0,0,1,0,0,0,0,0,0,0,0,0,0,0,0,0,0,1,0,0,0,0,0,1,0,0,0,1,0,0,0,0,0,1,0,0.6923076923076923,0.16666666666666666,0.0777913738180715,0.023574301384022264
T101748,C1529,21,4,3635.41,14541.64,2025-08-22,2025-08,0,0,1,0,0,0,0,0,0,0,1,0,0,0,1,0,0,0,0,0,0,0,0,1,0,1,0,0,0,0,0,0,1,0,0,0,0.057692307692307696,0.5,0.7248965970571876,0.4191334155333777
T100654,C1017,32,6,843.96,5063.76,2025-04-09,2025-04,0,0,1,0,0,0,0,0,0,0,1,0,0,0,0,0,1,0,0,0,0,0,0,1,0,0,0,0,0,0,0,1,0,1,0,0,0.2692307692307692,0.8333333333333334,0.16031147292309247,0.1448730929507723
T101659,C1385,23,4,2465.67,9862.68,2025-01-30,2025-01,0,0,1,0,0,0,0,0,0,0,0,0,1,0,0,0,0,1,0,0,0,1,0,0,0,0,0,0,0,1,0,0,1,0,0,0,0.09615384615384616,0.5,0.488310663902513,0.28373888859791246
T100414,C1531,50,2,4250.28,8500.56,2025-12-15,2025-12,0,0,1,0,0,0,0,0,0,0,0,1,0,0,0,0,0,0,1,0,0,1,0,0,0,0,1,0,0,0,0,0,0,0,1,0,0.6153846153846154,0.16666666666666666,0.8492572179804823,0.24432337894847408
T101651,C1286,33,3,1947.43,5842.29,2025-03-06,2025-03,1,0,0,0,0,0,1,0,0,0,0,0,0,0,0,1,0,0,0,0,0,1,0,0,0,0,0,0,0,1,0,0,0,1,0,0,0.28846153846153844,0.3333333333333333,0.3834939576275472,0.16740132594593954
T101246,C1144,19,4,826.3,3305.2,2025-04-08,2025-04,0,0,1,0,0,0,0,0,0,0,0,0,0,1,0,0,0,1,0,0,0,1,0,0,0,0,0,0,0,0,1,0,1,0,0,0,0.019230769230769232,0.5,0.1567396470647722,0.0939858446546484
T100116,C1413,59,5,79.36,396.8,2025-03-29,2025-03,1,0,0,0,0,0,0,0,0,0,0,0,0,1,1,0,0,0,0,0,0,1,0,0,0,0,0,1,0,0,0,0,0,0,1,0,0.7884615384615384,0.6666666666666666,0.005667189159124234,0.009825808634014093
T100224,C1153,44,5,1478.2,7391.0,2025-12-14,2025-12,0,0,1,0,0,0,0,0,1,0,0,0,0,0,0,0,0,0,0,1,1,0,0,0,0,0,0,0,1,0,0,0,0,0,1,0,0.5,0.6666666666666666,0.2885897760024271,0.2122161689474237
T101423,C1307,33,5,3093.35,15466.75,2025-01-21,2025-01,0,1,0,0,0,0,0,0,0,1,0,0,0,0,1,0,0,0,0,0,0,1,0,0,0,0,0,0,0,0,1,0,0,1,0,0,0.28846153846153844,0.6666666666666666,0.6152621732315315,0.44590321711605163
T101594,C1323,28,4,2579.85,10319.4,2025-08-10,2025-08,0,1,0,0,0,0,0,0,0,0,1,0,0,0,0,0,0,0,1,0,0,0,0,1,0,0,0,0,1,0,0,0,0,1,0,0,0.19230769230769232,0.5,0.5114041563432269,0.2969549426659031
T100735,C1461,39,3,844.82,2534.46,2025-09-04,2025-09,1,0,0,0,1,0,0,0,0,0,0,0,0,0,0,1,0,0,0,0,1,0,0,0,0,0,0,0,0,1,0,0,0,1,0,0,0.40384615384615385,0.3333333333333333,0.1604854123476766,0.07168302999279183
T101535,C1518,44,4,1320.14,5280.56,2025-10-17,2025-10,0,1,0,0,0,0,0,0,0,0,0,1,0,0,1,0,0,0,0,0,0,0,0,0,1,1,0,0,0,0,0,0,0,0,1,0,0.5,0.5,0.25662132780502606,0.15114660959541318
T100104,C1297,37,1,516.52,516.52,2025-08-19,2025-08,0,0,1,0,0,0,0,1,0,0,0,0,0,0,1,0,0,0,0,0,1,0,0,0,0,0,0,0,0,0,1,0,0,1,0,0,0.36538461538461536,0.0,0.09408504828841582,0.013290132493314856
T100203,C1226,21,5,2774.95,13874.75,2025-03-14,2025-03,0,0,1,0,0,0,0,0,0,0,0,1,0,0,0,1,0,0,0,0,0,1,0,0,0,1,0,0,0,0,0,0,1,0,0,0,0.057692307692307696,0.6666666666666666,0.5508641351064367,0.39983569636758176
T100204,C1221,27,2,4859.42,9718.84,2025-05-10,2025-05,0,0,1,1,0,0,0,0,0,0,0,0,0,0,0,0,1,0,0,0,1,0,0,0,0,0,0,1,0,0,0,0,0,1,0,0,0.17307692307692307,0.16666666666666666,0.9724589169236992,0.2795766070750105
T100907,C1280,23,5,3429.33,17146.65,2025-05-21,2025-05,1,0,0,0,0,0,0,0,1,0,0,0,0,0,1,0,0,0,0,0,0,0,0,0,1,0,0,0,0,0,0,1,1,0,0,0,0.09615384615384616,0.6666666666666666,0.6832158568033574,0.49451429004655073
T100507,C1035,67,2,1499.81,2999.62,2025-10-06,2025-10,0,1,0,0,0,0,0,0,0,0,1,0,0,0,1,0,0,0,0,0,0,0,0,0,1,0,1,0,0,0,0,0,0,0,0,1,0.9423076923076923,0.16666666666666666,0.29296050968296505,0.08514331136927314
T100636,C1237,50,3,3806.9,11420.7,2025-07-05,2025-07,1,0,0,0,0,0,0,0,1,0,0,0,0,0,0,0,0,0,1,0,0,1,0,0,0,0,0,1,0,0,0,0,0,0,1,0,0.6153846153846154,0.3333333333333333,0.7595813318501289,0.32882313399774354
T101838,C1352,30,4,891.09,3564.36,2025-07-10,2025-07,1,0,0,0,0,0,0,0,1,0,0,0,0,0,0,1,0,0,0,0,0,0,1,0,0,0,0,0,0,1,0,0,0,1,0,0,0.23076923076923078,0.5,0.16984375790059159,0.1014851277433252
T100433,C1401,59,4,840.67,3362.68,2025-10-29,2025-10,0,0,1,0,1,0,0,0,0,0,0,0,0,0,0,0,0,1,0,0,0,0,0,1,0,0,0,0,0,0,0,1,0,0,1,0,0.7884615384615384,0.5,0.1596460534964858,0.09564913679825522
T100417,C1444,36,4,1492.56,5970.24,2025-03-30,2025-03,0,1,0,0,0,0,0,0,0,1,0,0,0,0,0,0,1,0,0,0,0,0,0,1,0,0,0,0,1,0,0,0,0,1,0,0,0.34615384615384615,0.5,0.291494159882692,0.17110380036790354
T100233,C1545,68,1,2127.61,2127.61,2025-02-25,2025-02,1,0,0,0,0,0,0,1,0,0,0,0,0,0,0,1,0,0,0,0,0,0,0,0,1,0,0,0,0,0,1,0,0,0,0,1,0.9615384615384616,0.0,0.41993628962936747,0.0599100583743779
T101488,C1506,33,2,2826.87,5653.74,2025-10-11,2025-10,1,0,0,0,0,0,0,1,0,0,0,0,0,0,1,0,0,0,0,0,1,0,0,0,0,0,0,1,0,0,0,0,0,1,0,0,0.28846153846153844,0.16666666666666666,0.5613652222278404,0.16194527629950486
T101151,C1539,23,7,477.51,3342.57,2025-09-23,2025-09,0,1,0,0,0,0,0,0,0,0,0,0,0,1,0,1,0,0,0,0,0,0,0,0,1,0,0,0,0,0,1,0,1,0,0,0,0.09615384615384616,1.0,0.08619507508722252,0.09506721604307199
T100189,C1294,27,2,2926.91,5853.82,2025-12-06,2025-12,0,1,0,0,0,0,0,1,0,0,0,0,0,0,0,1,0,0,0,0,0,0,0,0,1,0,0,1,0,0,0,0,0,1,0,0,0.17307692307692307,0.16666666666666666,0.5815988269201597,0.16773496822874723
T101264,C1213,50,5,2504.3,12521.5,2025-05-23,2025-05,1,0,0,0,0,0,0,0,0,0,0,0,0,1,0,0,0,1,0,0,1,0,0,0,0,1,0,0,0,0,0,0,0,0,1,0,0.6153846153846154,0.6666666666666666,0.49612378014865754,0.36067685688713774
T100973,C1003,29,7,2504.3,17530.1,2025-07-21,2025-07,0,0,1,0,0,0,0,0,0,0,0,0,1,0,1,0,0,0,0,0,0,0,0,1,0,0,1,0,0,0,0,0,0,1,0,0,0.21153846153846154,1.0,0.49612378014865754,0.5056101385584858
T101310,C1069,43,2,2530.48,5060.96,2025-04-16,2025-04,0,0,1,0,0,0,0,0,0,1,0,0,0,0,0,0,1,0,0,0,0,0,1,0,0,0,0,0,0,0,0,1,0,0,1,0,0.4807692307692308,0.16666666666666666,0.5014188198412297,0.14479206967307398
T100114,C1089,70,7,2701.65,18911.55,2025-12-28,2025-12,1,0,0,0,0,0,0,0,0,0,1,0,0,0,0,1,0,0,0,0,0,1,0,0,0,0,0,0,1,0,0,0,0,0,0,1,1.0,1.0,0.5360388329878141,0.5455849981928914
T101038,C1436,46,7,4938.58,34570.06,2025-02-28,2025-02,0,0,1,0,1,0,0,0,0,0,0,0,0,0,0,0,1,0,0,0,0,1,0,0,0,1,0,0,0,0,0,0,0,0,1,0,0.5384615384615384,1.0,0.9884694341912322,0.9986934996471146
T100723,C1354,58,4,3707.88,14831.52,2025-01-30,2025-01,1,0,0,0,0,0,1,0,0,0,0,0,0,0,0,0,0,1,0,0,0,0,0,1,0,0,0,0,0,1,0,0,0,0,1,0,0.7692307692307693,0.5,0.7395540274055721,0.42752163972594454
T100808,C1245,54,3,738.75,2216.25,2025-12-07,2025-12,1,0,0,0,0,0,0,0,0,0,0,0,0,1,0,0,0,1,0,0,1,0,0,0,0,0,0,0,1,0,0,0,0,0,1,0,0.6923076923076923,0.3333333333333333,0.1390322091318198,0.06247502385122738
T101265,C1529,31,2,3034.09,6068.18,2025-03-01,2025-03,1,0,0,0,0,0,0,1,0,0,0,0,0,0,0,0,0,0,1,0,0,0,0,0,1,0,0,1,0,0,0,0,0,1,0,0,0.25,0.16666666666666666,0.603276533346817,0.17393787887425102
T101765,C1184,34,6,3936.08,23616.48,2025-05-15,2025-05,0,0,1,0,0,0,0,0,1,0,0,0,0,0,0,0,0,0,1,0,1,0,0,0,0,0,0,0,0,1,0,0,0,1,0,0,0.3076923076923077,0.8333333333333334,0.7857086514638215,0.6817310160290085
T101125,C1171,61,1,2733.16,2733.16,2025-10-13,2025-10,0,0,1,0,0,0,1,0,0,0,0,0,0,0,0,0,0,0,0,1,0,0,0,0,1,0,1,0,0,0,0,0,0,0,0,1,0.8269230769230769,0.0,0.542411892602518,0.07743278902088288
T100125,C1059,25,5,3199.71,15998.55,2025-11-12,2025-11,1,0,0,0,0,0,0,0,0,1,0,0,0,0,0,0,0,0,0,1,0,0,0,1,0,0,0,0,0,0,0,1,1,0,0,0,0.1346153846153846,0.6666666666666666,0.6367740304393993,0.4612918525017528
T100240,C1571,18,4,2014.23,8056.92,2025-07-29,2025-07,0,1,0,0,0,0,1,0,0,0,0,0,0,0,0,0,0,0,1,0,0,1,0,0,0,0,0,0,0,0,1,0,1,0,0,0,0.0,0.5,0.3970046013045457,0.23148581933487414
T100349,C1009,46,4,3872.51,15490.04,2025-07-02,2025-07,0,1,0,0,0,0,0,1,0,0,0,0,0,0,0,0,0,0,0,1,0,0,0,1,0,0,0,0,0,0,0,1,0,0,1,0,0.5384615384615384,0.5,0.7728512919047379,0.4465771571651923
T100895,C1220,70,6,859.06,5154.36,2025-10-06,2025-10,0,1,0,0,0,0,0,0,1,0,0,0,0,0,0,1,0,0,0,0,1,0,0,0,0,0,1,0,0,0,0,0,0,0,0,1,1.0,0.8333333333333334,0.1633655256105577,0.14749477472201059
T101255,C1524,37,5,2461.25,12306.25,2025-09-28,2025-09,1,0,0,1,0,0,0,0,0,0,0,0,0,0,0,0,0,0,1,0,0,1,0,0,0,0,0,0,1,0,0,0,0,1,0,0,0.36538461538461536,0.6666666666666666,0.4874166961622086,0.3544481924140799
T102000,C1403,18,4,491.42,1965.68,2025-11-07,2025-11,0,1,0,0,0,0,0,0,0,0,1,0,0,0,0,0,0,0,0,1,0,0,0,0,1,1,0,0,0,0,0,0,1,0,0,0,0.0,0.5,0.08900844415229814,0.05522430860377505
T100352,C1552,61,2,925.93,1851.86,2025-01-09,2025-01,0,0,1,0,1,0,0,0,0,0,0,0,0,0,0,0,0,0,1,0,1,0,0,0,0,0,0,0,0,1,0,0,0,0,0,1,0.8269230769230769,0.16666666666666666,0.1768903271476968,0.05193071236533858
T101089,C1520,56,3,3358.06,10074.18,2025-11-07,2025-11,0,0,1,1,0,0,0,0,0,0,0,0,0,0,0,1,0,0,0,0,0,1,0,0,0,1,0,0,0,0,0,0,0,0,1,0,0.7307692307692307,0.3333333333333333,0.6688011326288112,0.28985903975262434
T100289,C1362,27,7,1360.63,9524.41,2025-02-03,2025-02,0,0,1,0,0,0,0,0,0,0,0,0,1,0,1,0,0,0,0,0,1,0,0,0,0,0,1,0,0,0,0,0,0,1,0,0,0.17307692307692307,1.0,0.26481063862061993,0.27395040854540936
T101622,C1039,45,3,1984.01,5952.03,2025-04-09,2025-04,0,0,1,0,0,0,0,0,0,0,0,1,0,0,0,0,0,0,1,0,0,0,0,1,0,0,0,0,0,0,0,1,0,0,1,0,0.5192307692307693,0.3333333333333333,0.3908924508267179,0.1705768596940156
T101232,C1119,20,3,1070.05,3210.15,2025-04-20,2025-04,0,0,1,0,0,0,0,0,0,0,0,0,1,0,0,0,0,0,1,0,0,1,0,0,0,0,0,0,1,0,0,0,1,0,0,0,0.038461538461538464,0.3333333333333333,0.20603933862567628,0.09123539374563958
T100131,C1066,39,4,328.32,1313.28,2025-01-21,2025-01,0,1,0,0,1,0,0,0,0,0,0,0,0,0,0,0,0,0,0,1,0,0,0,0,1,0,0,0,0,0,1,0,0,1,0,0,0.40384615384615385,0.5,0.05602063002477626,0.03634588490006791
T101451,C1415,55,2,2383.61,4767.22,2025-01-05,2025-01,0,0,1,0,0,0,0,0,0,0,0,0,0,1,0,0,0,0,1,0,1,0,0,0,0,0,0,0,1,0,0,0,0,0,1,0,0.7115384615384616,0.16666666666666666,0.4717136067148708,0.136292149104823
T101677,C1186,26,1,1804.21,1804.21,2025-08-24,2025-08,0,1,0,0,0,0,0,1,0,0,0,0,0,0,1,0,0,0,0,0,0,1,0,0,0,0,0,0,1,0,0,0,0,1,0,0,0.15384615384615385,0.0,0.3545269757799464,0.05055186980022264
T100962,C1241,51,4,4503.02,18012.08,2025-01-28,2025-01,0,0,1,0,0,0,0,0,0,0,0,0,0,1,0,1,0,0,0,0,0,0,0,0,1,0,0,0,0,0,1,0,0,0,1,0,0.6346153846153846,0.5,0.9003751832937251,0.519557138338855
T101644,C1274,36,3,2504.3,7512.9,2025-08-01,2025-08,1,0,0,0,0,0,0,0,1,0,0,0,0,0,0,0,1,0,0,0,0,1,0,0,0,1,0,0,0,0,0,0,0,1,0,0,0.34615384615384615,0.3333333333333333,0.49612378014865754,0.21574357521578957
T100311,C1367,45,7,1484.4,10390.8,2025-07-31,2025-07,0,0,1,1,0,0,0,0,0,0,0,0,0,0,0,0,0,0,0,1,0,0,0,0,1,0,0,0,0,1,0,0,0,0,1,0,0.5192307692307693,1.0,0.28984375790059164,0.2990210362472101
T101330,C1186,57,5,1676.12,8380.6,2025-02-11,2025-02,0,1,0,0,0,0,1,0,0,0,0,0,0,0,0,0,0,1,0,0,1,0,0,0,0,0,0,0,0,0,1,0,0,0,1,0,0.75,0.6666666666666666,0.3286201142741568,0.24085211023679923
T101105,C1142,22,2,1590.67,3181.34,2025-02-16,2025-02,0,0,1,0,0,0,0,0,0,0,0,1,0,0,0,0,1,0,0,0,0,0,0,0,1,0,0,0,1,0,0,0,1,0,0,0,0.07692307692307693,0.16666666666666666,0.3113374121454215,0.09040172209189372
T100005,C1099,40,5,3999.2,19996.0,2025-02-19,2025-02,0,1,0,0,0,0,0,0,0,0,0,1,0,0,1,0,0,0,0,0,1,0,0,0,0,0,0,0,0,0,0,1,0,1,0,0,0.4230769230769231,0.6666666666666666,0.798474996207716,0.5769656030142973
T101621,C1487,38,7,399.28,2794.96,2025-05-05,2025-05,0,1,0,0,0,0,0,0,0,0,0,0,0,1,0,0,0,1,0,0,1,0,0,0,0,0,1,0,0,0,0,0,0,1,0,0,0.38461538461538464,1.0,0.0703726551044142,0.07922108850722424
T100249,C1351,42,2,2934.1,5868.2,2025-05-28,2025-05,1,0,0,0,1,0,0,0,0,0,0,0,0,0,1,0,0,0,0,0,1,0,0,0,0,0,0,0,0,0,0,1,0,0,1,0,0.46153846153846156,0.16666666666666666,0.5830530414117409,0.16815108063349785
T101871,C1471,34,1,4503.59,4503.59,2025-09-15,2025-09,0,1,0,1,0,0,0,0,0,0,0,0,0,0,0,0,0,0,0,1,0,0,0,1,0,0,1,0,0,0,0,0,0,1,0,0,0.3076923076923077,0.0,0.9004904687262982,0.12866351814067783
T101237,C1370,66,1,3716.39,3716.39,2025-12-13,2025-12,0,0,1,0,0,0,0,0,0,0,1,0,0,0,0,0,0,0,0,1,0,1,0,0,0,0,0,1,0,0,0,0,0,0,0,1,0.9230769230769231,0.0,0.7412752186883753,0.10588440235349472
T101671,C1457,32,1,639.95,639.95,2025-03-09,2025-03,1,0,0,0,0,0,0,1,0,0,0,0,0,0,1,0,0,0,0,0,0,1,0,0,0,0,0,0,1,0,0,0,0,1,0,0,0.2692307692307692,0.0,0.11904940081913334,0.016861812195565887
T101553,C1279,65,4,4957.24,19828.96,2025-01-08,2025-01,0,0,1,1,0,0,0,0,0,0,0,0,0,0,0,0,0,0,1,0,1,0,0,0,0,0,0,0,0,0,0,1,0,0,0,1,0.9038461538461539,0.5,0.9922435151944177,0.5721319857618951
T100367,C1202,19,2,2853.79,5707.58,2025-02-25,2025-02,1,0,0,0,0,0,1,0,0,0,0,0,0,0,0,0,1,0,0,0,0,0,0,0,1,0,0,0,0,0,1,0,1,0,0,0,0.019230769230769232,0.16666666666666666,0.5668099307276129,0.16350323818210385
T100180,C1195,57,7,2549.31,17845.17,2025-09-10,2025-09,0,0,1,1,0,0,0,0,0,0,0,0,0,0,0,0,0,0,1,0,1,0,0,0,0,0,0,0,0,0,0,1,0,0,1,0,0.75,1.0,0.5052272842190423,0.5147272828814886
T100276,C1401,52,3,4275.73,12827.19,2025-10-25,2025-10,1,0,0,0,0,0,0,1,0,0,0,0,0,0,0,0,0,0,0,1,0,0,0,1,0,0,0,1,0,0,0,0,0,0,1,0,0.6538461538461539,0.3333333333333333,0.8544046114173028,0.36952257322985116
T101206,C1519,22,2,3493.72,6987.44,2025-09-22,2025-09,1,0,0,0,1,0,0,0,0,0,0,0,0,0,0,1,0,0,0,0,0,0,0,1,0,0,1,0,0,0,0,0,1,0,0,0,0.07692307692307693,0.16666666666666666,0.6962390655812306,0.2005383996803053
T100255,C1020,37,4,2442.06,9768.24,2025-05-16,2025-05,0,0,1,0,1,0,0,0,0,0,0,0,0,0,0,0,0,0,0,1,0,0,0,0,1,1,0,0,0,0,0,0,0,1,0,0,0.36538461538461536,0.5,0.48353541993224447,0.28100608918868786
T101427,C1310,57,5,2545.33,12726.65,2025-04-28,2025-04,0,1,0,1,0,0,0,0,0,0,0,0,0,0,0,0,0,0,1,0,0,0,0,0,1,0,1,0,0,0,0,0,0,0,1,0,0.75,0.6666666666666666,0.5044223087424786,0.36661325882278384
T101974,C1155,29,1,413.66,413.66,2025-12-13,2025-12,0,1,0,0,1,0,0,0,0,0,0,0,0,0,1,0,0,0,0,0,0,1,0,0,0,0,0,1,0,0,0,0,0,1,0,0,0.21153846153846154,0.0,0.07328108408757648,0.010313684513297512
T101015,C1325,19,6,2590.48,15542.88,2025-02-02,2025-02,1,0,0,0,0,0,0,0,1,0,0,0,0,0,0,0,0,0,1,0,1,0,0,0,0,0,0,0,1,0,0,0,1,0,0,0,0.019230769230769232,0.8333333333333334,0.5135541285331445,0.448106182162899
T101104,C1409,60,3,1315.86,3947.58,2025-09-28,2025-09,0,1,0,0,0,0,0,0,0,0,0,1,0,0,0,0,1,0,0,0,1,0,0,0,0,0,0,0,1,0,0,0,0,0,1,0,0.8076923076923077,0.3333333333333333,0.2557556757850028,0.11257432077173514
T100480,C1123,61,5,2673.88,13369.4,2025-02-12,2025-02,0,0,1,1,0,0,0,0,0,0,0,0,0,0,0,0,1,0,0,0,0,0,0,1,0,0,0,0,0,0,0,1,0,0,0,1,0.8269230769230769,0.6666666666666666,0.5304222076149062,0.38521244158728074
T101322,C1298,43,2,2150.2,4300.4,2025-08-17,2025-08,0,0,1,0,0,0,0,0,0,0,0,0,1,0,0,0,0,0,1,0,0,0,0,1,0,0,0,0,1,0,0,0,0,0,1,0,0.4807692307692308,0.16666666666666666,0.42450523335187335,0.12278383249942053
T101978,C1262,33,2,2158.41,4316.82,2025-01-19,2025-01,0,1,0,0,0,0,0,0,1,0,0,0,0,0,0,0,0,1,0,0,0,0,0,0,1,0,0,0,1,0,0,0,0,1,0,0,0.28846153846153844,0.16666666666666666,0.426165748091217,0.12325897614935136
T101615,C1448,40,3,347.62,1042.86,2025-04-23,2025-04,0,0,1,0,0,0,0,1,0,0,0,0,0,0,0,0,0,0,0,1,0,1,0,0,0,0,0,0,0,0,0,1,0,1,0,0,0.4230769230769231,0.3333333333333333,0.05992415432067553,0.028520772487504325
T100937,C1424,70,7,3628.36,25398.52,2025-06-22,2025-06,0,0,1,0,0,0,0,0,0,0,1,0,0,0,0,0,0,1,0,0,0,0,0,0,1,0,0,0,1,0,0,0,0,0,0,1,1.0,1.0,0.7234706982858876,0.7332977023824027
T101872,C1491,25,6,1779.99,10679.94,2025-02-08,2025-02,1,0,0,0,0,0,0,1,0,0,0,0,0,0,0,0,1,0,0,0,0,0,0,1,0,0,0,1,0,0,0,0,1,0,0,0,0.1346153846153846,0.8333333333333334,0.3496283561713101,0.3073878471449567
T100341,C1212,36,2,3727.13,7454.26,2025-01-25,2025-01,0,0,1,0,1,0,0,0,0,0,0,0,0,0,0,0,0,0,1,0,0,0,0,1,0,0,0,1,0,0,0,0,0,1,0,0,0.34615384615384615,0.16666666666666666,0.7434474389442282,0.21404671628570776
T101220,C1024,48,3,3778.8,11336.4,2025-02-23,2025-02,0,0,1,0,0,0,0,0,0,0,1,0,0,0,0,0,0,0,1,0,0,1,0,0,0,0,0,0,1,0,0,0,0,0,1,0,0.5769230769230769,0.3333333333333333,0.7538979622794155,0.3263837546013264
T101157,C1128,51,6,2363.0,14178.0,2025-10-13,2025-10,0,0,1,0,0,0,0,1,0,0,0,0,0,0,0,0,1,0,0,0,1,0,0,0,0,0,1,0,0,0,0,0,0,0,1,0,0.6346153846153846,0.8333333333333334,0.467545128179198,0.40861080671115807
T101003,C1209,69,7,3774.32,26420.24,2025-12-17,2025-12,0,0,1,0,0,0,0,0,0,1,0,0,0,0,0,0,0,0,1,0,1,0,0,0,0,0,0,0,0,0,0,1,0,0,0,1,0.9807692307692307,1.0,0.7529918592304192,0.7628630964145173
T101450,C1057,63,6,4259.39,25556.34,2025-05-07,2025-05,0,1,0,0,0,0,0,0,1,0,0,0,0,0,0,0,0,0,1,0,0,0,0,1,0,0,0,0,0,0,0,1,0,0,0,1,0.8653846153846154,0.8333333333333334,0.8510997623502048,0.7378645215560983
T101560,C1091,60,6,2858.8,17152.8,2025-01-25,2025-01,0,0,1,0,1,0,0,0,0,0,0,0,0,0,0,0,0,1,0,0,0,1,0,0,0,0,0,1,0,0,0,0,0,0,1,0,0.8076923076923077,0.8333333333333334,0.5678232290033878,0.494692251888638
T101442,C1373,64,1,1951.14,1951.14,2025-07-13,2025-07,1,0,0,0,0,0,1,0,0,0,0,0,0,0,0,0,0,0,0,1,0,0,0,0,1,0,0,0,1,0,0,0,0,0,0,1,0.8846153846153846,0.0,0.38424432421499727,0.05480356629744166
T100687,C1124,26,6,3577.44,21464.64,2025-04-03,2025-04,1,0,0,0,0,0,0,0,1,0,0,0,0,0,0,0,0,1,0,0,1,0,0,0,0,0,0,0,0,1,0,0,0,1,0,0,0.15384615384615385,0.8333333333333334,0.7131718663093493,0.6194634696424587
T100223,C1239,25,1,4745.64,4745.64,2025-03-09,2025-03,0,0,1,0,0,0,0,0,1,0,0,0,0,0,1,0,0,0,0,0,0,0,0,0,1,0,0,0,1,0,0,0,1,0,0,0,0.1346153846153846,0.0,0.9494463265409314,0.13566769112884813
T101683,C1459,23,4,3481.98,13927.92,2025-04-20,2025-04,0,0,1,0,0,0,0,0,0,0,1,0,0,0,0,0,0,0,1,0,0,1,0,0,0,0,0,0,1,0,0,0,1,0,0,0,0.09615384615384616,0.5,0.6938645901805127,0.40137427053730296
T101709,C1456,19,4,1142.28,4569.12,2025-08-02,2025-08,0,1,0,0,0,0,0,0,0,1,0,0,0,0,0,0,0,0,1,0,0,0,0,1,0,0,0,1,0,0,0,0,1,0,0,0,0.019230769230769232,0.5,0.22064822773929313,0.1305597522076673
T101576,C1251,66,4,867.08,3468.32,2025-09-29,2025-09,0,1,0,1,0,0,0,0,0,0,0,0,0,0,0,0,1,0,0,0,0,0,0,1,0,0,1,0,0,0,0,0,0,0,0,1,0.9230769230769231,0.5,0.164987611872377,0.09870602931827305
T101673,C1298,24,7,1392.93,9750.51,2025-12-04,2025-12,0,1,0,0,0,0,0,0,0,0,0,0,1,0,0,0,0,0,1,0,0,0,0,1,0,0,0,0,0,1,0,0,1,0,0,0,0.11538461538461539,1.0,0.2713434797997674,0.2804930382195482
T101021,C1005,32,4,3146.11,12584.44,2025-12-31,2025-12,0,1,0,0,0,0,0,0,0,0,0,0,1,0,0,0,1,0,0,0,0,0,0,1,0,0,0,0,0,0,0,1,0,1,0,0,0.2692307692307692,0.5,0.6259331546746221,0.3624981444222563
T100730,C1292,32,3,2493.57,7480.71,2025-09-02,2025-09,0,0,1,0,0,0,0,0,0,0,0,0,0,1,0,0,0,1,0,0,0,0,0,1,0,0,0,0,0,0,1,0,0,1,0,0,0.2692307692307692,0.3333333333333333,0.4939535824442534,0.2148120968911079
T101241,C1475,43,3,4247.35,12742.05,2025-07-01,2025-07,1,0,0,0,0,0,0,0,0,0,0,0,1,0,0,0,0,1,0,0,0,0,0,0,1,0,0,0,0,0,1,0,0,0,1,0,0.4807692307692308,0.3333333333333333,0.8486646104060273,0.36705888685012455
T101458,C1534,61,3,2504.3,7512.9,2025-12-31,2025-12,1,0,0,0,0,0,0,0,0,1,0,0,0,0,0,1,0,0,0,0,1,0,0,0,0,0,0,0,0,0,0,1,0,0,0,1,0.8269230769230769,0.3333333333333333,0.49612378014865754,0.21574357521578957
T100011,C1215,50,4,303.41,1213.64,2025-11-18,2025-11,0,1,0,0,0,0,0,0,0,0,0,0,0,1,0,0,1,0,0,0,1,0,0,0,0,0,0,0,0,0,1,0,0,0,1,0,0.6153846153846154,0.5,0.05098245436618294,0.033462613689403634
T101802,C1326,22,7,2504.3,17530.1,2025-06-04,2025-06,1,0,0,0,0,0,0,1,0,0,0,0,0,0,0,0,0,1,0,0,1,0,0,0,0,0,0,0,0,0,0,1,1,0,0,0,0.07692307692307693,1.0,0.49612378014865754,0.5056101385584858
T100145,C1576,57,3,1595.03,4785.09,2025-04-29,2025-04,0,0,1,0,0,0,0,0,0,0,1,0,0,0,0,1,0,0,0,0,0,0,0,1,0,0,0,0,0,0,1,0,0,0,1,0,0.75,0.3333333333333333,0.3122192445770339,0.1368092512378476
T101858,C1530,50,4,2931.24,11724.96,2025-01-20,2025-01,0,0,1,0,1,0,0,0,0,0,0,0,0,0,0,1,0,0,0,0,1,0,0,0,0,0,1,0,0,0,0,0,0,0,1,0,0.6153846153846154,0.5,0.5824745916974262,0.337627470595061
T100287,C1527,69,1,4067.43,4067.43,2025-08-16,2025-08,1,0,0,1,0,0,0,0,0,0,0,0,0,0,0,0,0,0,0,1,0,0,0,1,0,0,0,1,0,0,0,0,0,0,0,1,0.9807692307692307,0.0,0.8122748647418718,0.1160424064260719
T101404,C1021,54,3,3310.88,9932.64,2025-04-03,2025-04,1,0,0,0,0,0,0,0,0,0,0,0,1,0,0,1,0,0,0,0,1,0,0,0,0,0,0,0,0,1,0,0,0,0,1,0,0.6923076923076923,0.3333333333333333,0.6592587348940688,0.28576331306497454
T101172,C1356,43,7,1364.0,9548.0,2025-10-30,2025-10,0,0,1,0,0,0,0,0,1,0,0,0,0,0,0,1,0,0,0,0,0,0,0,1,0,0,0,0,0,1,0,0,0,0,1,0,0.4807692307692308,1.0,0.2654922384588158,0.2746330296600176
T101393,C1486,65,1,4058.14,4058.14,2025-04-26,2025-04,0,0,1,0,0,0,0,0,1,0,0,0,0,0,0,0,1,0,0,0,1,0,0,0,0,0,0,1,0,0,0,0,0,0,0,1,0.9038461538461539,0.0,0.8103959144460736,0.11577358276542285
T100295,C1007,68,1,2044.17,2044.17,2025-01-29,2025-01,0,1,0,0,0,0,0,0,0,1,0,0,0,0,0,0,0,0,1,0,0,1,0,0,0,0,0,0,0,0,0,1,0,0,0,1,0.9615384615384616,0.0,0.4030601203418112,0.05749556469896814
T100365,C1468,28,1,1259.25,1259.25,2025-06-07,2025-06,0,1,0,0,0,0,0,1,0,0,0,0,0,0,0,1,0,0,0,0,1,0,0,0,0,0,0,1,0,0,0,0,0,1,0,0,0.19230769230769232,0.0,0.24430601203418115,0.034782425009339375
T101517,C1114,55,4,1330.1,5320.4,2025-02-16,2025-02,0,0,1,0,0,0,0,0,0,0,1,0,0,0,0,0,1,0,0,0,1,0,0,0,0,0,0,0,1,0,0,0,0,0,1,0,0.7115384615384616,0.5,0.2586357890478839,0.15229945508952059
T101877,C1564,67,3,3340.59,10021.77,2025-10-14,2025-10,0,1,0,0,0,0,1,0,0,0,0,0,0,0,0,0,0,0,1,0,0,0,0,1,0,0,0,0,0,0,1,0,0,0,0,1,0.9423076923076923,0.3333333333333333,0.6652677352480154,0.28834245761542127
T101266,C1002,69,7,1882.76,13179.32,2025-03-03,2025-03,1,0,0,1,0,0,0,0,0,0,0,0,0,0,0,0,0,0,0,1,1,0,0,0,0,0,1,0,0,0,0,0,0,0,0,1,0.9807692307692307,1.0,0.3704141174091116,0.3797121185069609
T100743,C1215,57,5,1724.48,8622.4,2025-07-19,2025-07,0,1,0,0,0,0,0,0,1,0,0,0,0,0,0,0,0,0,0,1,1,0,0,0,0,0,0,1,0,0,0,0,0,0,1,0,0.75,0.6666666666666666,0.33840117307984025,0.24784904900374644
T101008,C1394,59,5,4066.37,20331.85,2025-04-04,2025-04,1,0,0,0,0,0,0,1,0,0,0,0,0,0,1,0,0,0,0,0,0,1,0,0,0,1,0,0,0,0,0,0,0,0,1,0,0.7884615384615384,0.6666666666666666,0.8120604742883146,0.5866840558053611
T101706,C1547,62,7,1806.09,12642.63,2025-01-30,2025-01,0,0,1,0,1,0,0,0,0,0,0,0,0,0,0,0,0,0,1,0,1,0,0,0,0,0,0,0,0,1,0,0,0,0,0,1,0.8461538461538461,1.0,0.3549072154522931,0.3641819817541366
T100890,C1540,33,7,2892.78,20249.46,2025-04-28,2025-04,1,0,0,0,0,0,0,0,1,0,0,0,0,0,1,0,0,0,0,0,1,0,0,0,0,0,1,0,0,0,0,0,0,1,0,0,0.28846153846153844,1.0,0.5746958588259089,0.5842999458590883
T100992,C1033,23,1,2130.4,2130.4,2025-03-06,2025-03,0,1,0,0,0,0,0,0,0,0,1,0,0,0,0,0,0,0,1,0,0,0,0,1,0,0,0,0,0,1,0,0,1,0,0,0,0.09615384615384616,0.0,0.42050058148354147,0.05999079228322729
T101190,C1335,21,7,831.66,5821.62,2025-03-02,2025-03,0,1,0,0,0,0,0,0,1,0,0,0,0,0,0,0,0,0,0,1,1,0,0,0,0,0,0,0,1,0,0,0,1,0,0,0,0.057692307692307696,1.0,0.15782373464124994,0.16680320053521663
T101366,C1489,46,5,1169.11,5845.55,2025-07-01,2025-07,1,0,0,1,0,0,0,0,0,0,0,0,0,0,0,0,0,0,0,1,0,0,0,1,0,0,0,0,0,0,1,0,0,0,1,0,0.5384615384615384,0.6666666666666666,0.2260747332760277,0.1674956601906883
T100473,C1285,68,5,2504.3,12521.5,2025-12-07,2025-12,0,0,1,0,0,0,0,0,0,0,1,0,0,0,0,0,0,1,0,0,0,0,0,0,1,0,0,0,1,0,0,0,0,0,0,1,0.9615384615384616,0.6666666666666666,0.49612378014865754,0.36067685688713774
T100874,C1502,38,2,2154.68,4309.36,2025-06-23,2025-06,1,0,0,0,0,0,0,0,1,0,0,0,0,0,0,0,0,0,0,1,0,0,0,0,1,0,1,0,0,0,0,0,0,1,0,0,0.38461538461538464,0.16666666666666666,0.42541133640086964,0.12304310698805514
T100597,C1023,21,6,3404.97,20429.82,2025-09-11,2025-09,0,1,0,0,0,0,0,0,1,0,0,0,0,0,0,1,0,0,0,0,0,0,0,0,1,0,0,0,0,1,0,0,1,0,0,0,0.057692307692307696,0.8333333333333334,0.67828892147444,0.5895190024182554
T100395,C1180,48,7,4933.96,34537.72,2025-02-07,2025-02,0,1,0,0,0,0,0,1,0,0,0,0,0,0,0,0,0,1,0,0,0,0,0,0,1,1,0,0,0,0,0,0,0,0,1,0,0.5769230769230769,1.0,0.9875350154219548,0.9977576807896992
T101850,C1121,55,7,959.48,6716.36,2025-07-11,2025-07,1,0,0,0,0,0,0,0,1,0,0,0,0,0,1,0,0,0,0,0,0,0,0,0,1,1,0,0,0,0,0,0,0,0,1,0,0.7115384615384616,1.0,0.18367598725792586,0.19269418892371282
T100129,C1207,38,3,1251.42,3754.26,2025-08-15,2025-08,0,1,0,1,0,0,0,0,0,0,0,0,0,0,0,0,0,0,0,1,0,0,0,0,1,1,0,0,0,0,0,0,0,1,0,0,0.38461538461538464,0.3333333333333333,0.24272235424988625,0.10698024218436443
T100701,C1372,29,5,1016.77,5083.85,2025-04-27,2025-04,1,0,0,0,0,0,0,0,0,0,0,0,1,0,0,1,0,0,0,0,1,0,0,0,0,0,0,0,1,0,0,0,0,1,0,0,0.21153846153846154,0.6666666666666666,0.19526318450725588,0.1454544349682577
T101508,C1265,29,2,2493.34,4986.68,2025-11-02,2025-11,0,0,1,1,0,0,0,0,0,0,0,0,0,0,1,0,0,0,0,0,0,0,0,1,0,0,0,0,1,0,0,0,0,1,0,0,0.21153846153846154,0.16666666666666666,0.4939070637609344,0.14264263786327727
T101829,C1514,44,3,4414.27,13242.81,2025-06-26,2025-06,0,1,0,0,0,0,0,0,0,1,0,0,0,0,0,0,0,1,0,0,0,1,0,0,0,0,0,0,0,1,0,0,0,0,1,0,0.5,0.3333333333333333,0.8824250391869344,0.3815493213287702
T100991,C1009,70,2,3443.47,6886.94,2025-03-11,2025-03,1,0,0,0,0,0,0,1,0,0,0,0,0,0,0,0,1,0,0,0,0,0,0,1,0,0,0,0,0,0,1,0,0,0,0,1,1.0,0.16666666666666666,0.686075744551752,0.19763024274863367
T100037,C1181,54,2,355.84,711.68,2025-01-25,2025-01,0,1,0,0,0,0,0,0,1,0,0,0,0,0,0,0,0,0,0,1,0,0,0,1,0,0,0,1,0,0,0,0,0,0,1,0,0.6923076923076923,0.16666666666666666,0.06158669161146787,0.018937454948887333
T101197,C1129,37,5,1379.17,6895.85,2025-08-29,2025-08,0,0,1,0,1,0,0,0,0,0,0,0,0,0,1,0,0,0,0,0,0,0,0,0,1,1,0,0,0,0,0,0,0,1,0,0,0.36538461538461536,0.6666666666666666,0.2685604490064216,0.19788807039302367
T101662,C1487,57,2,922.63,1845.26,2025-12-29,2025-12,1,0,0,0,1,0,0,0,0,0,0,0,0,0,0,1,0,0,0,0,0,0,0,1,0,0,1,0,0,0,0,0,0,0,1,0,0.75,0.16666666666666666,0.1762228851696415,0.0517397289250497
T101629,C1434,35,7,281.43,1970.01,2025-04-01,2025-04,0,0,1,0,0,0,0,0,0,0,1,0,0,0,0,0,0,0,1,0,0,0,0,1,0,0,0,0,0,0,1,0,0,1,0,0,0.3269230769230769,1.0,0.0465368862820448,0.055349605315358506
T100845,C1340,54,7,3646.73,25527.11,2025-08-19,2025-08,1,0,0,0,0,0,0,0,0,0,0,1,0,0,0,0,0,0,1,0,1,0,0,0,0,0,0,0,0,0,1,0,0,0,1,0,0.6923076923076923,1.0,0.7271861252970622,0.7370186964106977
T100085,C1266,25,6,3379.01,20274.06,2025-03-11,2025-03,0,0,1,0,0,0,0,0,0,0,0,1,0,0,0,0,1,0,0,0,1,0,0,0,0,0,0,0,0,0,1,0,1,0,0,0,0.1346153846153846,0.8333333333333334,0.6730383779137382,0.5850117932274378
T100771,C1091,41,4,2561.54,10246.16,2025-10-21,2025-10,0,1,0,1,0,0,0,0,0,0,0,0,0,0,0,0,1,0,0,0,0,0,0,0,1,0,0,0,0,0,1,0,0,0,1,0,0.4423076923076923,0.5,0.5077008646407443,0.29483560521639435
T101097,C1486,45,5,3968.25,19841.25,2025-08-24,2025-08,0,1,0,0,0,0,0,0,0,0,1,0,0,0,0,1,0,0,0,0,1,0,0,0,0,0,0,0,1,0,0,0,0,0,1,0,0.5192307692307693,0.6666666666666666,0.7922151994741365,0.5724876200772209
T100272,C1465,66,1,4643.35,4643.35,2025-07-20,2025-07,0,1,0,0,0,0,0,0,0,0,0,0,0,1,0,0,0,1,0,0,0,1,0,0,0,0,0,0,1,0,0,0,0,0,0,1,0.9230769230769231,0.0,0.9287576477726652,0.13270773717321938
T100200,C1322,59,1,1918.41,1918.41,2025-03-13,2025-03,0,0,1,0,1,0,0,0,0,0,0,0,0,0,0,0,0,0,1,0,0,0,0,1,0,0,0,0,0,1,0,0,0,0,1,0,0.7884615384615384,0.0,0.3776245133235577,0.053856462054918154
T101351,C1146,23,2,2846.92,5693.84,2025-08-31,2025-08,0,0,1,0,0,0,0,0,0,0,0,0,0,1,0,0,1,0,0,0,1,0,0,0,0,0,0,0,1,0,0,0,1,0,0,0,0.09615384615384616,0.16666666666666666,0.5654204378823886,0.1631056453836843
T100016,C1545,62,6,1160.81,6964.86,2025-10-11,2025-10,0,1,0,0,0,0,0,0,0,1,0,0,0,0,0,0,1,0,0,0,1,0,0,0,0,0,0,1,0,0,0,0,0,0,0,1,0.8461538461538461,0.8333333333333334,0.22439601557364616,0.19988500481943816
T100969,C1447,60,3,1740.1,5220.3,2025-02-10,2025-02,0,1,0,0,1,0,0,0,0,0,0,0,0,0,1,0,0,0,0,0,1,0,0,0,0,0,1,0,0,0,0,0,0,0,1,0,0.8076923076923077,0.3333333333333333,0.34156039844263536,0.14940287291180587
T100350,C1021,50,1,2443.24,2443.24,2025-07-09,2025-07,1,0,0,0,0,0,1,0,0,0,0,0,0,0,1,0,0,0,0,0,1,0,0,0,0,0,0,0,0,0,0,1,0,0,1,0,0.6153846153846154,0.0,0.4837740810031854,0.06904340735292032
T100639,C1088,37,3,844.36,2533.08,2025-06-12,2025-06,0,0,1,0,0,0,1,0,0,0,0,0,0,0,0,0,0,0,0,1,0,0,0,1,0,0,0,0,0,1,0,0,0,1,0,0,0.36538461538461536,0.3333333333333333,0.1603923749810386,0.07164309709164052
T101454,C1296,61,5,3386.4,16932.0,2025-04-15,2025-04,0,0,1,0,0,0,0,0,0,0,1,0,0,0,0,0,0,1,0,0,1,0,0,0,0,0,0,0,0,0,1,0,0,0,0,1,0.8269230769230769,0.6666666666666666,0.6745330434342923,0.4883029877044282
T100208,C1490,44,7,1015.55,7108.85,2025-08-02,2025-08,0,0,1,0,0,0,0,0,0,0,0,0,0,1,0,0,0,1,0,0,0,1,0,0,0,0,0,1,0,0,0,0,0,0,1,0,0.5,1.0,0.1950164332305203,0.20405162687507397
T100823,C1480,70,6,3905.25,23431.5,2025-08-31,2025-08,0,1,0,1,0,0,0,0,0,0,0,0,0,0,0,0,0,0,1,0,0,0,0,1,0,0,0,0,1,0,0,0,0,0,0,1,1.0,0.8333333333333334,0.779473125347626,0.6763782710616393
T100909,C1021,26,3,4932.55,14797.65,2025-12-18,2025-12,0,1,0,0,0,0,0,0,0,0,0,0,1,0,0,0,0,1,0,0,0,0,0,1,0,0,0,0,0,1,0,0,0,1,0,0,0.15384615384615385,0.3333333333333333,0.9872498356676948,0.42654154743464384
T100389,C1127,34,2,519.27,1038.54,2025-09-08,2025-09,0,0,1,0,0,0,0,0,0,0,0,1,0,0,0,0,1,0,0,0,1,0,0,0,0,0,1,0,0,0,0,0,0,1,0,0,0.3076923076923077,0.16666666666666666,0.09464124993679526,0.028395765144769786
T100719,C1420,34,3,2625.67,7877.01,2025-12-20,2025-12,0,0,1,0,1,0,0,0,0,0,0,0,0,0,0,0,0,1,0,0,0,1,0,0,0,0,0,1,0,0,0,0,0,1,0,0,0.3076923076923077,0.3333333333333333,0.5206714870809526,0.22627978437390855
T101175,C1057,61,6,3337.79,20026.74,2025-07-22,2025-07,0,1,0,0,0,0,0,0,0,0,0,0,1,0,0,0,0,0,1,0,0,0,0,0,1,0,0,0,0,0,1,0,0,0,0,1,0.8269230769230769,0.8333333333333334,0.6647014208423926,0.5778551228558854
T100706,C1218,37,3,1107.65,3322.95,2025-07-31,2025-07,0,1,0,0,0,0,0,0,0,0,1,0,0,0,1,0,0,0,0,0,0,0,0,0,1,0,0,0,0,1,0,0,0,1,0,0,0.36538461538461536,0.3333333333333333,0.21364413207260963,0.09449947436148592
T100134,C1553,62,6,1945.42,11672.52,2025-03-12,2025-03,0,1,0,0,0,0,0,0,0,0,0,0,1,0,0,0,0,0,1,0,0,1,0,0,0,0,0,0,0,0,0,1,0,0,0,1,0.8461538461538461,0.8333333333333334,0.38308742478636804,0.33611002035131116
T100805,C1110,26,2,3635.42,7270.84,2025-02-06,2025-02,1,0,0,0,0,0,0,0,0,0,0,0,1,0,0,0,1,0,0,0,0,0,0,1,0,0,0,0,0,1,0,0,0,1,0,0,0.15384615384615385,0.16666666666666666,0.7248986196086363,0.20873911285877036
T100405,C1116,56,7,3847.25,26930.75,2025-08-16,2025-08,0,1,0,0,0,0,0,0,0,0,0,0,1,0,0,1,0,0,0,0,0,1,0,0,0,0,0,1,0,0,0,0,0,0,1,0,0.7307692307692307,1.0,0.7677423269454416,0.7776356655208624
T101823,C1182,26,6,2519.65,15117.9,2025-12-19,2025-12,1,0,0,0,0,0,0,1,0,0,0,0,0,0,0,0,1,0,0,0,1,0,0,0,0,1,0,0,0,0,0,0,0,1,0,0,0.15384615384615385,0.8333333333333334,0.4992283966223391,0.4358085848213885
T101186,C1098,49,2,3682.91,7365.82,2025-01-05,2025-01,0,0,1,0,0,0,1,0,0,0,0,0,0,0,0,0,0,1,0,0,1,0,0,0,0,0,0,0,1,0,0,0,0,0,1,0,0.5961538461538461,0.16666666666666666,0.7345037164382868,0.2114875381858367
T101126,C1152,68,1,4416.46,4416.46,2025-07-04,2025-07,1,0,0,0,0,0,0,0,0,0,0,0,1,0,0,0,0,1,0,0,1,0,0,0,0,1,0,0,0,0,0,0,0,0,0,1,0.9615384615384616,0.0,0.8828679779541891,0.12614224736001564
T101920,C1427,58,2,3346.12,6692.24,2025-07-24,2025-07,0,1,0,0,0,0,0,0,0,0,1,0,0,0,0,0,1,0,0,0,0,1,0,0,0,0,0,0,0,1,0,0,0,0,1,0,0.7692307692307693,0.16666666666666666,0.6663862061991201,0.19199623126011162
T100394,C1296,26,7,3972.3,27806.1,2025-12-26,2025-12,1,0,0,0,1,0,0,0,0,0,0,0,0,0,0,0,1,0,0,0,0,1,0,0,0,1,0,0,0,0,0,0,0,1,0,0,0.15384615384615385,1.0,0.7930343328108409,0.8029655677112978
T100206,C1138,56,7,2722.85,19059.95,2025-08-30,2025-08,0,1,0,0,0,0,0,0,0,0,1,0,0,0,0,1,0,0,0,0,0,1,0,0,0,0,0,1,0,0,0,0,0,0,1,0,0.7307692307692307,1.0,0.5403266420589573,0.5498792319109022
T100097,C1017,34,5,4856.52,24282.6,2025-09-22,2025-09,0,1,0,0,0,0,0,0,0,0,0,0,0,1,1,0,0,0,0,0,0,1,0,0,0,0,1,0,0,0,0,0,0,1,0,0,0.3076923076923077,0.6666666666666666,0.9718723770035901,0.7010064537934374
T100798,C1578,25,5,4033.28,20166.4,2025-05-26,2025-05,0,1,0,1,0,0,0,0,0,0,0,0,0,0,0,1,0,0,0,0,0,0,0,1,0,0,1,0,0,0,0,0,1,0,0,0,0.1346153846153846,0.6666666666666666,0.8053678515447237,0.5818964481999377
T101685,C1200,60,6,1674.05,10044.3,2025-12-05,2025-12,0,0,1,0,0,0,0,0,0,0,0,0,0,1,0,0,0,1,0,0,0,0,0,0,1,1,0,0,0,0,0,0,0,0,1,0,0.8076923076923077,0.8333333333333334,0.3282014461242858,0.28899440563204376
T101048,C1153,59,7,3321.39,23249.73,2025-07-31,2025-07,1,0,0,0,0,0,0,0,0,0,0,0,0,1,0,1,0,0,0,0,0,0,0,1,0,0,0,0,0,1,0,0,0,0,1,0,0.7884615384615384,1.0,0.6613844364666026,0.6711184134947741
T100662,C1001,32,1,3919.63,3919.63,2025-02-06,2025-02,1,0,0,0,0,0,0,0,1,0,0,0,0,0,0,0,0,0,0,1,0,0,0,1,0,0,0,0,0,1,0,0,0,1,0,0,0.2692307692307692,0.0,0.7823815543307883,0.11176553483899662
T101513,C1096,39,2,4150.95,8301.9,2025-03-22,2025-03,0,1,0,0,0,0,0,0,1,0,0,0,0,0,0,0,0,0,1,0,1,0,0,0,0,0,0,1,0,0,0,0,0,1,0,0,0.40384615384615385,0.16666666666666666,0.8291672144410173,0.23857477739577873
T101402,C1088,49,2,3637.26,7274.52,2025-10-03,2025-10,1,0,0,0,0,0,0,0,0,0,0,0,1,0,1,0,0,0,0,0,0,0,0,0,1,1,0,0,0,0,0,0,0,0,1,0,0.5961538461538461,0.16666666666666666,0.7252707690751884,0.20884560059517385
T101050,C1056,37,7,887.76,6214.32,2025-06-20,2025-06,0,1,0,0,0,0,0,1,0,0,0,0,0,0,0,1,0,0,0,0,0,0,0,0,1,1,0,0,0,0,0,0,0,1,0,0,0.36538461538461536,1.0,0.16917024826819033,0.17816671523240513
T100152,C1563,69,7,550.75,3855.25,2025-12-10,2025-12,0,1,0,0,0,0,0,0,0,0,0,0,1,0,0,1,0,0,0,0,0,0,0,1,0,0,0,0,0,0,0,1,0,0,0,1,0.9807692307692307,1.0,0.10100824189715325,0.10990257818963325
T100559,C1540,43,6,4931.81,29590.86,2025-04-08,2025-04,0,1,0,0,0,0,0,0,0,0,0,1,0,0,0,0,0,1,0,0,1,0,0,0,0,0,0,0,0,0,1,0,0,0,1,0,0.4807692307692308,0.8333333333333334,0.9871001668604945,0.8546109623915987
T101487,C1159,51,5,1209.17,6045.85,2025-06-03,2025-06,0,1,0,0,0,0,0,0,0,1,0,0,0,0,0,0,0,1,0,0,0,0,0,0,1,0,0,0,0,0,1,0,0,0,1,0,0.6346153846153846,0.6666666666666666,0.23417707437932955,0.17329171823460696
T101791,C1014,52,7,3481.97,24373.79,2025-11-01,2025-11,1,0,0,0,0,0,0,0,0,0,1,0,0,0,0,0,0,1,0,0,0,0,0,1,0,0,0,1,0,0,0,0,0,0,1,0,0.6538461538461539,1.0,0.693862567629064,0.7036452083267623
T100774,C1437,38,2,3250.13,6500.26,2025-10-11,2025-10,0,1,0,0,1,0,0,0,0,0,0,0,0,0,1,0,0,0,0,0,0,1,0,0,0,0,0,1,0,0,0,0,0,1,0,0,0.38461538461538464,0.16666666666666666,0.6469717348435051,0.18644092809849652
T100686,C1394,54,2,303.24,606.48,2025-09-04,2025-09,0,1,0,0,0,0,0,0,0,0,0,0,1,0,0,0,1,0,0,0,0,0,0,0,1,0,0,0,0,1,0,0,0,0,1,0,0.6923076923076923,0.16666666666666666,0.05094807099155585,0.01589329465822211
T101592,C1585,43,5,622.53,3112.65,2025-04-17,2025-04,0,0,1,0,0,0,0,0,0,1,0,0,0,0,0,1,0,0,0,0,0,1,0,0,0,0,0,0,0,1,0,0,0,0,1,0,0.4807692307692308,0.6666666666666666,0.11552611619558072,0.08841404746864472
T101506,C1414,22,4,2233.16,8932.64,2025-09-22,2025-09,0,1,0,0,0,0,0,0,0,1,0,0,0,0,0,1,0,0,0,0,0,0,0,1,0,0,1,0,0,0,0,0,1,0,0,0,0.07692307692307693,0.5,0.4412843201698943,0.2568264281727196
T100837,C1571,39,4,415.73,1662.92,2025-01-25,2025-01,1,0,0,0,0,0,0,0,0,0,0,0,0,1,1,0,0,0,0,0,0,0,0,0,1,0,0,1,0,0,0,0,0,1,0,0,0.40384615384615385,0.5,0.07369975223744754,0.046463377333795935
T100128,C1009,30,4,2078.95,8315.8,2025-08-30,2025-08,0,0,1,1,0,0,0,0,0,0,0,0,0,0,0,0,1,0,0,0,1,0,0,0,0,0,0,1,0,0,0,0,0,1,0,0,0.23076923076923078,0.5,0.4100945542802245,0.23897700009578107
T101088,C1303,64,4,1877.65,7510.6,2025-12-09,2025-12,0,1,0,0,1,0,0,0,0,0,0,0,0,0,0,0,0,1,0,0,0,0,0,1,0,0,0,0,0,0,1,0,0,0,0,1,0.8846153846153846,0.5,0.36938059361885023,0.2156770203805374
T101417,C1114,49,2,388.67,777.34,2025-03-22,2025-03,0,1,0,0,0,0,0,0,0,0,0,0,1,0,0,1,0,0,0,0,0,0,0,1,0,0,0,1,0,0,0,0,0,0,1,0,0.5961538461538461,0.16666666666666666,0.06822672801739395,0.020837450810912792
T101889,C1092,48,7,528.58,3700.06,2025-10-02,2025-10,0,1,0,0,0,0,1,0,0,0,0,0,0,0,0,0,1,0,0,0,0,0,0,0,1,0,0,0,0,1,0,0,0,0,1,0,0.5769230769230769,1.0,0.09652424533549073,0.1054118630232042
T101222,C1276,45,2,952.14,1904.28,2025-04-28,2025-04,0,1,0,1,0,0,0,0,0,0,0,0,0,0,0,0,0,0,1,0,0,1,0,0,0,0,1,0,0,0,0,0,0,0,1,0,0.5192307692307693,0.16666666666666666,0.18219143449461495,0.05344758387139059
T101299,C1526,64,3,4630.51,13891.53,2025-09-06,2025-09,0,0,1,0,0,0,0,0,1,0,0,0,0,0,0,0,0,0,1,0,0,0,0,1,0,0,0,1,0,0,0,0,0,0,0,1,0.8846153846153846,0.3333333333333333,0.9261606917125954,0.4003212572960738
T101563,C1048,60,1,2687.98,2687.98,2025-09-10,2025-09,0,0,1,0,0,0,0,0,1,0,0,0,0,0,0,0,1,0,0,0,0,0,0,1,0,0,0,0,0,0,0,1,0,0,1,0,0.8076923076923077,0.0,0.5332740051575061,0.0761254205614508
T100278,C1551,40,5,2504.3,12521.5,2025-02-08,2025-02,0,1,0,0,0,0,0,0,0,1,0,0,0,0,0,0,0,1,0,0,1,0,0,0,0,0,0,1,0,0,0,0,0,1,0,0,0.4230769230769231,0.6666666666666666,0.49612378014865754,0.36067685688713774
T101412,C1360,67,5,853.84,4269.2,2025-10-07,2025-10,1,0,0,0,1,0,0,0,0,0,0,0,0,0,0,0,0,1,0,0,0,0,0,1,0,0,0,0,0,0,1,0,0,0,0,1,0.9423076923076923,0.6666666666666666,0.16230975375436113,0.12188100169078218
T100197,C1282,47,6,4401.18,26407.08,2025-04-30,2025-04,1,0,0,0,0,0,0,0,0,0,0,1,0,0,0,0,1,0,0,0,1,0,0,0,0,0,0,0,0,0,0,1,0,0,1,0,0.5576923076923077,0.8333333333333334,0.8797775193406483,0.7624822870093353
T101817,C1053,67,2,2793.39,5586.78,2025-07-11,2025-07,0,0,1,0,0,0,1,0,0,0,0,0,0,0,0,0,1,0,0,0,0,0,0,1,0,1,0,0,0,0,0,0,0,0,0,1,0.9423076923076923,0.16666666666666666,0.5545937199777519,0.16000766248711945
T101489,C1345,39,6,1590.37,9542.22,2025-09-20,2025-09,0,0,1,0,0,0,0,0,0,0,0,0,0,1,0,0,0,0,0,1,0,0,0,1,0,0,0,1,0,0,0,0,0,1,0,0,0.40384615384615385,0.8333333333333334,0.3112767356019619,0.2744657744653404
T101867,C1037,33,7,2104.07,14728.49,2025-01-26,2025-01,0,1,0,0,0,0,0,0,0,0,0,1,0,0,0,0,0,1,0,0,0,0,0,1,0,0,0,0,1,0,0,0,0,1,0,0,0.28846153846153844,1.0,0.41517520351923953,0.42454027247549553
T100807,C1419,24,4,2360.31,9441.24,2025-07-13,2025-07,1,0,0,0,0,0,0,1,0,0,0,0,0,0,1,0,0,0,0,0,0,0,0,1,0,0,0,0,1,0,0,0,1,0,0,0,0.11538461538461539,0.5,0.4670010618395105,0.2715437278289205
T101854,C1091,67,4,3961.7,15846.8,2025-05-15,2025-05,0,1,0,0,0,0,0,0,0,0,0,0,0,1,0,1,0,0,0,0,0,1,0,0,0,0,0,0,0,1,0,0,0,0,0,1,0.9423076923076923,0.5,0.7908904282752692,0.45690068021935315
T100410,C1001,34,5,2910.54,14552.7,2025-02-15,2025-02,0,1,0,1,0,0,0,0,0,0,0,0,0,0,1,0,0,0,0,0,0,1,0,0,0,0,0,1,0,0,0,0,0,1,0,0,0.3076923076923077,0.6666666666666666,0.5782879101987156,0.41945345748028606
T101358,C1567,23,5,1560.42,7802.1,2025-07-07,2025-07,1,0,0,0,0,0,0,0,0,0,0,0,0,1,0,0,0,1,0,0,0,0,0,0,1,0,1,0,0,0,0,0,1,0,0,0,0.09615384615384616,0.6666666666666666,0.30521919401324776,0.22411212232662972
T100773,C1529,31,2,3195.49,6390.98,2025-10-07,2025-10,0,0,1,1,0,0,0,0,0,0,0,0,0,0,0,1,0,0,0,0,0,0,0,1,0,0,0,0,0,0,1,0,0,1,0,0,0.25,0.16666666666666666,0.6359205137280679,0.1832787053174709
T100689,C1534,54,6,1775.61,10653.66,2025-05-14,2025-05,0,0,1,0,0,0,0,0,1,0,0,0,0,0,0,0,0,1,0,0,0,0,0,1,0,0,0,0,0,0,0,1,0,0,1,0,0.6923076923076923,0.8333333333333334,0.3487424786368003,0.3066273858099883
T100961,C1507,65,6,1763.12,10578.72,2025-10-28,2025-10,1,0,0,0,1,0,0,0,0,0,0,0,0,0,0,0,0,0,1,0,0,1,0,0,0,0,0,0,0,0,1,0,0,0,0,1,0.9038461538461539,0.8333333333333334,0.3462163118774334,0.30445885565616265
T101933,C1027,66,1,3507.43,3507.43,2025-01-14,2025-01,0,1,0,0,0,0,0,0,0,0,1,0,0,0,0,0,0,1,0,0,1,0,0,0,0,0,0,0,0,0,1,0,0,0,0,1,0.9230769230769231,0.0,0.6990119836173332,0.09983775088640913
T101942,C1452,30,5,3403.89,17019.45,2025-03-11,2025-03,1,0,0,0,0,0,0,0,0,1,0,0,0,0,0,0,0,1,0,0,0,0,0,1,0,0,0,0,0,0,1,0,0,1,0,0,0.23076923076923078,0.6666666666666666,0.6780704859179855,0.4908335182882559
T101820,C1453,21,3,3478.64,10435.92,2025-05-08,2025-05,1,0,0,0,0,0,0,0,0,0,1,0,0,0,0,0,0,1,0,0,0,0,0,0,1,0,0,0,0,1,0,0,1,0,0,0,0.057692307692307696,0.3333333333333333,0.6931890579966627,0.30032666849354867
T100675,C1101,46,4,2504.3,10017.2,2025-10-24,2025-10,0,1,0,0,0,0,1,0,0,0,0,0,0,0,0,0,0,0,0,1,0,0,0,0,1,1,0,0,0,0,0,0,0,0,1,0,0.5384615384615384,0.5,0.49612378014865754,0.2882102160514637
T101262,C1483,18,7,4193.81,29356.67,2025-12-21,2025-12,0,1,0,0,0,0,0,0,0,0,1,0,0,0,1,0,0,0,0,0,0,0,0,1,0,0,0,0,1,0,0,0,1,0,0,0,0.0,1.0,0.8378358699499419,0.8478342333186815
T100078,C1474,70,2,1317.51,2635.02,2025-01-19,2025-01,0,0,1,0,0,0,0,0,0,0,0,0,1,0,0,0,0,0,0,1,1,0,0,0,0,0,0,0,1,0,0,0,0,0,0,1,1.0,0.16666666666666666,0.2560893967740305,0.07459292313755699
T100217,C1109,70,1,1034.36,1034.36,2025-11-14,2025-11,0,1,0,0,0,0,0,0,1,0,0,0,0,0,0,1,0,0,0,0,0,1,0,0,0,1,0,0,0,0,0,0,0,0,0,1,1.0,0.0,0.19882085250543557,0.02827480896592016
T101445,C1043,42,5,3134.69,15673.45,2025-03-17,2025-03,0,0,1,0,0,0,0,0,0,1,0,0,0,0,0,0,0,1,0,0,1,0,0,0,0,0,1,0,0,0,0,0,0,0,1,0,0.46153846153846156,0.6666666666666666,0.6236234009202609,0.4518844712232808
T101654,C1214,31,7,1729.06,12103.42,2025-11-20,2025-11,1,0,0,0,0,0,0,0,0,0,0,1,0,0,0,0,1,0,0,0,1,0,0,0,0,0,0,0,0,1,0,0,0,1,0,0,0.25,1.0,0.33932750164332304,0.3485789240513838
T100179,C1573,36,7,162.39,1136.73,2025-04-01,2025-04,1,0,0,0,0,0,0,0,0,0,0,0,1,0,0,0,0,0,1,0,1,0,0,0,0,0,0,0,0,0,1,0,0,1,0,0,0.34615384615384615,1.0,0.022460433837285732,0.031237077872340303
T100989,C1179,41,3,546.1,1638.3,2025-12-12,2025-12,1,0,0,1,0,0,0,0,0,0,0,0,0,0,0,0,0,0,0,1,0,1,0,0,0,1,0,0,0,0,0,0,0,0,1,0,0.4423076923076923,0.3333333333333333,0.10006775547352986,0.04575095122774862
T101178,C1346,41,6,4087.84,24527.04,2025-12-31,2025-12,0,0,1,0,0,0,0,0,0,0,0,0,1,0,0,0,1,0,0,0,0,0,0,0,1,0,0,0,0,0,0,1,0,0,1,0,0.4423076923076923,0.8333333333333334,0.8164028922485715,0.7080797859365002
T100186,C1323,40,7,3016.97,21118.79,2025-10-07,2025-10,0,0,1,0,0,0,0,0,0,0,1,0,0,0,0,0,1,0,0,0,0,0,0,0,1,0,0,0,0,0,1,0,0,1,0,0,0.4230769230769231,1.0,0.599813925266724,0.6094556480024723
T100632,C1338,43,4,2349.75,9399.0,2025-06-07,2025-06,1,0,0,0,0,0,0,0,1,0,0,0,0,0,1,0,0,0,0,0,0,0,0,1,0,0,0,1,0,0,0,0,0,0,1,0,0.4807692307692308,0.5,0.4648652475097335,0.27032143381107165
T100783,C1455,19,3,889.34,2668.02,2025-01-15,2025-01,0,1,0,0,1,0,0,0,0,0,0,0,0,0,0,0,0,0,1,0,0,0,0,0,1,0,0,0,0,0,0,1,1,0,0,0,0.019230769230769232,0.3333333333333333,0.16948981139707742,0.0755478403390014
T101890,C1475,35,1,3083.17,3083.17,2025-11-03,2025-11,0,0,1,1,0,0,0,0,0,0,0,0,0,0,1,0,0,0,0,0,0,0,0,1,0,0,1,0,0,0,0,0,0,1,0,0,0.3269230769230769,0.0,0.6132032158568034,0.08756098810202105
T100760,C1022,28,5,4500.7,22503.5,2025-06-18,2025-06,0,1,0,0,0,0,0,0,0,0,0,1,0,0,0,1,0,0,0,0,0,0,0,1,0,0,0,0,0,0,0,1,0,1,0,0,0.19230769230769232,0.6666666666666666,0.8999059513576376,0.6495248418816266
T100537,C1094,43,7,2504.3,17530.1,2025-08-20,2025-08,0,0,1,0,0,0,0,0,0,0,0,0,1,0,0,0,0,1,0,0,0,0,0,1,0,0,0,0,0,0,0,1,0,0,1,0,0.4807692307692308,1.0,0.49612378014865754,0.5056101385584858
T101275,C1487,49,5,1320.4,6602.0,2025-09-04,2025-09,0,1,0,0,0,0,1,0,0,0,0,0,0,0,0,0,1,0,0,0,0,0,0,1,0,0,0,0,0,1,0,0,0,0,1,0,0.5961538461538461,0.6666666666666666,0.25667391414269103,0.18938496676743455
T101283,C1437,19,4,2154.28,8617.12,2025-05-09,2025-05,1,0,0,0,0,0,0,0,1,0,0,0,0,0,0,0,0,1,0,0,0,0,0,0,1,1,0,0,0,0,0,0,1,0,0,0,0.019230769230769232,0.5,0.4253304343429236,0.24769626225151536
T101726,C1348,20,4,278.75,1115.0,2025-01-14,2025-01,0,1,0,0,0,0,1,0,0,0,0,0,0,0,1,0,0,0,0,0,1,0,0,0,0,0,0,0,0,0,1,0,1,0,0,0,0.038461538461538464,0.5,0.045994842493805935,0.0306082793636316
T100605,C1002,62,2,2504.3,5008.6,2025-04-13,2025-04,0,0,1,0,0,0,0,0,1,0,0,0,0,0,0,0,0,0,0,1,0,0,0,0,1,0,0,0,1,0,0,0,0,0,0,1,0.8461538461538461,0.16666666666666666,0.49612378014865754,0.14327693438011552
T101215,C1146,32,4,4686.44,18745.76,2025-08-16,2025-08,0,1,0,0,0,0,0,0,1,0,0,0,0,0,0,1,0,0,0,0,0,0,0,1,0,0,0,1,0,0,0,0,0,1,0,0,0.2692307692307692,0.5,0.9374728219649087,0.5407875520466044
T100244,C1511,47,4,722.32,2889.28,2025-12-24,2025-12,0,1,0,0,0,0,0,0,1,0,0,0,0,0,0,0,1,0,0,0,0,0,0,1,0,0,0,0,0,0,0,1,0,0,1,0,0.5576923076923077,0.5,0.13570915710168377,0.08195041549026173
T100933,C1489,38,6,2403.62,14421.72,2025-12-19,2025-12,0,1,0,0,0,0,1,0,0,0,0,0,0,0,0,1,0,0,0,0,0,0,0,1,0,1,0,0,0,0,0,0,0,1,0,0,0.38461538461538464,0.8333333333333334,0.47576073216362436,0.41566330429709847
T101928,C1333,61,1,730.66,730.66,2025-08-13,2025-08,0,1,0,0,0,0,0,0,0,0,1,0,0,0,0,0,0,0,1,0,1,0,0,0,0,0,0,0,0,0,0,1,0,0,0,1,0.8269230769230769,0.0,0.13739596500985993,0.01948667702414233
T100840,C1297,21,3,3919.44,11758.32,2025-01-08,2025-01,0,0,1,0,0,0,0,0,0,0,0,0,0,1,0,0,0,0,1,0,0,1,0,0,0,0,0,0,0,0,0,1,1,0,0,0,0.057692307692307696,0.3333333333333333,0.7823431258532638,0.3385928050750666
T101827,C1249,60,3,809.42,2428.26,2025-06-12,2025-06,1,0,0,0,0,0,0,0,1,0,0,0,0,0,0,0,0,0,1,0,1,0,0,0,0,0,0,0,0,1,0,0,0,0,1,0,0.8076923076923077,0.3333333333333333,0.1533255802194468,0.06860993281723436
T100248,C1084,49,6,4512.94,27077.64,2025-01-31,2025-01,1,0,0,0,0,0,0,0,0,0,0,0,0,1,0,1,0,0,0,0,0,0,0,1,0,1,0,0,0,0,0,0,0,0,1,0,0.5961538461538461,0.8333333333333334,0.9023815543307881,0.7818862045426858
T101323,C1490,55,1,2193.38,2193.38,2025-01-30,2025-01,0,1,0,0,0,0,0,0,0,0,0,1,0,0,0,0,0,1,0,0,0,1,0,0,0,0,0,0,0,1,0,0,0,0,1,0,0.7115384615384616,0.0,0.4332386105071548,0.06181323729374151
T101462,C1370,31,7,4487.9,31415.3,2025-02-02,2025-02,0,0,1,0,0,0,0,0,0,0,0,0,0,1,0,0,1,0,0,0,0,1,0,0,0,0,0,0,1,0,0,0,0,1,0,0,0.25,1.0,0.8973170855033624,0.9074045726644243
T101086,C1038,62,5,2265.76,11328.8,2025-10-19,2025-10,0,1,0,0,0,0,0,0,0,0,0,0,1,0,0,0,1,0,0,0,1,0,0,0,0,0,0,0,1,0,0,0,0,0,0,1,0.8461538461538461,0.6666666666666666,0.4478778378925014,0.32616383427614526
T101329,C1004,67,4,1380.72,5522.88,2025-04-16,2025-04,0,0,1,0,0,0,0,0,0,0,0,0,1,0,0,0,0,1,0,0,0,1,0,0,0,0,0,0,0,0,0,1,0,0,0,1,0.9423076923076923,0.5,0.26887394448096275,0.1581585955425044
T100384,C1594,38,7,3956.96,27698.72,2025-12-25,2025-12,0,0,1,0,0,0,0,0,0,0,0,1,0,0,1,0,0,0,0,0,1,0,0,0,0,0,0,0,0,1,0,0,0,1,0,0,0.38461538461538464,1.0,0.7899317388886079,0.7998583250115675
T101244,C1340,21,5,431.83,2159.15,2025-10-29,2025-10,0,0,1,1,0,0,0,0,0,0,0,0,0,0,1,0,0,0,0,0,0,0,0,1,0,0,0,0,0,0,0,1,1,0,0,0,0.057692307692307696,0.6666666666666666,0.07695606006977802,0.06082272772387962
T100361,C1198,38,1,3265.77,3265.77,2025-04-02,2025-04,0,1,0,0,0,0,1,0,0,0,0,0,0,0,0,0,0,0,0,1,0,0,0,0,1,0,0,0,0,0,0,1,0,1,0,0,0.38461538461538464,0.0,0.6501350053091975,0.09284486328334679
T101076,C1460,30,7,3769.56,26386.92,2025-08-31,2025-08,1,0,0,0,0,0,0,0,0,0,0,0,0,1,0,0,0,1,0,0,0,0,0,1,0,0,0,0,1,0,0,0,0,1,0,0,0.23076923076923078,1.0,0.7520291247408606,0.7618989194099074
T100988,C1235,28,7,432.02,3024.14,2025-07-11,2025-07,0,1,0,0,1,0,0,0,0,0,0,0,0,0,0,0,0,0,1,0,0,1,0,0,0,1,0,0,0,0,0,0,0,1,0,0,0.19230769230769232,1.0,0.07699448854730241,0.08585284378683122
T101988,C1312,52,2,2936.33,5872.66,2025-02-18,2025-02,0,0,1,0,0,0,0,0,0,0,1,0,0,0,0,0,0,1,0,0,1,0,0,0,0,0,0,0,0,0,1,0,0,0,1,0,0.6538461538461539,0.16666666666666666,0.5835040703847904,0.1682801391401173
T101610,C1182,43,1,4736.58,4736.58,2025-12-19,2025-12,0,0,1,0,1,0,0,0,0,0,0,0,0,0,1,0,0,0,0,0,0,0,0,1,0,1,0,0,0,0,0,0,0,0,1,0,0.4807692307692308,0.0,0.9476138949284522,0.1354055229517243
T101143,C1381,51,7,503.44,3524.08,2025-03-17,2025-03,0,1,0,0,0,0,0,0,0,0,0,1,0,0,0,0,0,1,0,0,0,0,0,0,1,0,1,0,0,0,0,0,0,0,1,0,0.6346153846153846,1.0,0.09143955099357841,0.10031955001986517
T100144,C1472,50,6,3250.91,19505.46,2025-02-08,2025-02,1,0,0,0,0,0,1,0,0,0,0,0,0,0,0,0,0,1,0,0,1,0,0,0,0,0,0,1,0,0,0,0,0,0,1,0,0.6153846153846154,0.8333333333333334,0.6471294938564999,0.5627709034992506
T101561,C1484,61,2,3266.32,6532.64,2025-07-07,2025-07,0,0,1,0,0,0,0,0,0,0,1,0,0,0,0,0,0,1,0,0,1,0,0,0,0,0,1,0,0,0,0,0,0,0,0,1,0.8269230769230769,0.16666666666666666,0.6502462456388735,0.18737790443130775
T100635,C1499,19,7,2889.9,20229.3,2025-06-20,2025-06,0,1,0,0,0,0,1,0,0,0,0,0,0,0,1,0,0,0,0,0,1,0,0,0,0,1,0,0,0,0,0,0,1,0,0,0,0.019230769230769232,1.0,0.574113364008697,0.5837165782596604
T100901,C1161,35,4,1290.55,5162.2,2025-05-27,2025-05,0,0,1,0,0,0,0,1,0,0,0,0,0,0,0,0,0,0,1,0,0,0,0,1,0,0,0,0,0,0,1,0,0,1,0,0,0.3269230769230769,0.5,0.2506365980684634,0.14772163989956585
T101035,C1425,52,2,3644.24,7288.48,2025-01-11,2025-01,1,0,0,0,0,0,0,0,1,0,0,0,0,0,0,0,0,0,1,0,0,0,0,1,0,0,0,1,0,0,0,0,0,0,1,0,0.6538461538461539,0.16666666666666666,0.7266825099863478,0.2092495595082697
T100275,C1468,46,7,548.39,3838.73,2025-09-15,2025-09,0,1,0,0,0,0,0,0,1,0,0,0,0,0,0,0,1,0,0,0,0,0,0,0,1,0,1,0,0,0,0,0,0,0,1,0,0.5384615384615384,1.0,0.10053091975527127,0.1094245408512132
T100516,C1200,66,1,1603.65,1603.65,2025-10-26,2025-10,0,1,0,0,0,0,0,0,1,0,0,0,0,0,0,0,0,1,0,0,1,0,0,0,0,0,0,0,1,0,0,0,0,0,0,1,0.9230769230769231,0.0,0.3139626839257724,0.04474828816623199
T101556,C1161,32,3,610.4,1831.2,2025-11-04,2025-11,0,0,1,1,0,0,0,0,0,0,0,0,0,0,0,1,0,0,0,0,1,0,0,0,0,0,0,0,0,0,1,0,0,1,0,0,0.2692307692307692,0.3333333333333333,0.11307276128836526,0.0513328763234646
T101484,C1299,69,6,347.86,2087.16,2025-05-04,2025-05,0,1,0,0,0,0,0,1,0,0,0,0,0,0,1,0,0,0,0,0,0,0,0,0,1,0,0,0,1,0,0,0,0,0,0,1,0.9807692307692307,0.8333333333333334,0.05997269555544319,0.05873956138048617
T101196,C1364,29,6,1027.33,6163.98,2025-07-26,2025-07,0,0,1,0,0,0,0,0,1,0,0,0,0,0,0,0,0,0,0,1,0,0,0,1,0,0,0,1,0,0,0,0,0,1,0,0,0.21153846153846154,0.8333333333333334,0.1973989988370329,0.176710032446929
T100261,C1590,67,3,1945.39,5836.17,2025-03-11,2025-03,0,0,1,0,0,0,0,0,0,1,0,0,0,0,0,0,1,0,0,0,1,0,0,0,0,0,0,0,0,0,1,0,0,0,0,1,0.9423076923076923,0.3333333333333333,0.38308135713202207,0.16722423221039895
T100590,C1030,18,2,4335.9,8671.8,2025-11-08,2025-11,0,0,1,0,0,0,0,0,0,0,0,0,0,1,0,1,0,0,0,0,0,1,0,0,0,0,0,1,0,0,0,0,1,0,0,0,0.0,0.16666666666666666,0.8665743034838448,0.24927853111742382
T100269,C1145,40,2,2233.51,4467.02,2025-12-19,2025-12,0,0,1,0,0,0,0,0,0,1,0,0,0,0,0,0,0,0,1,0,0,0,0,1,0,1,0,0,0,0,0,0,0,1,0,0,0.4230769230769231,0.16666666666666666,0.4413551094705972,0.12760529626016806
T100877,C1537,26,6,1983.48,11900.88,2025-06-19,2025-06,0,0,1,0,0,0,0,0,0,0,0,1,0,0,0,0,0,1,0,0,0,0,0,0,1,0,0,0,0,1,0,0,0,1,0,0,0.15384615384615385,0.8333333333333334,0.3907852555999393,0.3427180473853065
T100470,C1387,67,1,57.24,57.24,2025-05-02,2025-05,0,1,0,0,0,0,0,0,1,0,0,0,0,0,0,0,0,1,0,0,0,0,0,1,0,1,0,0,0,0,0,0,0,0,0,1,0.9423076923076923,0.0,0.00119330535470496,0.0
T100940,C1100,36,1,3855.86,3855.86,2025-09-06,2025-09,0,0,1,0,0,0,0,1,0,0,0,0,0,0,0,1,0,0,0,0,0,1,0,0,0,0,0,1,0,0,0,0,0,1,0,0,0.34615384615384615,0.0,0.7694837437427314,0.10992022968941753
T100849,C1200,58,4,4085.19,16340.76,2025-01-03,2025-01,1,0,0,0,0,0,1,0,0,0,0,0,0,0,0,0,0,1,0,0,1,0,0,0,0,1,0,0,0,0,0,0,0,0,1,0,0.7692307692307693,0.5,0.8158669161146787,0.4711943438807314
T101399,C1445,49,1,4171.46,4171.46,2025-04-06,2025-04,0,0,1,0,0,0,0,0,0,0,1,0,0,0,0,0,0,1,0,0,0,0,0,1,0,0,0,0,1,0,0,0,0,0,1,0,0.5961538461538461,0.0,0.8333154674622035,0.11905271056141319
T101210,C1443,18,4,2909.16,11636.64,2025-07-27,2025-07,0,1,0,0,0,0,0,0,0,0,0,0,1,0,0,0,1,0,0,0,0,0,0,0,1,0,0,0,1,0,0,0,1,0,0,0,0.0,0.5,0.5780087980988016,0.335071764921377
T101284,C1016,27,6,2381.19,14287.14,2025-05-03,2025-05,1,0,0,0,0,0,0,0,0,1,0,0,0,0,1,0,0,0,0,0,0,0,1,0,0,0,0,1,0,0,0,0,0,1,0,0,0.17307692307692307,0.8333333333333334,0.4712241492642969,0.4117689783282988
T100815,C1007,45,7,4278.24,29947.68,2025-03-07,2025-03,0,1,0,0,0,0,0,0,0,0,0,0,1,0,0,0,0,0,0,1,0,0,0,0,1,1,0,0,0,0,0,0,0,0,1,0,0.5192307692307693,1.0,0.8549122718309147,0.8649362216588532
T100466,C1102,53,2,3624.43,7248.86,2025-02-13,2025-02,0,1,0,0,0,0,0,0,0,0,1,0,0,0,0,0,1,0,0,0,1,0,0,0,0,0,0,0,0,1,0,0,0,0,1,0,0.6730769230769231,0.16666666666666666,0.7226758355665671,0.20810308012883857
T100707,C1325,52,5,3166.22,15831.1,2025-03-01,2025-03,0,1,0,0,0,0,0,0,1,0,0,0,0,0,0,0,1,0,0,0,0,1,0,0,0,0,0,1,0,0,0,0,0,0,1,0,0.6538461538461539,0.6666666666666666,0.6300005056378621,0.45644637112654474
T100887,C1592,42,7,4281.23,29968.61,2025-11-23,2025-11,1,0,0,0,0,0,0,0,1,0,0,0,0,0,0,0,0,0,1,0,0,0,0,1,0,0,0,0,1,0,0,0,0,0,1,0,0.46153846153846156,1.0,0.8555170147140617,0.865541870659648
T101948,C1599,43,3,3663.96,10991.88,2025-05-05,2025-05,0,1,0,0,0,0,0,0,1,0,0,0,0,0,0,1,0,0,0,0,1,0,0,0,0,0,1,0,0,0,0,0,0,0,1,0,0.4807692307692308,0.3333333333333333,0.7306709814430904,0.3164144190182467
T100489,C1188,40,2,562.58,1125.16,2025-09-23,2025-09,0,0,1,0,0,0,0,0,0,0,0,0,0,1,0,0,0,0,0,1,0,0,0,1,0,0,0,0,0,0,1,0,0,1,0,0,0.4230769230769231,0.16666666666666666,0.10340092026090913,0.030902278114136914
T100767,C1058,20,4,102.13,408.52,2025-04-22,2025-04,0,0,1,0,0,0,0,0,0,1,0,0,0,0,0,0,0,0,1,0,0,0,0,0,1,0,0,0,0,0,1,0,1,0,0,0,0.038461538461538464,0.5,0.010272538807705919,0.01016494892495132
T101985,C1041,49,7,3132.56,21927.92,2025-02-05,2025-02,0,1,0,0,0,0,0,0,1,0,0,0,0,0,0,0,0,0,1,0,1,0,0,0,0,0,0,0,0,0,0,1,0,0,1,0,0.5961538461538461,1.0,0.6231925974616979,0.6328693496753425
T101656,C1007,35,6,4755.54,28533.24,2025-10-22,2025-10,1,0,0,0,0,1,0,0,0,0,0,0,0,0,0,0,1,0,0,0,0,1,0,0,0,0,0,0,0,0,0,1,0,1,0,0,0.3269230769230769,0.8333333333333334,0.9514486524750972,0.8240067341918521
T101029,C1034,40,3,785.59,2356.77,2025-09-08,2025-09,1,0,0,0,0,0,0,0,0,0,0,1,0,0,0,0,0,0,0,1,0,0,0,0,1,0,1,0,0,0,0,0,0,1,0,0,0.4230769230769231,0.3333333333333333,0.148505840117308,0.06654123491628704
T101444,C1472,58,7,2401.38,16809.66,2025-02-23,2025-02,0,0,1,0,0,0,0,0,0,0,0,0,0,1,1,0,0,0,0,0,0,1,0,0,0,0,0,0,1,0,0,0,0,0,1,0,0.7692307692307693,1.0,0.47530768063912626,0.4847628492067097
T101259,C1112,37,3,4789.07,14367.21,2025-09-15,2025-09,0,0,1,0,0,0,0,0,0,0,1,0,0,0,0,1,0,0,0,0,0,0,0,1,0,0,1,0,0,0,0,0,0,1,0,0,0.36538461538461536,0.3333333333333333,0.958230267482429,0.41408595470162163
T100333,C1475,70,5,1720.08,8600.4,2025-03-23,2025-03,0,1,0,0,0,0,0,0,0,0,0,0,1,0,0,0,0,0,1,0,0,0,0,1,0,0,0,0,1,0,0,0,0,0,0,1,1.0,0.6666666666666666,0.33751125044243313,0.24721243753611682
T101018,C1579,22,6,2503.27,15019.62,2025-01-06,2025-01,0,1,0,0,0,0,0,0,1,0,0,0,0,0,0,0,0,1,0,0,0,1,0,0,0,0,1,0,0,0,0,0,1,0,0,0,0.07692307692307693,0.8333333333333334,0.4959154573494463,0.43296466777417775
T100254,C1030,38,2,2946.88,5893.76,2025-12-31,2025-12,1,0,0,0,0,0,0,0,1,0,0,0,0,0,0,0,1,0,0,0,0,0,0,0,1,0,0,0,0,0,0,1,0,1,0,0,0.38461538461538464,0.16666666666666666,0.5856378621631187,0.1688907074113439
T101338,C1424,57,6,4849.57,29097.42,2025-07-04,2025-07,1,0,0,0,0,0,0,0,0,0,0,0,0,1,0,0,0,0,1,0,0,0,0,1,0,1,0,0,0,0,0,0,0,0,1,0,0.75,0.8333333333333334,0.9704667037467765,0.8403323459103644
T101359,C1345,30,5,970.91,4854.55,2025-09-04,2025-09,1,0,0,0,0,0,0,0,0,1,0,0,0,0,0,1,0,0,0,0,0,0,0,0,1,0,0,0,0,1,0,0,0,1,0,0,0.23076923076923078,0.6666666666666666,0.18598776356373564,0.13881920726246363
T101707,C1238,67,2,2946.05,5892.1,2025-02-18,2025-02,0,0,1,0,0,0,1,0,0,0,0,0,0,0,1,0,0,0,0,0,0,0,0,0,1,0,0,0,0,0,1,0,0,0,0,1,0.9423076923076923,0.16666666666666666,0.5854699903928806,0.16884267218242277
T100004,C1323,45,7,3983.22,27882.54,2025-07-04,2025-07,0,1,0,0,0,0,0,0,0,0,1,0,0,0,0,1,0,0,0,0,1,0,0,0,0,1,0,0,0,0,0,0,0,0,1,0,0.5192307692307693,1.0,0.7952429589927693,0.8051775031924617
T100436,C1192,30,1,4388.65,4388.65,2025-04-27,2025-04,0,1,0,0,0,0,0,0,1,0,0,0,0,0,0,1,0,0,0,0,1,0,0,0,0,0,0,0,1,0,0,0,0,1,0,0,0.23076923076923078,0.0,0.8772432623754866,0.12533751259116202
T100075,C1516,54,4,1761.14,7044.56,2025-12-05,2025-12,1,0,0,0,0,0,1,0,0,0,0,0,0,0,0,0,1,0,0,0,0,0,0,0,1,1,0,0,0,0,0,0,0,0,1,0,0.6923076923076923,0.5,0.3458158466906002,0.2021912745453509
T100894,C1415,55,2,2816.42,5632.84,2025-07-27,2025-07,0,0,1,0,1,0,0,0,0,0,0,0,0,0,0,1,0,0,0,0,1,0,0,0,0,0,0,0,1,0,0,0,0,0,1,0,0.7115384615384616,0.16666666666666666,0.5592516559639986,0.16134049540525675
T100122,C1378,56,4,1954.52,7818.08,2025-01-22,2025-01,0,0,1,0,0,0,0,0,0,0,0,0,1,0,0,0,1,0,0,0,1,0,0,0,0,0,0,0,0,0,0,1,0,0,1,0,0.7307692307692307,0.5,0.38492794660464175,0.22457453374720796
T100676,C1169,25,5,399.98,1999.9,2025-12-19,2025-12,0,1,0,0,0,0,0,1,0,0,0,0,0,0,0,0,0,0,0,1,0,0,0,0,1,1,0,0,0,0,0,0,1,0,0,0,0.1346153846153846,0.6666666666666666,0.07051423370581988,0.056214528804788014
T100833,C1563,66,7,2671.68,18701.76,2025-03-10,2025-03,0,0,1,0,0,0,0,0,0,0,1,0,0,0,0,0,0,1,0,0,0,1,0,0,0,0,1,0,0,0,0,0,0,0,0,1,0.9230769230769231,1.0,0.5299772462962026,0.5395143291113452
T100752,C1123,36,6,1404.34,8426.04,2025-07-06,2025-07,1,0,0,0,0,0,0,0,0,0,1,0,0,0,0,0,1,0,0,0,1,0,0,0,0,0,0,0,1,0,0,0,0,1,0,0,0.34615384615384615,0.8333333333333334,0.27365121100267986,0.2421670022863033
T100178,C1313,57,4,486.82,1947.28,2025-12-28,2025-12,1,0,0,0,0,0,1,0,0,0,0,0,0,0,0,0,1,0,0,0,0,1,0,0,0,0,0,0,1,0,0,0,0,0,1,0,0.75,0.5,0.088078070485918,0.054691869921757556
T101735,C1581,28,7,3688.21,25817.47,2025-04-19,2025-04,0,1,0,0,0,0,0,0,0,0,0,0,1,0,0,0,0,0,1,0,0,0,0,0,1,0,0,1,0,0,0,0,0,1,0,0,0.19230769230769232,1.0,0.7355756687060727,0.7454208103080129
T101165,C1139,27,7,2810.37,19672.59,2025-01-12,2025-01,0,0,1,1,0,0,0,0,0,0,0,0,0,0,0,1,0,0,0,0,0,0,0,1,0,0,0,0,1,0,0,0,0,1,0,0,0.17307692307692307,1.0,0.5580280123375638,0.5676071250712932
T101475,C1600,57,2,3662.31,7324.62,2025-08-07,2025-08,0,0,1,0,0,0,0,0,1,0,0,0,0,0,0,0,0,0,1,0,0,0,0,1,0,0,0,0,0,1,0,0,0,0,1,0,0.75,0.16666666666666666,0.7303372604540628,0.2102953385282758
T100543,C1284,23,7,3042.86,21300.02,2025-04-12,2025-04,0,1,0,0,0,0,0,1,0,0,0,0,0,0,0,0,1,0,0,0,1,0,0,0,0,0,0,1,0,0,0,0,1,0,0,0,0.09615384615384616,1.0,0.6050503109672852,0.6146998796514956
T101639,C1235,31,5,1108.9,5544.5,2025-09-03,2025-09,0,0,1,1,0,0,0,0,0,0,0,0,0,0,0,0,0,1,0,0,0,0,0,0,1,0,0,0,0,0,0,1,0,1,0,0,0.25,0.6666666666666666,0.2138969510036912,0.15878421099387494
T101001,C1492,46,4,3004.95,12019.8,2025-07-23,2025-07,0,1,0,0,0,0,0,0,1,0,0,0,0,0,0,0,0,1,0,0,1,0,0,0,0,0,0,0,0,0,0,1,0,0,1,0,0.5384615384615384,0.5,0.5973828184254436,0.34615922173669345
T101751,C1539,48,6,1456.93,8741.58,2025-08-10,2025-08,1,0,0,0,0,1,0,0,0,0,0,0,0,0,0,0,1,0,0,0,0,1,0,0,0,0,0,0,1,0,0,0,0,0,1,0,0.5769230769230769,0.8333333333333334,0.28428780907114326,0.2512977469452054
T101775,C1077,43,7,4736.25,33153.75,2025-09-16,2025-09,1,0,0,0,0,0,0,0,0,0,1,0,0,0,0,0,0,0,1,0,1,0,0,0,0,0,0,0,0,0,1,0,0,0,1,0,0.4807692307692308,1.0,0.9475471507306467,0.9577099002053651
T101357,C1141,66,4,3231.8,12927.2,2025-02-11,2025-02,0,0,1,0,0,0,0,0,0,0,0,0,0,1,0,0,1,0,0,0,0,0,0,1,0,0,0,0,0,0,1,0,0,0,0,1,0.9230769230769231,0.5,0.6432643980381251,0.3724165510879256
T100729,C1147,20,2,1394.14,2788.28,2025-08-12,2025-08,0,0,1,0,0,0,0,0,0,0,0,1,0,0,0,0,1,0,0,0,0,0,0,0,1,0,0,0,0,0,1,0,1,0,0,0,0.038461538461538464,0.16666666666666666,0.2715882085250544,0.07902779011614398
T101390,C1287,22,6,3572.56,21435.36,2025-03-25,2025-03,0,0,1,0,0,0,1,0,0,0,0,0,0,0,1,0,0,0,0,0,0,0,0,0,1,0,0,0,0,0,1,0,1,0,0,0,0.07692307692307693,0.8333333333333334,0.7121848612024068,0.6186161976528135
T100657,C1491,69,3,4955.66,14866.98,2025-07-02,2025-07,0,0,1,0,0,0,0,0,1,0,0,0,0,0,1,0,0,0,0,0,0,0,0,1,0,0,0,0,0,0,0,1,0,0,0,1,0.9807692307692307,0.3333333333333333,0.9919239520655306,0.4285477416642239
T101999,C1257,19,1,2504.3,2504.3,2025-06-27,2025-06,1,0,0,0,0,0,0,0,1,0,0,0,0,0,0,0,0,0,0,1,0,0,0,0,1,1,0,0,0,0,0,0,1,0,0,0,0.019230769230769232,0.0,0.49612378014865754,0.07081029354444142
T100978,C1449,39,6,1411.98,8471.88,2025-08-01,2025-08,1,0,0,0,0,0,1,0,0,0,0,0,0,0,0,0,1,0,0,0,1,0,0,0,0,1,0,0,0,0,0,0,0,1,0,0,0.40384615384615385,0.8333333333333334,0.2751964403094504,0.24349346908976421
T100813,C1483,55,3,2229.57,6688.71,2025-10-28,2025-10,0,0,1,0,0,0,0,0,0,0,0,0,0,1,0,0,0,0,0,1,0,0,0,0,1,0,0,0,0,0,1,0,0,0,1,0,0.7115384615384616,0.3333333333333333,0.4405582241998281,0.19189408405644198
T101950,C1395,54,4,1456.22,5824.88,2025-10-06,2025-10,1,0,0,0,0,0,0,0,0,0,1,0,0,0,1,0,0,0,0,0,1,0,0,0,0,0,1,0,0,0,0,0,0,0,1,0,0.6923076923076923,0.5,0.2841442079182889,0.16689753477996538
T100565,C1516,43,3,828.78,2486.34,2025-09-07,2025-09,0,0,1,0,0,0,0,0,0,0,0,0,0,1,0,0,0,1,0,0,0,0,0,0,1,0,0,0,1,0,0,0,0,0,1,0,0.4807692307692308,0.3333333333333333,0.157241239824038,0.07029058709177652
T100637,C1537,36,3,210.51,631.53,2025-04-03,2025-04,1,0,0,0,1,0,0,0,0,0,0,0,0,0,0,0,1,0,0,0,0,0,0,1,0,0,0,0,0,1,0,0,0,1,0,0,0.34615384615384615,0.3333333333333333,0.03219295140820144,0.016618163624773096
T101095,C1378,61,4,587.86,2351.44,2025-02-11,2025-02,1,0,0,0,0,0,0,0,0,0,0,0,1,0,1,0,0,0,0,0,0,0,0,1,0,0,0,0,0,0,1,0,0,0,0,1,0.8269230769230769,0.5,0.1085139303231026,0.06638700131981133
T101103,C1512,50,4,653.75,2615.0,2025-02-14,2025-02,0,0,1,0,0,0,0,0,0,0,0,1,0,0,0,0,0,0,1,0,0,0,0,0,1,1,0,0,0,0,0,0,0,0,1,0,0.6153846153846154,0.5,0.12184052181827375,0.07401360670201404
T101786,C1600,68,7,4708.19,32957.33,2025-05-17,2025-05,1,0,0,0,0,0,0,0,0,1,0,0,0,0,0,0,0,1,0,0,0,0,0,1,0,0,0,1,0,0,0,0,0,0,0,1,0.9615384615384616,1.0,0.9418718713657278,0.9520261172748284
T101231,C1159,35,2,2905.87,5811.74,2025-01-25,2025-01,0,0,1,0,0,0,0,1,0,0,0,0,0,0,0,0,0,0,1,0,0,1,0,0,0,0,0,1,0,0,0,0,0,1,0,0,0.3269230769230769,0.16666666666666666,0.5773433786721949,0.16651730411248114
T100440,C1528,31,2,3162.5,6325.0,2025-07-29,2025-07,0,0,1,0,0,0,0,1,0,0,0,0,0,0,0,1,0,0,0,0,0,1,0,0,0,0,0,0,0,0,1,0,0,1,0,0,0.25,0.16666666666666666,0.6292481164989634,0.1813694496522799
T101569,C1552,19,4,3116.76,12467.04,2025-03-12,2025-03,0,1,0,0,0,0,0,0,0,0,0,0,0,1,0,0,1,0,0,0,0,1,0,0,0,0,0,0,0,0,0,1,1,0,0,0,0.019230769230769232,0.5,0.6199969661728271,0.3591009541359056
T100548,C1474,21,7,3706.24,25943.68,2025-07-19,2025-07,1,0,0,0,0,0,0,0,0,0,1,0,0,0,0,0,0,0,1,0,0,1,0,0,0,0,0,1,0,0,0,0,1,0,0,0,0.057692307692307696,1.0,0.739222328967993,0.7490729345502644
T100378,C1348,67,4,361.79,1447.16,2025-12-24,2025-12,1,0,0,0,0,0,0,0,1,0,0,0,0,0,1,0,0,0,0,0,0,0,0,1,0,0,0,0,0,0,0,1,0,0,0,1,0.9423076923076923,0.5,0.0627901097234161,0.04021995504944301
T101062,C1242,19,2,4185.99,8371.98,2025-12-15,2025-12,0,1,0,0,0,0,0,0,1,0,0,0,0,0,0,0,1,0,0,0,0,0,0,0,1,0,1,0,0,0,0,0,1,0,0,0,0.019230769230769232,0.16666666666666666,0.8362542347170956,0.24060267428902796
T100146,C1482,37,5,381.22,1906.1,2025-11-01,2025-11,0,0,1,0,0,0,0,0,0,0,0,0,1,0,1,0,0,0,0,0,1,0,0,0,0,0,0,1,0,0,0,0,0,1,0,0,0.36538461538461536,0.6666666666666666,0.06671992718814784,0.05350024900189449
T101766,C1599,67,2,4628.48,9256.96,2025-01-25,2025-01,0,1,0,0,0,0,0,0,1,0,0,0,0,0,0,0,0,0,0,1,0,0,0,1,0,0,0,1,0,0,0,0,0,0,0,1,0.9423076923076923,0.16666666666666666,0.9257501137685189,0.26621123868097574
T101976,C1431,42,1,2926.47,2926.47,2025-03-06,2025-03,0,1,0,0,0,0,0,0,0,0,0,0,0,1,1,0,0,0,0,0,0,0,0,1,0,0,0,0,0,1,0,0,0,0,1,0,0.46153846153846156,0.0,0.581509834656419,0.08302657823940468
T100273,C1159,57,1,1811.44,1811.44,2025-09-03,2025-09,1,0,0,1,0,0,0,0,0,0,0,0,0,0,0,1,0,0,0,0,0,0,0,0,1,0,0,0,0,0,0,1,0,0,1,0,0.75,0.0,0.35598928047732215,0.05076108347799364
T100140,C1429,60,5,3577.72,17888.6,2025-05-19,2025-05,0,0,1,0,0,0,0,0,0,0,0,1,0,0,0,0,0,1,0,0,1,0,0,0,0,0,1,0,0,0,0,0,0,0,1,0,0.8076923076923077,0.6666666666666666,0.7132284977499115,0.5159840117923592
T101236,C1020,19,1,1037.05,1037.05,2025-03-05,2025-03,0,1,0,1,0,0,0,0,0,0,0,0,0,0,0,0,0,0,1,0,0,0,0,1,0,0,0,0,0,0,0,1,1,0,0,0,0.019230769230769232,0.0,0.1993649188451231,0.028352649186280325
T100059,C1245,62,3,756.46,2269.38,2025-05-01,2025-05,0,1,0,0,0,0,0,1,0,0,0,0,0,0,0,0,0,0,1,0,0,0,0,0,1,0,0,0,0,1,0,0,0,0,0,1,0.8461538461538461,0.3333333333333333,0.14261414774738332,0.06401244054555288
T100006,C1018,40,2,3256.36,6512.72,2025-07-20,2025-07,1,0,0,0,0,0,1,0,0,0,0,0,0,0,0,0,0,0,1,0,1,0,0,0,0,0,0,0,1,0,0,0,0,1,0,0,0.4230769230769231,0.16666666666666666,0.6482317843960156,0.18680148168425403
T101426,C1302,31,2,4373.12,8746.24,2025-02-16,2025-02,0,0,1,0,0,0,0,0,0,0,0,0,1,0,0,0,0,1,0,0,0,0,0,0,1,0,0,0,1,0,0,0,0,1,0,0,0.25,0.16666666666666666,0.8741022399757293,0.2514325928288033
T100431,C1249,59,4,2214.59,8858.36,2025-07-05,2025-07,0,1,0,0,0,0,0,0,1,0,0,0,0,0,0,1,0,0,0,0,0,1,0,0,0,0,0,1,0,0,0,0,0,0,1,0,0.7884615384615384,0.5,0.4375284421297467,0.25467699636292296
T100322,C1159,28,6,402.88,2417.28,2025-07-12,2025-07,0,1,0,0,0,0,0,0,0,1,0,0,0,0,0,0,0,1,0,0,0,0,0,1,0,0,0,1,0,0,0,0,0,1,0,0,0.19230769230769232,0.8333333333333334,0.0711007736259291,0.06829220582111739
T100599,C1576,43,7,767.74,5374.18,2025-03-23,2025-03,0,1,0,0,0,0,0,0,1,0,0,0,0,0,0,0,1,0,0,0,1,0,0,0,0,0,0,0,1,0,0,0,0,0,1,0,0.4807692307692308,1.0,0.1448955857814633,0.1538556807590261
T101207,C1170,43,5,2607.2,13036.0,2025-10-28,2025-10,0,0,1,0,0,0,0,0,0,0,1,0,0,0,0,1,0,0,0,0,0,0,0,0,1,0,0,0,0,0,1,0,0,0,1,0,0.4807692307692308,0.6666666666666666,0.5169358345552915,0.3755648841642029
T101080,C1599,41,5,2232.09,11160.45,2025-10-10,2025-10,1,0,0,0,0,0,0,0,0,0,1,0,0,0,0,0,0,0,0,1,1,0,0,0,0,1,0,0,0,0,0,0,0,0,1,0,0.4423076923076923,0.6666666666666666,0.44106790716488853,0.32129230970453415
T100514,C1426,22,7,1883.67,13185.69,2025-02-28,2025-02,1,0,0,0,0,0,0,0,0,0,0,0,0,1,0,0,0,1,0,0,0,0,0,0,1,1,0,0,0,0,0,0,1,0,0,0,0.07692307692307693,1.0,0.370598169590939,0.37989644646372456
T101605,C1438,50,3,2959.01,8877.03,2025-03-21,2025-03,0,0,1,1,0,0,0,0,0,0,0,0,0,0,0,0,0,1,0,0,0,0,0,1,0,1,0,0,0,0,0,0,0,0,1,0,0.6153846153846154,0.3333333333333333,0.5880912170703343,0.25521724800386136
T100038,C1359,41,3,1700.1,5100.3,2025-09-15,2025-09,0,0,1,0,0,0,0,0,0,0,1,0,0,0,0,0,1,0,0,0,0,0,0,1,0,0,1,0,0,0,0,0,0,0,1,0,0.4423076923076923,0.3333333333333333,0.33347019264802547,0.1459304467247353
T101678,C1210,38,4,674.35,2697.4,2025-08-07,2025-08,0,0,1,0,0,0,0,0,1,0,0,0,0,0,1,0,0,0,0,0,0,0,0,1,0,0,0,0,0,1,0,0,0,1,0,0,0.38461538461538464,0.5,0.12600697780249784,0.07639800601713585
T101117,C1356,22,5,446.23,2231.15,2025-02-28,2025-02,0,0,1,0,0,0,0,0,1,0,0,0,0,0,0,1,0,0,0,0,1,0,0,0,0,1,0,0,0,0,0,0,1,0,0,0,0.07692307692307693,0.6666666666666666,0.07986853415583758,0.06290618343612198
T101483,C1074,19,3,1068.8,3206.4,2025-10-29,2025-10,0,0,1,0,0,0,0,0,0,0,0,0,0,1,1,0,0,0,0,0,0,0,0,1,0,0,0,0,0,0,0,1,1,0,0,0,0.019230769230769232,0.3333333333333333,0.20578651969459472,0.09112688042729362
T101446,C1433,27,6,3566.83,21400.98,2025-05-21,2025-05,0,0,1,0,1,0,0,0,0,0,0,0,0,0,0,0,0,0,0,1,0,1,0,0,0,0,0,0,0,0,0,1,0,1,0,0,0.17307692307692307,0.8333333333333334,0.7110259392223289,0.6176213475502177
T101392,C1253,31,5,1089.77,5448.85,2025-10-01,2025-10,0,0,1,0,0,0,0,0,1,0,0,0,0,0,0,0,0,0,1,0,0,0,0,0,1,0,0,0,0,0,0,1,0,1,0,0,0.25,0.6666666666666666,0.210027810082419,0.15601639795393074
T100024,C1069,22,1,3763.94,3763.94,2025-01-31,2025-01,1,0,0,1,0,0,0,0,0,0,0,0,0,0,0,1,0,0,0,0,0,0,0,1,0,1,0,0,0,0,0,0,1,0,0,0,0.07692307692307693,0.0,0.7508924508267178,0.10726035123012145
T100279,C1355,30,6,1530.3,9181.8,2025-06-13,2025-06,0,1,0,0,0,0,0,0,1,0,0,0,0,0,0,0,0,1,0,0,0,0,1,0,0,1,0,0,0,0,0,0,0,1,0,0,0.23076923076923078,0.8333333333333334,0.29912726904990644,0.26403634241247387
T101116,C1072,56,5,3612.34,18061.7,2025-12-17,2025-12,0,1,0,0,0,0,0,0,1,0,0,0,0,0,0,0,1,0,0,0,1,0,0,0,0,0,0,0,0,0,0,1,0,0,1,0,0.7307692307692307,0.6666666666666666,0.7202305708651464,0.5209929865672086
T101753,C1414,24,6,2770.15,16620.9,2025-01-30,2025-01,0,0,1,0,0,0,0,0,0,0,0,0,1,0,0,0,1,0,0,0,0,0,0,1,0,0,0,0,0,1,0,0,1,0,0,0,0.11538461538461539,0.8333333333333334,0.5498933104110836,0.4793007228144477
T100321,C1534,44,3,1038.05,3114.15,2025-11-23,2025-11,1,0,0,1,0,0,0,0,0,0,0,0,0,0,0,0,0,1,0,0,1,0,0,0,0,0,0,0,1,0,0,0,0,0,1,0,0.5,0.3333333333333333,0.19956717398998836,0.0884574527959831
T101772,C1565,47,5,393.96,1969.8,2025-05-04,2025-05,1,0,0,0,0,0,0,0,1,0,0,0,0,0,0,0,0,0,1,0,0,0,0,0,1,0,0,0,1,0,0,0,0,0,1,0,0.5576923076923077,0.6666666666666666,0.0692966577337311,0.055343528569531134
T101135,C1122,24,3,2752.61,8257.83,2025-11-19,2025-11,0,0,1,0,0,0,0,0,0,0,1,0,0,0,1,0,0,0,0,0,0,1,0,0,0,0,0,0,0,0,0,1,1,0,0,0,0.11538461538461539,0.3333333333333333,0.5463457551701472,0.23729952887857705
T100194,C1302,63,2,3408.85,6817.7,2025-01-20,2025-01,1,0,0,0,1,0,0,0,0,0,0,0,0,0,0,1,0,0,0,0,0,0,0,1,0,0,1,0,0,0,0,0,0,0,0,1,0.8653846153846154,0.16666666666666666,0.6790736714365171,0.19562665283869393
T101248,C1066,61,2,1716.62,3433.24,2025-09-07,2025-09,1,0,0,0,0,0,0,0,0,0,0,0,1,0,0,0,1,0,0,0,0,0,0,1,0,0,0,0,1,0,0,0,0,0,0,1,0.8269230769230769,0.16666666666666666,0.33681144764119936,0.09769092339625272
T100312,C1239,65,1,2028.57,2028.57,2025-07-22,2025-07,1,0,0,0,1,0,0,0,0,0,0,0,0,0,0,0,0,0,1,0,0,1,0,0,0,0,0,0,0,0,1,0,0,0,0,1,0.9038461538461539,0.0,0.39990494008191335,0.05704414929464896
T101619,C1202,26,4,1778.45,7113.8,2025-12-21,2025-12,1,0,0,0,0,0,0,0,0,0,0,0,1,0,0,1,0,0,0,0,0,1,0,0,0,0,0,0,1,0,0,0,0,1,0,0,0.15384615384615385,0.5,0.34931688324821764,0.20419486445529064
T100459,C1402,55,7,2633.44,18434.08,2025-10-26,2025-10,0,0,1,0,0,0,0,0,0,1,0,0,0,0,0,0,0,0,0,1,0,0,0,1,0,0,0,0,1,0,0,0,0,0,1,0,0.7115384615384616,1.0,0.5222430095565556,0.5317685037633866
T101708,C1387,41,4,4926.47,19705.88,2025-02-13,2025-02,1,0,0,0,0,0,0,1,0,0,0,0,0,0,1,0,0,0,0,0,0,0,0,0,1,0,0,0,0,1,0,0,0,0,1,0,0.4423076923076923,0.5,0.9860201243869141,0.5685704339693564
T100073,C1057,39,3,1010.32,3030.96,2025-06-29,2025-06,0,0,1,0,0,0,0,1,0,0,0,0,0,0,0,1,0,0,0,0,0,0,0,1,0,0,0,0,1,0,0,0,0,1,0,0,0.40384615384615385,0.3333333333333333,0.19395863882287506,0.08605019334179641
T101066,C1069,47,2,2785.59,5571.18,2025-06-02,2025-06,1,0,0,0,0,0,1,0,0,0,0,0,0,0,0,0,0,0,1,0,0,0,0,1,0,0,1,0,0,0,0,0,0,0,1,0,0.5576923076923077,0.16666666666666666,0.553016129847803,0.1595562470828003
T100195,C1011,64,5,4679.71,23398.55,2025-07-02,2025-07,0,1,0,0,0,0,0,0,0,0,0,0,0,1,0,1,0,0,0,0,0,0,0,0,1,0,0,0,0,0,0,1,0,0,0,1,0.8846153846153846,0.6666666666666666,0.9361116448399656,0.6754248007044394
T100878,C1528,36,3,4240.3,12720.9,2025-11-26,2025-11,0,0,1,0,0,0,1,0,0,0,0,0,0,0,0,0,0,0,0,1,0,1,0,0,0,0,0,0,0,0,0,1,0,1,0,0,0.34615384615384615,0.3333333333333333,0.8472387116347272,0.3664468717346534
T100793,C1535,43,7,2768.9,19382.3,2025-06-10,2025-06,0,0,1,0,0,0,0,1,0,0,0,0,0,0,0,0,0,0,1,0,0,0,0,1,0,0,0,0,0,0,1,0,0,0,1,0,0.4807692307692308,1.0,0.549640491480002,0.5592070367559204
T100074,C1343,34,5,1578.15,7890.75,2025-07-28,2025-07,0,1,0,0,0,0,0,1,0,0,0,0,0,0,1,0,0,0,0,0,0,1,0,0,0,0,1,0,0,0,0,0,0,1,0,0,0.3076923076923077,0.6666666666666666,0.30880517773170857,0.2266773771723281
T100641,C1057,63,5,2903.64,14518.2,2025-04-02,2025-04,1,0,0,0,1,0,0,0,0,0,0,0,0,0,1,0,0,0,0,0,0,0,0,0,1,0,0,0,0,0,0,1,0,0,0,1,0.8653846153846154,0.6666666666666666,0.5768923496991454,0.4184551349515032
T100545,C1255,55,7,269.32,1885.24,2025-01-11,2025-01,1,0,0,0,0,0,0,0,0,0,0,1,0,0,0,0,0,0,0,1,0,0,0,0,1,0,0,1,0,0,0,0,0,0,1,0,0.7115384615384616,1.0,0.04408757647772665,0.052896625583042055
T100847,C1399,56,7,1949.18,13644.26,2025-03-08,2025-03,1,0,0,0,0,0,0,1,0,0,0,0,0,0,0,0,1,0,0,0,0,0,0,1,0,0,0,1,0,0,0,0,0,0,1,0,0.7307692307692307,1.0,0.38384790413106135,0.3931660337687659
T100520,C1356,25,4,736.52,2946.08,2025-05-20,2025-05,0,0,1,0,0,0,0,0,1,0,0,0,0,0,0,0,0,0,0,1,0,1,0,0,0,0,0,0,0,0,1,0,1,0,0,0,0.1346153846153846,0.5,0.13858118015877027,0.0835940305521418
T100932,C1188,56,4,2514.19,10056.76,2025-12-06,2025-12,0,0,1,0,0,0,0,0,1,0,0,0,0,0,0,0,0,1,0,0,1,0,0,0,0,0,0,1,0,0,0,0,0,0,1,0,0.7307692307692307,0.5,0.49812408353137483,0.2893549592178013
T100177,C1113,39,7,473.34,3313.38,2025-02-24,2025-02,0,0,1,0,0,0,0,0,0,0,0,0,0,1,1,0,0,0,0,0,0,1,0,0,0,0,1,0,0,0,0,0,0,1,0,0,0.40384615384615385,1.0,0.08535167113313445,0.09422254837306705
T100685,C1011,33,2,4979.36,9958.72,2025-08-02,2025-08,0,1,0,0,0,0,0,0,0,0,1,0,0,0,0,1,0,0,0,0,1,0,0,0,0,0,0,1,0,0,0,0,0,1,0,0,0.28846153846153844,0.16666666666666666,0.9967173989988369,0.2865179870229646
T101204,C1146,40,1,1017.78,1017.78,2025-07-31,2025-07,0,0,1,0,0,0,0,0,1,0,0,0,0,0,0,0,0,0,0,1,0,0,0,1,0,0,0,0,0,1,0,0,0,1,0,0,0.4230769230769231,0.0,0.19546746220356978,0.027795035414406574
T101822,C1461,26,1,3809.6,3809.6,2025-05-08,2025-05,0,0,1,0,0,0,0,0,0,1,0,0,0,0,0,0,0,0,1,0,0,1,0,0,0,0,0,0,0,1,0,0,0,1,0,0,0.15384615384615385,0.0,0.760127420741265,0.10858160939430181
T100828,C1485,43,7,4932.52,34527.64,2025-10-02,2025-10,0,1,0,0,0,0,0,0,0,0,0,0,0,1,0,0,0,0,1,0,0,1,0,0,0,0,0,0,0,1,0,0,0,0,1,0,0.4807692307692308,1.0,0.9872437680133489,0.9974659969899853
T100500,C1367,24,3,4995.59,14986.77,2025-06-26,2025-06,1,0,0,0,0,0,1,0,0,0,0,0,0,0,0,0,0,1,0,0,0,1,0,0,0,0,0,0,0,1,0,0,1,0,0,0,0.11538461538461539,0.3333333333333333,1.0,0.4320140911054671
T100742,C1316,63,2,599.13,1198.26,2025-01-19,2025-01,1,0,0,0,0,0,0,0,0,0,0,1,0,0,0,0,0,1,0,0,1,0,0,0,0,0,0,0,1,0,0,0,0,0,0,1,0.8653846153846154,0.16666666666666666,0.11079334580573393,0.03301756439976075
T101812,C1479,62,3,128.89,386.67,2025-02-17,2025-02,1,0,0,0,0,0,0,0,0,1,0,0,0,0,0,0,0,1,0,0,1,0,0,0,0,0,1,0,0,0,0,0,0,0,0,1,0.8461538461538461,0.3333333333333333,0.015684886484299942,0.00953267799005555
T100228,C1495,57,5,2514.25,12571.25,2025-12-29,2025-12,0,0,1,0,0,0,0,1,0,0,0,0,0,0,0,1,0,0,0,0,0,0,0,0,1,0,1,0,0,0,0,0,0,0,1,0,0.75,0.6666666666666666,0.4981362188400667,0.36211646691052746
T100734,C1343,52,3,2706.07,8118.21,2025-09-03,2025-09,0,0,1,0,0,0,0,0,0,0,0,0,0,1,0,1,0,0,0,0,0,1,0,0,0,0,0,0,0,0,0,1,0,0,1,0,0.6538461538461539,0.3333333333333333,0.5369328007281186,0.23325936100992042
T101781,C1561,42,4,2756.4,11025.6,2025-11-29,2025-11,0,1,0,0,0,0,0,0,0,0,0,0,0,1,0,1,0,0,0,0,0,0,0,1,0,0,0,1,0,0,0,0,0,0,1,0,0.46153846153846156,0.5,0.5471123021691864,0.3173901707768136
T101939,C1430,39,2,507.64,1015.28,2025-03-17,2025-03,0,0,1,0,1,0,0,0,0,0,0,0,0,0,0,0,0,0,0,1,0,1,0,0,0,0,1,0,0,0,0,0,0,1,0,0,0.40384615384615385,0.16666666666666666,0.09228902260201242,0.027722693202175935
T101201,C1381,58,2,2746.89,5493.78,2025-10-17,2025-10,0,1,0,0,0,0,1,0,0,0,0,0,0,0,0,0,0,0,0,1,0,0,0,1,0,1,0,0,0,0,0,0,0,0,1,0,0.7692307692307693,0.16666666666666666,0.5451888557415179,0.15731653219213976
T100718,C1398,24,3,3668.99,11006.97,2025-02-19,2025-02,0,0,1,0,1,0,0,0,0,0,0,0,0,0,0,0,0,0,1,0,1,0,0,0,0,0,0,0,0,0,0,1,1,0,0,0,0.11538461538461539,0.3333333333333333,0.7316883248217626,0.3168510766112708
T100141,C1258,43,5,2308.16,11540.8,2025-04-12,2025-04,0,0,1,0,0,0,0,0,0,1,0,0,0,0,1,0,0,0,0,0,0,0,0,1,0,0,0,1,0,0,0,0,0,0,1,0,0.4807692307692308,0.6666666666666666,0.4564534560347878,0.3322984538733033
T101949,C1226,23,7,2504.3,17530.1,2025-08-20,2025-08,1,0,0,0,0,0,0,0,0,0,1,0,0,0,0,0,0,1,0,0,1,0,0,0,0,0,0,0,0,0,0,1,1,0,0,0,0.09615384615384616,1.0,0.49612378014865754,0.5056101385584858
T100280,C1520,43,1,4941.98,4941.98,2025-11-23,2025-11,0,1,0,0,0,0,0,0,1,0,0,0,0,0,0,0,0,1,0,0,0,1,0,0,0,0,0,0,1,0,0,0,0,0,1,0,0.4807692307692308,0.0,0.9891571016837739,0.14134915910859347
T100374,C1521,60,7,2498.36,17488.52,2025-07-13,2025-07,1,0,0,0,0,0,0,0,0,0,0,1,0,0,0,1,0,0,0,0,0,1,0,0,0,0,0,0,1,0,0,0,0,0,1,0,0.8076923076923077,1.0,0.49492238458815796,0.5044069428846659
T101840,C1315,44,6,2055.25,12331.5,2025-08-09,2025-08,1,0,0,0,1,0,0,0,0,0,0,0,0,0,0,0,0,0,0,1,0,0,0,1,0,0,0,1,0,0,0,0,0,0,1,0,0.5,0.8333333333333334,0.40530110734691815,0.3551788487576093
T101502,C1470,68,3,414.99,1244.97,2025-10-01,2025-10,1,0,0,0,0,0,0,0,0,1,0,0,0,0,0,1,0,0,0,0,0,0,0,1,0,0,0,0,0,0,0,1,0,0,0,1,0.9615384615384616,0.3333333333333333,0.07355008343024726,0.03436920629307798
T100315,C1415,67,2,3861.16,7722.32,2025-11-11,2025-11,0,0,1,0,0,0,0,0,0,0,0,1,0,0,0,0,0,1,0,0,1,0,0,0,0,0,0,0,0,0,1,0,0,0,0,1,0.9423076923076923,0.16666666666666666,0.7705556960105172,0.2218035376499256
T100293,C1404,57,5,376.15,1880.75,2025-09-10,2025-09,0,1,0,0,0,0,0,0,0,0,0,0,1,0,1,0,0,0,0,0,0,0,0,1,0,0,0,0,0,0,0,1,0,0,1,0,0.75,0.6666666666666666,0.06569449360368103,0.05276669896987583
T101927,C1347,37,5,1571.93,7859.65,2025-06-21,2025-06,0,0,1,0,0,0,0,0,0,0,0,0,1,0,0,0,0,0,1,0,0,0,0,1,0,0,0,1,0,0,0,0,0,1,0,0,0.36538461538461536,0.6666666666666666,0.30754715073064676,0.22577744005217898
T100820,C1109,31,4,1189.94,4759.76,2025-03-17,2025-03,0,1,0,0,0,0,0,0,0,1,0,0,0,0,0,0,0,1,0,0,0,0,0,1,0,0,1,0,0,0,0,0,0,1,0,0,0.25,0.5,0.23028770794357084,0.13607627994352678
T100173,C1503,44,3,3322.94,9968.82,2025-08-25,2025-08,0,1,0,0,0,0,0,0,0,1,0,0,0,0,0,0,1,0,0,0,0,0,0,0,1,0,1,0,0,0,0,0,0,0,1,0,0.5,0.3333333333333333,0.6616979319411437,0.2868102495603764
T100749,C1334,26,3,1807.92,5423.76,2025-10-28,2025-10,0,0,1,0,0,0,0,0,0,0,0,0,1,0,1,0,0,0,0,0,1,0,0,0,0,0,0,0,0,0,1,0,0,1,0,0,0.15384615384615385,0.3333333333333333,0.3552773423673965,0.15529037151198408
T100163,C1460,43,2,444.65,889.3,2025-09-04,2025-09,0,1,0,0,0,0,0,0,0,0,0,1,0,0,0,0,0,1,0,0,1,0,0,0,0,0,0,0,0,1,0,0,0,0,1,0,0.4807692307692308,0.16666666666666666,0.0795489710269505,0.024077224443449657
T100445,C1546,69,1,3840.21,3840.21,2025-02-12,2025-02,0,1,0,0,0,0,0,0,1,0,0,0,0,0,0,0,0,0,1,0,0,1,0,0,0,0,0,0,0,0,0,1,0,0,0,1,0.9807692307692307,0.0,0.7663184507255903,0.10946736744085374
T101301,C1040,26,3,721.27,2163.81,2025-03-16,2025-03,0,0,1,0,1,0,0,0,0,0,0,0,0,0,0,0,0,0,0,1,0,0,0,1,0,0,0,0,1,0,0,0,0,1,0,0,0.15384615384615385,0.3333333333333333,0.13549678919957525,0.06095757360747753
T101432,C1337,41,4,3583.45,14333.8,2025-12-16,2025-12,0,0,1,0,0,0,1,0,0,0,0,0,0,0,0,0,0,0,1,0,0,1,0,0,0,0,0,0,0,0,1,0,0,0,1,0,0.4423076923076923,0.5,0.7143874197299893,0.41311917337737136
T100082,C1260,43,1,1302.75,1302.75,2025-12-31,2025-12,0,1,0,0,1,0,0,0,0,0,0,0,0,0,0,0,0,0,0,1,0,0,0,0,1,0,0,0,0,0,0,1,0,0,1,0,0.4807692307692308,0.0,0.2531041108358194,0.03604117950215247
T101253,C1348,59,6,3625.95,21755.7,2025-02-11,2025-02,1,0,0,0,1,0,0,0,0,0,0,0,0,0,0,0,0,0,0,1,0,0,0,1,0,0,0,0,0,0,1,0,0,0,1,0,0.7884615384615384,0.8333333333333334,0.7229832633867623,0.6278858393591984
T100375,C1497,25,4,2589.04,10356.16,2025-01-02,2025-01,1,0,0,0,0,0,0,0,0,0,0,0,0,1,0,0,0,0,1,0,1,0,0,0,0,0,0,0,0,1,0,0,1,0,0,0,0.1346153846153846,0.5,0.5132628811245386,0.2980186625545424
T100708,C1028,35,7,2180.2,15261.4,2025-07-15,2025-07,0,0,1,0,0,0,0,0,0,0,0,0,1,0,0,0,0,1,0,0,0,0,0,0,1,0,0,0,0,0,1,0,0,1,0,0,0.3269230769230769,1.0,0.43057288769783075,0.4399610278034271
T100660,C1196,64,6,3363.93,20183.58,2025-12-10,2025-12,0,0,1,1,0,0,0,0,0,0,0,0,0,0,1,0,0,0,0,0,0,0,0,0,1,0,0,0,0,0,0,1,0,0,0,1,0.8846153846153846,0.8333333333333334,0.6699883703291701,0.5823935838823866
T100347,C1278,53,4,756.22,3024.88,2025-01-25,2025-01,0,0,1,1,0,0,0,0,0,0,0,0,0,0,0,0,0,0,1,0,0,0,0,0,1,0,0,1,0,0,0,0,0,0,1,0,0.6730769230769231,0.5,0.14256560651261566,0.0858742570816515
T100429,C1523,38,3,2611.68,7835.04,2025-12-31,2025-12,0,0,1,0,0,0,0,0,0,1,0,0,0,0,0,0,0,0,0,1,0,1,0,0,0,0,0,0,0,0,0,1,0,1,0,0,0.38461538461538464,0.3333333333333333,0.5178419376042878,0.2250653033149806
T101732,C1098,18,3,761.39,2284.17,2025-10-17,2025-10,1,0,0,0,0,0,0,0,1,0,0,0,0,0,0,1,0,0,0,0,0,0,0,0,1,1,0,0,0,0,0,0,1,0,0,0,0.0,0.3333333333333333,0.14361126561156898,0.06444041707310934
T100155,C1558,56,1,4166.43,4166.43,2025-12-28,2025-12,0,1,0,0,1,0,0,0,0,0,0,0,0,0,0,0,0,0,1,0,0,0,0,0,1,0,0,0,1,0,0,0,0,0,1,0,0.7307692307692307,0.0,0.8322981240835314,0.11890715803040515
T100477,C1417,19,2,4497.98,8995.96,2025-10-16,2025-10,0,1,0,0,0,0,1,0,0,0,0,0,0,0,0,1,0,0,0,0,0,0,0,1,0,0,0,0,0,1,0,0,1,0,0,0,0.019230769230769232,0.16666666666666666,0.899355817363604,0.2586587117240972
T100968,C1472,57,3,4478.73,13436.19,2025-03-17,2025-03,0,1,0,0,0,0,0,1,0,0,0,0,0,0,0,0,0,1,0,0,0,0,0,1,0,0,1,0,0,0,0,0,0,0,1,0,0.75,0.3333333333333333,0.8954624058249481,0.38714513612923446
T101044,C1217,70,5,4719.73,23598.65,2025-05-08,2025-05,0,0,1,0,1,0,0,0,0,0,0,0,0,0,0,0,0,1,0,0,1,0,0,0,0,0,0,0,0,1,0,0,0,0,0,1,1.0,0.6666666666666666,0.9442058957374727,0.6812150713713797
T101147,C1053,51,1,3750.83,3750.83,2025-03-11,2025-03,0,1,0,0,0,0,0,0,0,0,0,0,0,1,0,0,0,0,0,1,0,1,0,0,0,0,0,0,0,0,1,0,0,0,1,0,0.6346153846153846,0.0,0.7482408858775345,0.10688098866918398
T100529,C1039,29,1,570.36,570.36,2025-09-12,2025-09,1,0,0,0,0,0,0,1,0,0,0,0,0,0,0,0,0,0,1,0,0,0,0,1,0,1,0,0,0,0,0,0,0,1,0,0,0.21153846153846154,0.0,0.10497446528796076,0.014848094375913863
T100103,C1316,53,5,55.76,278.8,2025-05-12,2025-05,0,0,1,0,0,0,0,0,0,0,1,0,0,0,0,1,0,0,0,0,0,1,0,0,0,0,1,0,0,0,0,0,0,0,1,0,0.6730769230769231,0.6666666666666666,0.0008939677403043929,0.006411256216728008
T101537,C1135,36,4,942.78,3771.12,2025-08-27,2025-08,0,0,1,0,0,0,0,1,0,0,0,0,0,0,0,0,0,0,1,0,0,0,0,0,1,0,0,0,0,0,0,1,0,1,0,0,0.34615384615384615,0.5,0.18029832633867623,0.10746811806364784
T100842,C1571,43,2,3423.56,6847.12,2025-01-25,2025-01,0,0,1,0,0,0,0,0,0,0,0,0,0,1,0,1,0,0,0,0,0,0,0,1,0,0,0,1,0,0,0,0,0,0,1,0,0.4807692307692308,0.16666666666666666,0.6820488446174849,0.19647797599222408
T101004,C1377,48,7,4312.94,30190.58,2025-07-19,2025-07,0,1,0,0,0,0,0,0,1,0,0,0,0,0,1,0,0,0,0,0,1,0,0,0,0,0,0,1,0,0,0,0,0,0,1,0,0.5769230769230769,1.0,0.8619305253577387,0.8719649909991819
T100032,C1505,55,6,749.48,4496.88,2025-04-23,2025-04,0,0,1,1,0,0,0,0,0,0,0,0,0,0,0,0,1,0,0,0,1,0,0,0,0,0,0,0,0,0,0,1,0,0,1,0,0.7115384615384616,0.8333333333333334,0.1412024068362239,0.1284693516430508
T101542,C1335,36,7,2690.48,18833.36,2025-04-03,2025-04,0,1,0,0,0,0,0,0,0,0,1,0,0,0,0,1,0,0,0,0,1,0,0,0,0,0,0,0,0,1,0,0,0,1,0,0,0.34615384615384615,1.0,0.5337796430196693,0.543322423163166
T100757,C1546,67,3,2240.81,6722.43,2025-05-30,2025-05,1,0,0,0,1,0,0,0,0,0,0,0,0,0,0,0,0,0,1,0,0,0,0,1,0,1,0,0,0,0,0,0,0,0,0,1,0.9423076923076923,0.3333333333333333,0.4428315720281134,0.19286983581500883
T101150,C1173,40,2,3655.36,7310.72,2025-10-19,2025-10,1,0,0,0,0,0,0,0,0,1,0,0,0,0,0,0,1,0,0,0,0,0,0,0,1,0,0,0,1,0,0,0,0,1,0,0,0.4230769230769231,0.16666666666666666,0.7289315871972494,0.2098931158282735
T101148,C1581,43,4,4044.77,16179.08,2025-01-22,2025-01,0,1,0,0,0,0,0,0,0,1,0,0,0,0,0,0,0,0,0,1,0,0,1,0,0,0,0,0,0,0,0,1,0,0,1,0,0.4807692307692308,0.5,0.8076917631592253,0.46651582833135163
T101875,C1145,18,7,1905.1,13335.7,2025-09-11,2025-09,0,0,1,0,0,0,0,1,0,0,0,0,0,0,0,0,1,0,0,0,0,0,0,0,1,0,0,0,0,1,0,0,1,0,0,0,0.0,1.0,0.37493249734540124,0.38423726856641177
T101303,C1543,26,4,4844.83,19379.32,2025-05-21,2025-05,0,0,1,0,0,0,1,0,0,0,0,0,0,0,1,0,0,0,0,0,0,1,0,0,0,0,0,0,0,0,0,1,0,1,0,0,0.15384615384615385,0.5,0.9695080143601152,0.5591208048389416
T100071,C1052,59,7,2534.06,17738.42,2025-10-31,2025-10,0,0,1,0,0,0,1,0,0,0,0,0,0,0,1,0,0,0,0,0,0,0,0,0,1,1,0,0,0,0,0,0,0,0,1,0,0.7884615384615384,1.0,0.5021428932598473,0.5116382704192404
T101263,C1137,27,1,3083.25,3083.25,2025-02-27,2025-02,1,0,0,0,0,0,0,0,1,0,0,0,0,0,0,0,0,1,0,0,0,0,0,0,1,0,0,0,0,1,0,0,0,1,0,0,0.17307692307692307,0.0,0.6132193962683925,0.08756330305281242
T101953,C1161,66,1,259.7,259.7,2025-08-13,2025-08,0,0,1,0,0,0,0,0,0,0,0,0,1,0,0,0,1,0,0,0,0,0,0,1,0,0,0,0,0,0,0,1,0,0,0,1,0.9230769230769231,0.0,0.04214188198412297,0.005858561715285937
T101523,C1373,51,7,877.82,6144.74,2025-03-06,2025-03,0,0,1,0,0,0,0,0,1,0,0,0,0,0,0,0,0,1,0,0,0,0,0,1,0,0,0,0,0,1,0,0,0,0,1,0,0.6346153846153846,1.0,0.16715983212822977,0.17615328678160203
T101144,C1524,69,2,2960.15,5920.3,2025-06-02,2025-06,1,0,0,1,0,0,0,0,0,0,0,0,0,0,0,0,0,1,0,0,0,0,0,0,1,0,1,0,0,0,0,0,0,0,0,1,0.9807692307692307,0.16666666666666666,0.5883217879354806,0.16965869233638434
T101387,C1145,25,4,4848.29,19393.16,2025-08-15,2025-08,0,0,1,1,0,0,0,0,0,0,0,0,0,0,0,0,0,1,0,0,0,1,0,0,0,1,0,0,0,0,0,0,1,0,0,0,0.1346153846153846,0.5,0.970207817161349,0.5595212913258504
T101958,C1283,23,5,1044.72,5223.6,2025-01-21,2025-01,0,1,0,0,0,1,0,0,0,0,0,0,0,0,1,0,0,0,0,0,0,0,0,0,1,0,0,0,0,0,1,0,1,0,0,0,0.09615384615384616,0.6666666666666666,0.20091621580623956,0.14949836463195032
T100549,C1133,30,7,613.11,4291.77,2025-08-31,2025-08,0,1,0,0,0,0,0,0,0,0,0,1,0,0,0,0,0,0,0,1,1,0,0,0,0,0,0,0,1,0,0,0,0,1,0,0,0.23076923076923078,1.0,0.11362087273095009,0.12253410718280039
T100400,C1039,60,6,2056.39,12338.34,2025-05-02,2025-05,0,1,0,0,0,0,0,0,0,0,1,0,0,0,0,0,1,0,0,0,0,1,0,0,0,1,0,0,0,0,0,0,0,0,1,0,0.8076923076923077,0.8333333333333334,0.4055316782120645,0.3553767770502723
T101819,C1586,26,3,3315.64,9946.92,2025-02-23,2025-02,0,0,1,1,0,0,0,0,0,0,0,0,0,0,0,0,0,1,0,0,1,0,0,0,0,0,0,0,1,0,0,0,0,1,0,0,0.15384615384615385,0.3333333333333333,0.6602214693836274,0.286176531781236
T101808,C1508,69,3,2351.83,7055.49,2025-07-01,2025-07,0,1,0,0,0,0,0,0,1,0,0,0,0,0,1,0,0,0,0,0,0,1,0,0,0,0,0,0,0,0,1,0,0,0,0,1,0.9807692307692307,0.3333333333333333,0.4652859382110532,0.20250755469722323
T101961,C1475,51,3,1332.25,3996.75,2025-07-09,2025-07,1,0,0,0,0,0,0,0,1,0,0,0,0,0,0,1,0,0,0,0,0,1,0,0,0,0,0,0,0,0,0,1,0,0,1,0,0.6346153846153846,0.3333333333333333,0.2590706376093442,0.11399714740188732
T100836,C1415,43,5,4500.25,22501.25,2025-10-17,2025-10,1,0,0,0,0,0,0,1,0,0,0,0,0,0,0,1,0,0,0,0,0,0,0,1,0,1,0,0,0,0,0,0,0,0,1,0,0.4807692307692308,0.6666666666666666,0.8998149365424483,0.6494597338906191
T101155,C1593,25,4,1241.41,4965.64,2025-12-31,2025-12,1,0,0,0,0,0,0,0,0,0,1,0,0,0,0,1,0,0,0,0,1,0,0,0,0,0,0,0,0,0,0,1,1,0,0,0,0.1346153846153846,0.5,0.24069778024978514,0.14203380580514424
T100246,C1331,30,7,4710.86,32976.02,2025-05-01,2025-05,1,0,0,0,0,0,0,0,0,0,0,0,1,0,0,0,1,0,0,0,0,0,0,0,1,0,0,0,0,1,0,0,0,1,0,0,0.23076923076923078,1.0,0.942411892602518,0.9525669476534645
T100598,C1552,22,7,2732.67,19128.69,2025-08-08,2025-08,1,0,0,0,0,0,0,0,0,0,0,1,0,0,0,0,0,0,1,0,0,1,0,0,0,1,0,0,0,0,0,0,1,0,0,0,0.07692307692307693,1.0,0.5423127875815341,0.5518683533783957
T100328,C1217,57,3,3174.42,9523.26,2025-10-06,2025-10,1,0,0,0,0,0,0,0,1,0,0,0,0,0,1,0,0,0,0,0,0,1,0,0,0,0,1,0,0,0,0,0,0,0,1,0,0.75,0.3333333333333333,0.6316589978257572,0.27391713112778326
T100850,C1456,33,2,4704.24,9408.48,2025-11-16,2025-11,0,1,0,1,0,0,0,0,0,0,0,0,0,0,0,0,0,0,0,1,0,0,0,1,0,0,0,0,1,0,0,0,0,1,0,0,0.28846153846153844,0.16666666666666666,0.9410729635435101,0.2705957554798502
T101346,C1303,52,4,3654.23,14616.92,2025-06-15,2025-06,0,0,1,0,0,0,0,0,0,0,0,1,0,0,0,0,0,0,1,0,0,0,0,0,1,0,0,0,1,0,0,0,0,0,1,0,0.6538461538461539,0.5,0.7287030388835516,0.42131178422806664
T101293,C1484,58,1,2311.4,2311.4,2025-12-06,2025-12,0,0,1,0,1,0,0,0,0,0,0,0,0,0,0,0,0,0,0,1,0,0,0,1,0,0,0,1,0,0,0,0,0,0,1,0,0.7692307692307693,0.0,0.4571087627041513,0.06522836844872544
T100924,C1429,43,7,2894.81,20263.67,2025-12-31,2025-12,0,1,0,0,0,0,0,0,0,1,0,0,0,0,0,1,0,0,0,0,1,0,0,0,0,0,0,0,0,0,0,1,0,0,1,0,0.4807692307692308,1.0,0.5751064367699853,0.5847111389934072
T101544,C1491,29,3,4744.89,14234.67,2025-06-24,2025-06,0,0,1,0,0,0,0,0,0,1,0,0,0,0,0,0,1,0,0,0,0,0,0,1,0,0,0,0,0,0,1,0,0,1,0,0,0.21153846153846154,0.3333333333333333,0.9492946351822825,0.4102506599780022
T100305,C1166,19,6,3878.9,23273.4,2025-05-10,2025-05,0,1,0,1,0,0,0,0,0,0,0,0,0,0,1,0,0,0,0,0,0,1,0,0,0,0,0,1,0,0,0,0,1,0,0,0,0.019230769230769232,0.8333333333333334,0.7741437022804267,0.6718033495601738
T101361,C1130,42,4,96.09,384.36,2025-02-18,2025-02,0,1,0,0,1,0,0,0,0,0,0,0,0,0,0,0,0,0,0,1,0,0,0,1,0,0,0,0,0,0,1,0,0,0,1,0,0.46153846153846156,0.5,0.009050917732719826,0.00946583378595444
T100764,C1100,60,1,2504.3,2504.3,2025-04-08,2025-04,1,0,0,0,1,0,0,0,0,0,0,0,0,0,0,0,0,0,1,0,1,0,0,0,0,0,0,0,0,0,1,0,0,0,1,0,0.8076923076923077,0.0,0.49612378014865754,0.07081029354444142
T100531,C1122,44,7,448.67,3140.69,2025-08-20,2025-08,0,1,0,0,0,0,0,1,0,0,0,0,0,0,0,0,0,1,0,0,1,0,0,0,0,0,0,0,0,0,0,1,0,0,1,0,0.5,1.0,0.0803620367093088,0.08922543772102355
T101424,C1090,46,2,2136.38,4272.76,2025-01-04,2025-01,0,0,1,0,0,0,0,0,1,0,0,0,0,0,0,0,1,0,0,0,0,1,0,0,0,0,0,1,0,0,0,0,0,0,1,0,0.5384615384615384,0.16666666666666666,0.4217100672498357,0.12198401700099862
T100953,C1122,28,5,4699.0,23495.0,2025-08-12,2025-08,0,0,1,0,0,0,1,0,0,0,0,0,0,0,0,0,0,1,0,0,0,0,0,1,0,0,0,0,0,0,1,0,0,1,0,0,0.19230769230769232,0.6666666666666666,0.9400131465844163,0.6782157632522975
T101602,C1148,39,1,4254.59,4254.59,2025-09-07,2025-09,0,1,0,0,0,0,0,1,0,0,0,0,0,0,0,0,0,0,1,0,1,0,0,0,0,0,0,0,1,0,0,0,0,1,0,0,0.40384615384615385,0.0,0.8501289376548516,0.12145823380250635
T100653,C1361,43,7,346.75,2427.25,2025-02-08,2025-02,0,1,0,0,1,0,0,0,0,0,0,0,0,0,0,0,0,0,0,1,1,0,0,0,0,0,0,1,0,0,0,0,0,0,1,0,0.4807692307692308,1.0,0.05974819234464276,0.06858070656349317
T100985,C1412,57,5,2865.11,14325.55,2025-01-25,2025-01,0,1,0,1,0,0,0,0,0,0,0,0,0,0,0,0,1,0,0,0,0,0,0,0,1,0,0,1,0,0,0,0,0,0,1,0,0.75,0.6666666666666666,0.5690994589674875,0.4128804440770103
T101803,C1196,27,4,3253.86,13015.44,2025-04-30,2025-04,0,1,0,0,0,1,0,0,0,0,0,0,0,0,1,0,0,0,0,0,1,0,0,0,0,0,0,0,0,0,0,1,0,1,0,0,0.17307692307692307,0.5,0.6477261465338524,0.37496994181081816
T100257,C1002,49,3,4451.17,13353.51,2025-10-25,2025-10,0,1,0,0,0,0,0,0,1,0,0,0,0,0,0,0,0,0,1,0,0,0,0,0,1,0,0,1,0,0,0,0,0,0,1,0,0.5961538461538461,0.3333333333333333,0.889888254032462,0.3847526344863428
T101596,C1390,30,4,1253.64,5014.56,2025-05-20,2025-05,0,0,1,0,0,0,0,0,0,0,0,0,1,0,0,0,0,0,0,1,1,0,0,0,0,0,0,0,0,0,1,0,0,1,0,0,0.23076923076923078,0.5,0.24317136067148712,0.14344939821407335
T100852,C1363,40,7,2485.83,17400.81,2025-02-05,2025-02,0,0,1,0,0,0,0,0,0,0,0,0,1,0,0,1,0,0,0,0,0,1,0,0,0,0,0,0,0,0,0,1,0,1,0,0,0.4230769230769231,1.0,0.4923881276229964,0.5018688887107663
T101096,C1414,25,2,54.73,109.46,2025-10-24,2025-10,1,0,0,0,0,0,0,0,0,1,0,0,0,0,0,0,0,0,1,0,0,0,0,0,1,1,0,0,0,0,0,0,1,0,0,0,0.1346153846153846,0.16666666666666666,0.0006856449410931878,0.0015110841290735535
T101908,C1507,18,1,2125.3,2125.3,2025-09-16,2025-09,0,0,1,0,0,0,0,0,0,0,0,0,0,1,0,1,0,0,0,0,0,0,0,1,0,0,0,0,0,0,1,0,1,0,0,0,0.0,0.0,0.41946908024472873,0.05984321417027679
T100455,C1360,29,1,1504.58,1504.58,2025-04-18,2025-04,1,0,0,0,0,0,0,0,0,0,0,1,0,0,0,1,0,0,0,0,1,0,0,0,0,1,0,0,0,0,0,0,0,1,0,0,0.21153846153846154,0.0,0.2939252667239723,0.041881510979956287
T100846,C1295,39,6,1507.98,9047.88,2025-11-22,2025-11,0,1,0,0,0,0,0,1,0,0,0,0,0,0,0,1,0,0,0,0,0,0,0,0,1,0,0,1,0,0,0,0,0,1,0,0,0.40384615384615385,0.8333333333333334,0.29461293421651413,0.2601611147877031
T100110,C1487,45,1,4080.7,4080.7,2025-01-07,2025-01,0,1,0,0,0,0,0,0,0,1,0,0,0,0,0,0,0,0,1,0,0,1,0,0,0,0,0,0,0,0,1,0,0,0,1,0,0.5192307692307693,0.0,0.8149587905142336,0.11642639888859212
T101250,C1213,39,1,1442.44,1442.44,2025-10-10,2025-10,0,1,0,0,1,0,0,0,0,0,0,0,0,0,0,0,1,0,0,0,0,1,0,0,0,1,0,0,0,0,0,0,0,1,0,0,0.40384615384615385,0.0,0.2813571320220458,0.040083372952751564
T101051,C1461,22,7,4544.38,31810.66,2025-02-18,2025-02,0,0,1,0,0,0,0,0,1,0,0,0,0,0,0,0,0,0,1,0,0,0,0,1,0,0,0,0,0,0,1,0,1,0,0,0,0.07692307692307693,1.0,0.9087404560853517,0.9188450594754263
T101773,C1581,31,7,1815.31,12707.17,2025-09-20,2025-09,0,0,1,0,0,0,0,0,0,1,0,0,0,0,0,0,0,0,1,0,0,1,0,0,0,0,0,1,0,0,0,0,0,1,0,0,0.25,1.0,0.35677200788795066,0.36604956830508273
T100354,C1126,43,1,2600.07,2600.07,2025-06-07,2025-06,0,0,1,0,0,0,0,0,0,0,1,0,0,0,0,0,0,0,0,1,0,0,0,1,0,0,0,1,0,0,0,0,0,0,1,0,0.4807692307692308,0.0,0.5154937553724023,0.07358157901057268
T101473,C1204,59,7,904.5,6331.5,2025-01-24,2025-01,0,0,1,1,0,0,0,0,0,0,0,0,0,0,0,0,1,0,0,0,1,0,0,0,0,1,0,0,0,0,0,0,0,0,1,0,0.7884615384615384,1.0,0.17255599939323457,0.1815575394040796
T100465,C1447,67,6,2687.34,16124.04,2025-01-13,2025-01,1,0,0,1,0,0,0,0,0,0,0,0,0,0,1,0,0,0,0,0,1,0,0,0,0,0,1,0,0,0,0,0,0,0,0,1,0.9423076923076923,0.8333333333333334,0.5331445618647924,0.46492314218688197
T101294,C1213,26,4,4163.42,16653.68,2025-08-21,2025-08,0,1,0,0,0,0,0,0,0,1,0,0,0,0,0,0,1,0,0,0,0,0,0,1,0,0,0,0,0,1,0,0,0,1,0,0,0.15384615384615385,0.5,0.831689336097487,0.4802492739012158
T100043,C1107,25,2,4103.68,8207.36,2025-10-02,2025-10,0,1,0,0,0,0,0,0,0,0,0,0,0,1,0,1,0,0,0,0,0,0,0,0,1,0,0,0,0,1,0,0,1,0,0,0,0.1346153846153846,0.16666666666666666,0.8196066137432372,0.23583908429806497
T100503,C1160,61,5,2875.76,14378.8,2025-12-31,2025-12,0,0,1,0,0,0,0,0,1,0,0,0,0,0,1,0,0,0,0,0,0,0,0,0,1,0,0,0,0,0,0,1,0,0,0,1,0.8269230769230769,0.6666666666666666,0.5712534762603024,0.41442133319752283
T100413,C1024,28,1,2229.22,2229.22,2025-03-27,2025-03,0,1,0,0,0,0,0,0,0,1,0,0,0,0,0,1,0,0,0,0,1,0,0,0,0,0,0,0,0,1,0,0,0,1,0,0,0.19230769230769232,0.0,0.4404874348991252,0.06285033524827992
T101698,C1158,25,5,4368.04,21840.2,2025-03-21,2025-03,0,0,1,0,0,0,0,0,0,0,0,0,0,1,0,0,1,0,0,0,0,1,0,0,0,1,0,0,0,0,0,0,1,0,0,0,0.1346153846153846,0.6666666666666666,0.8730747838398139,0.630331006132594
T100665,C1145,64,4,4675.82,18703.28,2025-04-03,2025-04,0,0,1,0,0,0,0,1,0,0,0,0,0,0,0,0,1,0,0,0,1,0,0,0,0,0,0,0,0,1,0,0,0,0,0,1,0.8846153846153846,0.5,0.9353248723264397,0.5395583131763815
T100343,C1399,68,6,3222.35,19334.1,2025-04-20,2025-04,0,1,0,0,0,0,0,0,0,0,0,0,0,1,0,0,0,0,0,1,0,0,0,1,0,0,0,0,1,0,0,0,0,0,0,1,0.9615384615384616,0.8333333333333334,0.6413530869191485,0.5578122789041138
T101313,C1444,66,4,4121.1,16484.4,2025-05-20,2025-05,1,0,0,0,0,0,0,0,0,0,0,0,0,1,0,0,0,0,0,1,1,0,0,0,0,0,0,0,0,0,1,0,0,0,0,1,0.9230769230769231,0.5,0.8231298983667897,0.4753508380266549
T100157,C1476,65,4,2250.63,9002.52,2025-05-28,2025-05,0,0,1,0,0,0,1,0,0,0,0,0,0,0,0,0,0,1,0,0,0,0,0,1,0,0,0,0,0,0,0,1,0,0,0,1,0.9038461538461539,0.5,0.44481771755069016,0.2588485376889904
T101120,C1283,19,7,1187.33,8311.31,2025-10-16,2025-10,0,0,1,1,0,0,0,0,0,0,0,0,0,0,0,0,0,1,0,0,0,1,0,0,0,0,0,0,0,1,0,0,1,0,0,0,0.019230769230769232,1.0,0.22975982201547251,0.23884707348261486
T101842,C1593,43,5,1189.94,5949.7,2025-10-15,2025-10,0,0,1,0,0,0,0,0,0,0,1,0,0,0,1,0,0,0,0,0,0,0,0,1,0,0,0,0,0,0,0,1,0,0,1,0,0.4807692307692308,0.6666666666666666,0.23028770794357084,0.17050943675221664
T100778,C1593,52,6,4908.7,29452.2,2025-01-08,2025-01,0,0,1,0,1,0,0,0,0,0,0,0,0,0,0,1,0,0,0,0,1,0,0,0,0,0,0,0,0,0,0,1,0,0,1,0,0.6538461538461539,0.8333333333333334,0.9824260504626586,0.8505985739324387
T101847,C1006,24,4,4394.84,17579.36,2025-05-12,2025-05,0,1,0,0,0,0,0,1,0,0,0,0,0,0,0,0,1,0,0,0,0,1,0,0,0,0,1,0,0,0,0,0,1,0,0,0,0.11538461538461539,0.5,0.8784952217222025,0.5070355695082783
T100838,C1338,27,4,882.01,3528.04,2025-05-10,2025-05,1,0,0,0,0,0,0,0,0,0,0,1,0,0,0,1,0,0,0,0,0,0,0,0,1,0,0,1,0,0,0,0,0,1,0,0,0.17307692307692307,0.5,0.16800728118521513,0.1004341400840385
T101063,C1406,40,2,2729.16,5458.32,2025-12-02,2025-12,0,0,1,0,0,0,0,1,0,0,0,0,0,0,0,1,0,0,0,0,0,0,0,0,1,0,0,0,0,0,1,0,0,1,0,0,0.4230769230769231,0.16666666666666666,0.541602872023057,0.15629043025386039
T101934,C1377,64,4,4359.7,17438.8,2025-10-16,2025-10,1,0,0,0,1,0,0,0,0,0,0,0,0,0,0,0,0,1,0,0,0,0,0,1,0,0,0,0,0,1,0,0,0,0,0,1,0.8846153846153846,0.5,0.8713879759316377,0.502968200967823
T101061,C1580,33,5,3808.1,19040.5,2025-09-14,2025-09,0,1,0,0,0,0,0,0,0,0,0,0,0,1,0,1,0,0,0,0,0,0,0,0,1,0,0,0,1,0,0,0,0,1,0,0,0.28846153846153844,0.6666666666666666,0.7598240380239671,0.5493164094997478
T101416,C1259,45,5,3381.33,16906.65,2025-03-24,2025-03,0,1,0,0,0,0,0,0,0,0,0,1,0,0,1,0,0,0,0,0,1,0,0,0,0,0,1,0,0,0,0,0,0,0,1,0,0.5192307692307693,0.6666666666666666,0.6735076098498255,0.48756943767240957
T100853,C1118,20,6,4442.84,26657.04,2025-07-09,2025-07,1,0,0,0,1,0,0,0,0,0,0,0,0,0,1,0,0,0,0,0,0,0,0,0,1,0,0,0,0,0,0,1,1,0,0,0,0.038461538461538464,0.8333333333333334,0.8882034686757344,0.7697153507570034
T100068,C1531,36,2,145.45,290.9,2025-04-23,2025-04,1,0,0,0,0,0,0,0,0,0,0,1,0,0,0,0,0,1,0,0,0,0,0,0,1,0,0,0,0,0,0,1,0,1,0,0,0.34615384615384615,0.16666666666666666,0.01903423168326844,0.006761392523924292
T100456,C1490,24,1,4372.43,4372.43,2025-04-02,2025-04,0,1,0,0,0,0,0,1,0,0,0,0,0,0,1,0,0,0,0,0,0,0,0,1,0,0,0,0,0,0,0,1,1,0,0,0,0.11538461538461539,0.0,0.8739626839257724,0.12486815631820967
T100109,C1386,24,6,4025.29,24151.74,2025-05-13,2025-05,1,0,0,0,0,0,0,0,0,0,0,0,1,0,0,0,0,1,0,0,0,0,0,1,0,0,0,0,0,0,1,0,1,0,0,0,0.11538461538461539,0.8333333333333334,0.8037518329372503,0.697219773036437
T101075,C1251,24,5,488.02,2440.1,2025-09-23,2025-09,0,1,0,0,1,0,0,0,0,0,0,0,0,0,0,0,1,0,0,0,0,0,0,0,1,0,0,0,0,0,1,0,1,0,0,0,0.11538461538461539,0.6666666666666666,0.08832077665975627,0.06895254553435864
T100388,C1296,31,7,1740.1,12180.7,2025-11-09,2025-11,1,0,0,0,0,0,0,0,0,0,0,0,0,1,0,0,1,0,0,0,0,0,0,0,1,0,0,0,1,0,0,0,0,1,0,0,0.25,1.0,0.34156039844263536,0.35081516651585726
T100034,C1136,57,5,2141.41,10707.05,2025-10-14,2025-10,0,0,1,0,0,0,1,0,0,0,0,0,0,0,0,0,0,0,0,1,0,0,0,1,0,0,0,0,0,0,1,0,0,0,1,0,0.75,0.6666666666666666,0.4227274106285078,0.3081723260943857
T101064,C1354,28,1,3853.23,3853.23,2025-12-20,2025-12,0,0,1,0,0,0,0,0,0,0,0,0,0,1,0,1,0,0,0,0,0,1,0,0,0,0,0,1,0,0,0,0,0,1,0,0,0.19230769230769232,0.0,0.7689518127117358,0.10984412568215089
T100892,C1008,43,4,3325.64,13302.56,2025-09-30,2025-09,0,1,0,0,1,0,0,0,0,0,0,0,0,0,0,0,0,0,1,0,0,0,0,1,0,0,0,0,0,0,1,0,0,0,1,0,0.4807692307692308,0.5,0.6622440208322798,0.3832783002010824
T101058,C1141,62,1,4811.18,4811.18,2025-02-12,2025-02,0,1,0,0,0,1,0,0,0,0,0,0,0,0,0,0,0,1,0,0,0,1,0,0,0,0,0,0,0,0,0,1,0,0,0,1,0.8461538461538461,0.0,0.9627021287353997,0.13756421456468654
T100158,C1504,60,4,3412.28,13649.12,2025-01-21,2025-01,1,0,0,0,0,0,0,0,0,0,0,0,0,1,0,0,0,0,1,0,1,0,0,0,0,0,0,0,0,0,1,0,0,0,1,0,0.8076923076923077,0.5,0.679767406583405,0.3933066670293423
T100608,C1243,49,4,4488.69,17954.76,2025-06-09,2025-06,0,0,1,0,0,0,1,0,0,0,0,0,0,0,0,0,1,0,0,0,0,0,0,1,0,0,1,0,0,0,0,0,0,0,1,0,0.5961538461538461,0.5,0.8974768670678059,0.5178984760968308
T100634,C1408,18,6,4692.05,28152.3,2025-08-12,2025-08,0,1,0,0,0,0,0,0,0,0,0,0,1,0,0,0,0,0,1,0,0,0,0,1,0,0,0,0,0,0,1,0,1,0,0,0,0.0,0.8333333333333334,0.9386074733276027,0.8129835172609964
T101202,C1066,39,6,2011.41,12068.46,2025-08-27,2025-08,0,1,0,0,0,0,0,0,0,0,0,1,0,0,0,1,0,0,0,0,0,0,0,1,0,0,0,0,0,0,0,1,0,1,0,0,0.40384615384615385,0.8333333333333334,0.3964342417960257,0.3475672905555505
T101925,C1564,41,7,932.6,6528.2,2025-11-27,2025-11,1,0,0,0,0,0,0,0,0,0,0,1,0,0,0,0,0,1,0,0,0,0,0,0,1,0,0,0,0,1,0,0,0,0,1,0,0.4423076923076923,1.0,0.17823936896394801,0.18724942466238612
T100976,C1504,62,1,1915.75,1915.75,2025-01-26,2025-01,0,1,0,0,0,0,0,1,0,0,0,0,0,0,1,0,0,0,0,0,0,1,0,0,0,0,0,0,1,0,0,0,0,0,0,1,0.8461538461538461,0.0,0.37708651463821613,0.053779489941104756
T101176,C1335,54,7,509.64,3567.48,2025-06-23,2025-06,1,0,0,0,0,0,0,1,0,0,0,0,0,0,0,1,0,0,0,0,0,1,0,0,0,0,1,0,0,0,0,0,0,0,1,0,0.6923076923076923,1.0,0.09269353289174292,0.10157541082418904
T101754,C1193,59,6,2504.3,15025.8,2025-02-10,2025-02,0,1,0,0,0,0,0,0,0,0,1,0,0,0,0,0,1,0,0,0,0,0,0,1,0,0,1,0,0,0,0,0,0,0,1,0,0.7884615384615384,0.8333333333333334,0.49612378014865754,0.4331434977228118
T101919,C1328,67,6,2372.56,14235.36,2025-02-15,2025-02,0,0,1,0,0,0,0,0,0,0,0,0,1,0,1,0,0,0,0,0,0,0,0,0,1,0,0,1,0,0,0,0,0,0,0,1,0.9423076923076923,0.8333333333333334,0.4694786873641098,0.41027062642857787
T101312,C1206,68,6,1368.28,8209.68,2025-06-14,2025-06,1,0,0,0,0,0,0,0,0,0,0,1,0,0,0,1,0,0,0,0,0,1,0,0,0,0,0,1,0,0,0,0,0,0,0,1,0.9615384615384616,0.8333333333333334,0.26635789047883907,0.235906217871015
T101764,C1156,68,7,701.2,4908.4,2025-09-09,2025-09,1,0,0,0,0,0,1,0,0,0,0,0,0,0,0,0,0,1,0,0,0,0,0,1,0,0,0,0,0,0,1,0,0,0,0,1,0.9615384615384616,1.0,0.13143752844212975,0.14037745851391153
T101975,C1428,63,4,2895.97,11583.88,2025-10-30,2025-10,1,0,0,0,0,0,0,0,0,0,1,0,0,0,0,0,1,0,0,0,0,0,0,0,1,0,0,0,0,1,0,0,0,0,0,1,0.8653846153846154,0.5,0.5753410527380289,0.3335450548744616
T100251,C1040,19,5,3389.93,16949.65,2025-06-21,2025-06,0,0,1,0,0,0,0,0,0,0,0,0,1,0,0,0,0,0,1,0,0,0,0,1,0,0,0,1,0,0,0,0,1,0,0,0,0.019230769230769232,0.6666666666666666,0.6752470040956666,0.48881372372277654
T100696,C1369,46,7,2024.71,14172.97,2025-10-24,2025-10,0,1,0,0,0,0,0,0,0,0,1,0,0,0,0,0,0,1,0,0,0,0,0,0,1,1,0,0,0,0,0,0,0,0,1,0,0.5384615384615384,1.0,0.3991242352227335,0.40846525418015
T101739,C1103,49,3,1365.61,4096.83,2025-09-27,2025-09,0,1,0,0,0,0,0,0,0,0,0,0,1,0,0,1,0,0,0,0,0,0,0,1,0,0,0,1,0,0,0,0,0,0,1,0,0.5961538461538461,0.3333333333333333,0.26581786924204887,0.1168931508419042
T101663,C1049,22,6,1479.75,8878.5,2025-06-01,2025-06,1,0,0,0,0,0,0,0,1,0,0,0,0,0,0,1,0,0,0,0,0,1,0,0,0,0,0,0,1,0,0,0,1,0,0,0,0.07692307692307693,0.8333333333333334,0.2889032714769682,0.2552597852246529
T101307,C1322,47,2,3991.31,7982.62,2025-03-30,2025-03,1,0,0,0,0,0,0,0,0,1,0,0,0,0,1,0,0,0,0,0,0,0,0,1,0,0,0,0,1,0,0,0,0,0,1,0,0.5576923076923077,0.16666666666666666,0.7968792031147292,0.22933580878737958
T101339,C1465,63,1,4524.53,4524.53,2025-12-05,2025-12,1,0,0,0,0,0,0,0,0,1,0,0,0,0,0,0,0,1,0,0,0,0,0,0,1,1,0,0,0,0,0,0,0,0,0,1,0.8653846153846154,0.0,0.9047256914597764,0.12926945651032162
T101251,C1387,64,2,1133.59,2267.18,2025-07-19,2025-07,0,0,1,0,1,0,0,0,0,0,0,0,0,0,0,0,1,0,0,0,1,0,0,0,0,0,0,1,0,0,0,0,0,0,0,1,0.8846153846153846,0.16666666666666666,0.2188906305304141,0.06394877939878992
T101584,C1164,52,1,1795.03,1795.03,2025-09-03,2025-09,0,1,0,0,0,0,0,0,0,0,0,0,1,0,1,0,0,0,0,0,0,0,0,1,0,0,0,0,0,0,0,1,0,0,1,0,0.6538461538461539,0.0,0.35267027355008346,0.05028622919691174
T100519,C1484,61,2,4908.92,9817.84,2025-11-23,2025-11,0,1,0,0,0,0,0,0,0,0,0,0,0,1,1,0,0,0,0,0,0,0,0,1,0,0,0,0,1,0,0,0,0,0,0,1,0.8269230769230769,0.16666666666666666,0.982470546594529,0.2824413586793437
T100040,C1412,61,7,2504.3,17530.1,2025-02-07,2025-02,0,0,1,0,0,0,1,0,0,0,0,0,0,0,0,0,0,0,1,0,0,1,0,0,0,1,0,0,0,0,0,0,0,0,0,1,0.8269230769230769,1.0,0.49612378014865754,0.5056101385584858
T100513,C1383,21,4,1581.37,6325.48,2025-08-05,2025-08,0,1,0,0,0,0,0,0,0,1,0,0,0,0,0,0,0,1,0,0,1,0,0,0,0,0,0,0,0,0,1,0,1,0,0,0,0.057692307692307696,0.5,0.3094564392981746,0.1813833393570282
T101006,C1598,59,4,3598.62,14394.48,2025-01-27,2025-01,1,0,0,0,0,0,0,0,1,0,0,0,0,0,0,1,0,0,0,0,0,0,0,1,0,0,1,0,0,0,0,0,0,0,1,0,0.7884615384615384,0.5,0.7174556302775952,0.4148750635526334
T101846,C1031,18,6,1695.03,10170.18,2025-03-25,2025-03,0,0,1,0,0,0,0,0,0,0,0,0,1,0,0,0,1,0,0,0,0,0,0,1,0,0,0,0,0,0,1,0,1,0,0,0,0.0,0.8333333333333334,0.3324447590635587,0.29263698070228084
T101717,C1188,50,6,3404.16,20424.96,2025-11-12,2025-11,0,0,1,0,0,0,0,0,1,0,0,0,0,0,0,1,0,0,0,0,0,0,0,1,0,0,0,0,0,0,0,1,0,0,1,0,0.6153846153846154,0.8333333333333334,0.6781250948070991,0.589378369157679
T101625,C1579,23,5,4397.66,21988.3,2025-07-17,2025-07,0,0,1,0,0,0,0,0,1,0,0,0,0,0,1,0,0,0,0,0,0,0,0,0,1,0,0,0,0,1,0,0,1,0,0,0,0.09615384615384616,0.6666666666666666,0.8790655812307225,0.6346165587851369
T101173,C1231,70,2,4127.25,8254.5,2025-10-19,2025-10,1,0,0,0,0,0,0,0,0,0,0,0,0,1,0,0,1,0,0,0,0,0,0,0,1,0,0,0,1,0,0,0,0,0,0,1,1.0,0.16666666666666666,0.824373767507711,0.23720316905188585
T100974,C1146,65,7,2504.3,17530.1,2025-05-11,2025-05,1,0,0,0,0,0,1,0,0,0,0,0,0,0,1,0,0,0,0,0,0,0,0,1,0,0,0,0,1,0,0,0,0,0,0,1,0.9038461538461539,1.0,0.49612378014865754,0.5056101385584858
T101276,C1077,70,4,3000.09,12000.36,2025-08-04,2025-08,0,0,1,0,0,0,0,0,0,0,0,0,1,0,1,0,0,0,0,0,0,0,0,0,1,0,1,0,0,0,0,0,0,0,0,1,1.0,0.5,0.5963998584213986,0.34559668869438803
T101940,C1193,49,6,2507.48,15044.88,2025-10-19,2025-10,1,0,0,0,0,0,0,0,1,0,0,0,0,0,1,0,0,0,0,0,0,0,0,1,0,0,0,0,1,0,0,0,0,0,1,0,0.5961538461538461,0.8333333333333334,0.496766951509329,0.43369561348655605
T100442,C1260,56,2,3285.79,6571.58,2025-10-27,2025-10,1,0,0,0,0,0,1,0,0,0,0,0,0,0,0,0,0,0,1,0,0,1,0,0,0,0,1,0,0,0,0,0,0,0,1,0,0.7307692307692307,0.16666666666666666,0.6541841533093997,0.18850470672901215
T100409,C1585,43,1,495.18,495.18,2025-11-26,2025-11,0,1,0,1,0,0,0,0,0,0,0,0,0,0,1,0,0,0,0,0,0,0,0,0,1,0,0,0,0,0,0,1,0,0,1,0,0.4807692307692308,0.0,0.08976892349699146,0.012672619369714136
T101456,C1080,68,1,1373.37,1373.37,2025-01-28,2025-01,1,0,0,0,0,0,0,0,0,0,1,0,0,0,0,0,0,0,1,0,0,0,0,0,1,0,0,0,0,0,1,0,0,0,0,1,0.9615384615384616,0.0,0.26738736916620315,0.03808470231324351
T101736,C1103,25,4,3893.8,15575.2,2025-09-28,2025-09,0,1,0,1,0,0,0,0,0,0,0,0,0,0,0,1,0,0,0,0,0,1,0,0,0,0,0,0,1,0,0,0,1,0,0,0,0.1346153846153846,0.5,0.7771573039389189,0.44904142228261673
T101130,C1175,41,1,880.39,880.39,2025-07-27,2025-07,1,0,0,0,0,0,0,0,0,0,0,0,1,0,1,0,0,0,0,0,0,1,0,0,0,0,0,0,1,0,0,0,0,0,1,0,0.4423076923076923,0.0,0.16767962785053345,0.023819396799059665
T101496,C1102,70,1,3365.41,3365.41,2025-09-17,2025-09,0,0,1,1,0,0,0,0,0,0,0,0,0,0,0,1,0,0,0,0,0,0,0,0,1,0,0,0,0,0,0,1,0,0,0,1,1.0,0.0,0.6702877079435707,0.09572813449401107
T100547,C1344,30,2,2439.61,4879.22,2025-06-05,2025-06,0,0,1,0,0,0,0,1,0,0,0,0,0,0,0,0,0,1,0,0,0,0,0,0,1,0,0,0,0,1,0,0,0,1,0,0,0.23076923076923078,0.16666666666666666,0.4830398948273247,0.13953308021275557
T101804,C1368,52,1,2413.74,2413.74,2025-01-12,2025-01,0,1,0,0,0,0,0,0,0,0,1,0,0,0,1,0,0,0,0,0,0,1,0,0,0,0,0,0,1,0,0,0,0,0,1,0,0.6538461538461539,0.0,0.47780755422966065,0.0681897692485988
T100358,C1234,53,3,3635.25,10905.75,2025-03-09,2025-03,0,0,1,0,0,0,0,0,0,0,0,0,1,0,0,0,1,0,0,0,0,0,0,1,0,0,0,0,1,0,0,0,0,0,1,0,0.6730769230769231,0.3333333333333333,0.7248642362340092,0.3139220851224768
T100568,C1064,29,2,3721.42,7442.84,2025-01-31,2025-01,0,1,0,0,0,0,0,0,0,0,1,0,0,0,0,0,0,0,0,1,0,0,0,1,0,1,0,0,0,0,0,0,0,1,0,0,0.21153846153846154,0.16666666666666666,0.7422925620670475,0.2137162570602382
T101448,C1588,21,6,1993.86,11963.16,2025-07-12,2025-07,0,1,0,0,0,0,1,0,0,0,0,0,0,0,0,0,0,0,0,1,0,0,0,1,0,0,0,1,0,0,0,0,1,0,0,0,0.057692307692307696,0.8333333333333334,0.3928846640036406,0.34452023657639613
T101855,C1471,41,3,2914.24,8742.72,2025-11-04,2025-11,1,0,0,1,0,0,0,0,0,0,0,0,0,0,0,0,0,0,1,0,1,0,0,0,0,0,0,0,0,0,1,0,0,0,1,0,0.4423076923076923,0.3333333333333333,0.579036254234717,0.25133073499398256
T100035,C1100,52,1,900.32,900.32,2025-02-28,2025-02,0,1,0,0,1,0,0,0,0,0,0,0,0,0,1,0,0,0,0,0,0,0,0,1,0,1,0,0,0,0,0,0,0,0,1,0,0.6538461538461539,0.0,0.17171057288769784,0.024396108914962307
T100800,C1176,65,2,3460.06,6920.12,2025-02-11,2025-02,1,0,0,0,0,0,1,0,0,0,0,0,0,0,1,0,0,0,0,0,0,0,0,1,0,0,0,0,0,0,1,0,0,0,0,1,0.9038461538461539,0.16666666666666666,0.6894311574050664,0.1985903685893587
T101520,C1177,57,2,4391.11,8782.22,2025-03-06,2025-03,1,0,0,0,0,0,0,0,1,0,0,0,0,0,0,0,0,0,1,0,0,0,0,1,0,0,0,0,0,1,0,0,0,0,1,0,0.75,0.16666666666666666,0.8777408100318551,0.2524737419472266
T100931,C1471,22,4,3184.35,12737.4,2025-09-12,2025-09,1,0,0,0,0,0,1,0,0,0,0,0,0,0,0,0,1,0,0,0,0,0,0,1,0,1,0,0,0,0,0,0,1,0,0,0,0.07692307692307693,0.5,0.6336673914142691,0.3669243303353756
T101693,C1515,65,4,3499.73,13998.92,2025-08-11,2025-08,1,0,0,0,0,0,0,0,0,0,0,0,1,0,0,0,0,0,0,1,0,1,0,0,0,0,1,0,0,0,0,0,0,0,0,1,0.9038461538461539,0.5,0.6974546190018708,0.4034287893646531
T100902,C1041,22,5,4644.61,23223.05,2025-05-07,2025-05,0,0,1,0,0,0,0,0,1,0,0,0,0,0,0,1,0,0,0,0,0,1,0,0,0,0,0,0,0,0,0,1,1,0,0,0,0.07692307692307693,0.6666666666666666,0.9290124892551953,0.6703463774058487
T100633,C1270,34,4,2629.36,10517.44,2025-09-18,2025-09,0,0,1,0,0,0,0,0,1,0,0,0,0,0,0,0,0,1,0,0,1,0,0,0,0,0,0,0,0,1,0,0,0,1,0,0,0.3076923076923077,0.5,0.5214178085655053,0.3026856033499653
T101640,C1357,47,5,4600.95,23004.75,2025-11-08,2025-11,0,0,1,0,1,0,0,0,0,0,0,0,0,0,0,1,0,0,0,0,0,0,0,1,0,0,0,1,0,0,0,0,0,0,1,0,0.5576923076923077,0.6666666666666666,0.9201820296303787,0.6640294554338695
T101690,C1402,23,1,603.28,603.28,2025-09-11,2025-09,0,1,0,1,0,0,0,0,0,0,0,0,0,0,0,0,0,1,0,0,0,0,0,0,1,0,0,0,0,1,0,0,1,0,0,0,0.09615384615384616,0.0,0.1116327046569247,0.015800696626566895
T100720,C1154,69,5,796.81,3984.05,2025-04-12,2025-04,1,0,0,0,0,0,0,0,0,0,1,0,0,0,0,0,0,1,0,0,0,0,0,1,0,0,0,1,0,0,0,0,0,0,0,1,0.9807692307692307,0.6666666666666666,0.15077514284269605,0.11362964896375569
T101737,C1536,58,1,2010.29,2010.29,2025-01-15,2025-01,0,1,0,1,0,0,0,0,0,0,0,0,0,0,0,0,0,0,1,0,0,1,0,0,0,0,0,0,0,0,0,1,0,0,1,0,0.7692307692307693,0.0,0.39620771603377664,0.056515183038818535
T101465,C1454,32,3,404.92,1214.76,2025-08-10,2025-08,1,0,0,0,1,0,0,0,0,0,0,0,0,0,0,0,0,0,0,1,0,0,0,0,1,0,0,0,1,0,0,0,0,1,0,0,0.2692307692307692,0.3333333333333333,0.07151337412145423,0.03349502300048295
T101912,C1163,66,4,2742.5,10970.0,2025-09-06,2025-09,0,0,1,0,0,0,0,1,0,0,0,0,0,0,1,0,0,0,0,0,0,1,0,0,0,0,0,1,0,0,0,0,0,0,0,1,0.9230769230769231,0.5,0.5443009556555595,0.31578127997680416
T101530,C1508,43,1,315.72,315.72,2025-03-27,2025-03,0,1,0,0,0,0,0,0,1,0,0,0,0,0,0,0,1,0,0,0,0,1,0,0,0,0,0,0,0,1,0,0,0,0,1,0,0.4807692307692308,0.0,0.053472215199474135,0.007479606006950061
T100678,C1224,29,1,3738.3,3738.3,2025-10-01,2025-10,0,1,0,0,0,0,0,1,0,0,0,0,0,0,1,0,0,0,0,0,0,0,0,1,0,0,0,0,0,0,0,1,0,1,0,0,0.21153846153846154,0.0,0.7457066289123729,0.10651840950148403
T101699,C1246,49,6,3797.64,22785.84,2025-08-07,2025-08,0,1,0,0,0,0,0,0,1,0,0,0,0,0,0,0,1,0,0,0,0,0,0,0,1,0,0,0,0,1,0,0,0,0,1,0,0.5961538461538461,0.8333333333333334,0.7577084492086766,0.6576948819621059
T101866,C1249,63,6,2024.53,12147.18,2025-02-20,2025-02,1,0,0,0,0,0,0,1,0,0,0,0,0,0,1,0,0,0,0,0,0,0,0,0,1,0,0,0,0,1,0,0,0,0,0,1,0.8653846153846154,0.8333333333333334,0.39908782929665776,0.3498452021342689
T100544,C1047,21,1,594.02,594.02,2025-08-28,2025-08,0,1,0,1,0,0,0,0,0,0,0,0,0,0,0,1,0,0,0,0,0,0,0,0,1,0,0,0,0,1,0,0,1,0,0,0,0.057692307692307696,0.0,0.1097598220154725,0.015532741072464613
T100256,C1294,22,2,2525.51,5051.02,2025-05-14,2025-05,1,0,0,0,0,0,0,0,0,1,0,0,0,0,1,0,0,0,0,0,0,1,0,0,0,0,0,0,0,0,0,1,1,0,0,0,0.07692307692307693,0.16666666666666666,0.5004136117712494,0.14450443703724497
T101507,C1067,42,6,854.37,5126.22,2025-08-05,2025-08,0,1,0,0,0,0,1,0,0,0,0,0,0,0,0,0,1,0,0,0,1,0,0,0,0,0,0,0,0,0,1,0,0,0,1,0,0.46153846153846156,0.8333333333333334,0.1624169489811397,0.14668049078114254
T100154,C1131,64,1,3541.0,3541.0,2025-03-20,2025-03,1,0,0,0,0,0,0,0,0,0,0,0,1,0,0,0,0,1,0,0,0,0,0,1,0,0,0,0,0,1,0,0,0,0,0,1,0.8846153846153846,0.0,0.7058016888304596,0.10080916211224213
T100939,C1178,51,6,3854.82,23128.92,2025-03-20,2025-03,1,0,0,0,0,0,0,0,0,1,0,0,0,0,1,0,0,0,0,0,0,1,0,0,0,0,0,0,0,1,0,0,0,0,1,0,0.6346153846153846,0.8333333333333334,0.7692733983920717,0.6676225484309407
T100124,C1473,42,3,3988.18,11964.54,2025-05-18,2025-05,0,0,1,1,0,0,0,0,0,0,0,0,0,0,0,0,0,1,0,0,1,0,0,0,0,0,0,0,1,0,0,0,0,0,1,0,0.46153846153846156,0.3333333333333333,0.7962461445113009,0.3445601694775475
T101203,C1186,54,1,2268.85,2268.85,2025-05-05,2025-05,1,0,0,0,0,0,0,0,0,1,0,0,0,0,0,0,0,0,0,1,1,0,0,0,0,0,1,0,0,0,0,0,0,0,1,0,0.6923076923076923,0.0,0.44850280629013495,0.06399710399655999
T100679,C1442,23,3,2572.96,7718.88,2025-07-07,2025-07,0,1,0,1,0,0,0,0,0,0,0,0,0,0,0,0,0,0,1,0,1,0,0,0,0,0,1,0,0,0,0,0,1,0,0,0,0.09615384615384616,0.3333333333333333,0.5100106183951054,0.22170399476589625
T100753,C1115,58,7,4778.12,33446.84,2025-07-27,2025-07,0,0,1,0,0,0,0,0,0,0,1,0,0,0,0,0,0,0,1,0,0,0,0,1,0,0,0,0,1,0,0,0,0,0,1,0,0.7692307692307693,1.0,0.9560155736461545,0.966191011798436
T101982,C1533,55,1,1528.73,1528.73,2025-03-29,2025-03,0,1,0,0,0,0,0,0,0,0,0,0,0,1,0,1,0,0,0,0,1,0,0,0,0,0,0,1,0,0,0,0,0,0,1,0,0.7115384615384616,0.0,0.29880972847246806,0.042580336750104246
T100816,C1495,52,1,3191.34,3191.34,2025-09-03,2025-09,1,0,0,0,0,0,0,0,1,0,0,0,0,0,0,1,0,0,0,0,1,0,0,0,0,0,0,0,0,0,0,1,0,0,1,0,0.6538461538461539,0.0,0.6350811548768772,0.09069109094081626
T101348,C1297,28,2,4905.03,9810.06,2025-03-31,2025-03,0,0,1,0,0,0,0,0,0,0,0,1,0,0,0,0,0,0,0,1,0,1,0,0,0,0,1,0,0,0,0,0,0,1,0,0,0.19230769230769232,0.16666666666666666,0.9816837740810032,0.28221622971488197
T101260,C1151,47,3,4619.01,13857.03,2025-12-02,2025-12,0,0,1,0,0,0,0,0,0,0,1,0,0,0,0,1,0,0,0,0,0,0,0,1,0,0,0,0,0,0,1,0,0,0,1,0,0.5576923076923077,0.3333333333333333,0.9238347575466451,0.399322934767291
T101052,C1158,27,7,2507.5,17552.5,2025-06-27,2025-06,1,0,0,0,0,0,0,0,0,0,0,0,1,0,0,0,0,1,0,0,0,0,0,1,0,1,0,0,0,0,0,0,0,1,0,0,0.17307692307692307,1.0,0.4967709966122263,0.5062583247800724
T100739,C1543,56,6,1424.39,8546.34,2025-11-13,2025-11,0,0,1,0,0,0,0,0,0,0,1,0,0,0,0,0,0,0,1,0,0,1,0,0,0,0,0,0,0,1,0,0,0,0,1,0,0.7307692307692307,0.8333333333333334,0.2777064266572281,0.24564810953884156
T101534,C1535,52,7,3288.15,23017.05,2025-06-27,2025-06,1,0,0,0,0,0,0,0,0,0,0,0,1,0,0,0,0,0,0,1,0,1,0,0,0,1,0,0,0,0,0,0,0,0,1,0,0.6538461538461539,1.0,0.6546614754512817,0.6643853791180442
T100581,C1149,42,6,4964.67,29788.02,2025-06-05,2025-06,0,1,0,0,0,0,0,1,0,0,0,0,0,0,1,0,0,0,0,0,0,1,0,0,0,0,0,0,0,1,0,0,0,0,1,0,0.46153846153846156,0.8333333333333334,0.9937462709207665,0.8603161586169558
T101538,C1246,34,2,2506.73,5013.46,2025-01-01,2025-01,1,0,0,0,0,0,0,0,0,0,1,0,0,0,1,0,0,0,0,0,1,0,0,0,0,0,0,0,0,0,0,1,0,1,0,0,0.3076923076923077,0.16666666666666666,0.4966152601506801,0.14341756764069186
T101194,C1167,25,4,1123.62,4494.48,2025-05-17,2025-05,1,0,0,1,0,0,0,0,0,0,0,0,0,0,0,0,0,0,1,0,1,0,0,0,0,0,0,1,0,0,0,0,1,0,0,0,0.1346153846153846,0.5,0.21687414673610758,0.12839990311930938
T101518,C1283,45,2,3079.59,6159.18,2025-01-15,2025-01,0,1,0,0,1,0,0,0,0,0,0,0,0,0,1,0,0,0,0,0,0,0,0,1,0,0,0,0,0,0,0,1,0,0,1,0,0.5192307692307693,0.16666666666666666,0.6124791424381858,0.17657113539944622
T100683,C1240,57,6,2504.3,15025.8,2025-04-20,2025-04,0,1,0,0,0,0,0,0,0,0,0,0,0,1,0,0,0,1,0,0,0,0,0,1,0,0,0,0,1,0,0,0,0,0,1,0,0.75,0.8333333333333334,0.49612378014865754,0.4331434977228118
T100026,C1003,42,7,1840.46,12883.22,2025-01-25,2025-01,0,0,1,0,0,0,0,1,0,0,0,0,0,0,0,0,1,0,0,0,0,0,0,1,0,0,0,1,0,0,0,0,0,0,1,0,0.46153846153846156,1.0,0.36185872478131165,0.3711439068903642
T101379,C1567,69,1,467.11,467.11,2025-04-19,2025-04,0,1,0,0,0,0,0,1,0,0,0,0,0,0,1,0,0,0,0,0,1,0,0,0,0,0,0,1,0,0,0,0,0,0,0,1,0.9807692307692307,0.0,0.08409162158062396,0.011860361010788538
T101108,C1363,45,2,2759.81,5519.62,2025-08-19,2025-08,0,1,0,0,0,0,0,0,0,0,0,0,1,0,0,1,0,0,0,0,0,0,0,0,1,0,0,0,0,0,1,0,0,0,1,0,0.5192307692307693,0.16666666666666666,0.5478019922131769,0.15806426129775564
T101987,C1019,66,4,3250.9,13003.6,2025-03-04,2025-03,0,1,0,0,0,0,0,0,0,1,0,0,0,0,0,1,0,0,0,0,0,1,0,0,0,0,0,0,0,0,1,0,0,0,0,1,0.9230769230769231,0.5,0.6471274713050513,0.3746273290936939
T101907,C1501,70,5,2504.3,12521.5,2025-11-12,2025-11,0,0,1,0,0,0,0,0,1,0,0,0,0,0,0,0,1,0,0,0,0,0,0,1,0,0,0,0,0,0,0,1,0,0,0,1,1.0,0.6666666666666666,0.49612378014865754,0.36067685688713774
T101787,C1332,34,4,2660.18,10640.72,2025-03-14,2025-03,1,0,0,0,0,0,0,0,1,0,0,0,0,0,0,1,0,0,0,0,1,0,0,0,0,1,0,0,0,0,0,0,0,1,0,0,0.3076923076923077,0.5,0.5276513121302523,0.3062529425194825
T100839,C1314,58,5,3320.79,16603.95,2025-11-25,2025-11,0,0,1,0,0,0,0,0,0,0,0,0,1,0,1,0,0,0,0,0,0,1,0,0,0,0,0,0,0,0,1,0,0,0,1,0,0.7692307692307693,0.6666666666666666,0.6612630833796834,0.47881024261552396
T100899,C1293,47,6,2031.09,12186.54,2025-04-17,2025-04,0,1,0,1,0,0,0,0,0,0,0,0,0,0,0,0,1,0,0,0,0,0,0,0,1,0,0,0,0,1,0,0,0,0,1,0,0.5576923076923077,0.8333333333333334,0.4004146230469738,0.3509841579236281
T101014,C1401,48,4,3533.24,14132.96,2025-09-21,2025-09,0,0,1,0,0,0,0,0,1,0,0,0,0,0,0,0,1,0,0,0,0,1,0,0,0,0,0,0,1,0,0,0,0,0,1,0,0.5769230769230769,0.5,0.7042321889063052,0.4073074894156109
T100012,C1097,65,6,372.5,2235.0,2025-02-13,2025-02,0,0,1,0,0,0,0,1,0,0,0,0,0,0,0,0,0,0,0,1,1,0,0,0,0,0,0,0,0,1,0,0,0,0,0,1,0.9038461538461539,0.8333333333333334,0.06495626232492288,0.06301759044295716
T100758,C1065,49,1,1248.53,1248.53,2025-11-17,2025-11,0,1,0,0,1,0,0,0,0,0,0,0,0,0,0,0,0,1,0,0,0,0,0,0,1,0,1,0,0,0,0,0,0,0,1,0,0.5961538461538461,0.0,0.24213783688122567,0.034472221603294405
T101033,C1503,61,4,2504.3,10017.2,2025-04-16,2025-04,1,0,0,0,0,0,1,0,0,0,0,0,0,0,0,0,0,0,0,1,0,0,0,0,1,0,0,0,0,0,0,1,0,0,0,1,0.8269230769230769,0.5,0.49612378014865754,0.2882102160514637
T101972,C1247,49,2,185.37,370.74,2025-02-20,2025-02,1,0,0,0,0,0,0,0,1,0,0,0,0,0,0,0,0,0,1,0,0,1,0,0,0,0,0,0,0,1,0,0,0,0,1,0,0.5961538461538461,0.16666666666666666,0.027108257066289124,0.009071713413721929
T101257,C1403,23,5,2997.13,14985.65,2025-03-20,2025-03,0,0,1,0,0,0,0,0,0,0,0,0,1,0,0,0,0,1,0,0,0,0,0,0,1,0,0,0,0,1,0,0,1,0,0,0,0.09615384615384616,0.6666666666666666,0.5958011831925974,0.4319816817943878
T100266,C1414,27,5,1266.88,6334.4,2025-03-29,2025-03,0,1,0,0,1,0,0,0,0,0,0,0,0,0,0,0,1,0,0,0,0,0,0,1,0,0,0,1,0,0,0,0,0,1,0,0,0.17307692307692307,0.6666666666666666,0.245849218789503,0.1816414563702671
T100432,C1485,60,6,828.15,4968.9,2025-03-14,2025-03,0,1,0,0,0,0,0,0,1,0,0,0,0,0,0,0,0,0,1,0,0,0,0,0,1,1,0,0,0,0,0,0,0,0,1,0,0.8076923076923077,0.8333333333333334,0.15711381908277292,0.14212814004989296
T100481,C1486,47,1,228.36,228.36,2025-08-22,2025-08,1,0,0,0,0,0,0,0,0,0,0,0,0,1,0,0,0,1,0,0,0,0,0,0,1,1,0,0,0,0,0,0,0,0,1,0,0.5576923076923077,0.0,0.035803205744046114,0.004951679742762668
T101205,C1571,36,1,3029.15,3029.15,2025-04-15,2025-04,1,0,0,0,0,0,0,0,0,0,0,0,0,1,0,0,0,1,0,0,0,0,0,0,1,0,0,0,0,0,1,0,0,1,0,0,0.34615384615384615,0.0,0.6022773929311827,0.08599781758014144
T100490,C1081,43,1,67.15,67.15,2025-09-25,2025-09,1,0,0,0,0,0,1,0,0,0,0,0,0,0,0,0,0,0,1,0,0,1,0,0,0,0,0,0,0,1,0,0,0,0,1,0,0.4807692307692308,0.0,0.0031976538403195635,0.00028676452928224673
T101350,C1593,52,2,2729.78,5459.56,2025-11-06,2025-11,0,1,0,0,1,0,0,0,0,0,0,0,0,0,0,1,0,0,0,0,1,0,0,0,0,0,0,0,0,1,0,0,0,0,1,0,0.6538461538461539,0.16666666666666666,0.5417282702128735,0.15632631199112682
T100112,C1322,29,1,1112.71,1112.71,2025-05-20,2025-05,0,1,0,0,0,0,0,0,1,0,0,0,0,0,0,0,1,0,0,0,0,0,0,1,0,0,0,0,0,0,1,0,0,1,0,0,0.21153846153846154,0.0,0.21466754310562777,0.030542013897228337
T100930,C1524,55,5,4584.32,22921.6,2025-09-21,2025-09,0,0,1,0,0,0,0,0,0,0,0,0,0,1,0,0,1,0,0,0,0,0,0,1,0,0,0,0,1,0,0,0,0,0,1,0,0.7115384615384616,0.6666666666666666,0.9168185265712696,0.6616233534550784
T100851,C1129,59,1,2905.83,2905.83,2025-02-22,2025-02,0,0,1,0,0,0,0,0,0,0,0,0,1,0,0,0,0,1,0,0,0,1,0,0,0,0,0,1,0,0,0,0,0,0,1,0,0.7884615384615384,0.0,0.5773352884664004,0.08242932093522855
T100127,C1078,38,4,453.62,1814.48,2025-08-27,2025-08,0,1,0,0,0,0,0,0,1,0,0,0,0,0,0,0,0,0,1,0,0,0,0,0,1,0,0,0,0,0,0,1,0,1,0,0,0.38461538461538464,0.5,0.08136319967639176,0.0508490516080661
T100885,C1397,33,7,1030.94,7216.58,2025-03-16,2025-03,1,0,0,1,0,0,0,0,0,0,0,0,0,0,0,0,0,1,0,0,1,0,0,0,0,0,0,0,1,0,0,0,0,1,0,0,0.28846153846153844,1.0,0.19812913990999648,0.2071689974845166
T100738,C1101,68,3,2022.89,6068.67,2025-04-07,2025-04,0,1,0,0,0,0,0,1,0,0,0,0,0,0,1,0,0,0,0,0,1,0,0,0,0,0,1,0,0,0,0,0,0,0,0,1,0.9615384615384616,0.3333333333333333,0.39875613085907874,0.1739520579478482
T101818,C1406,60,3,3984.92,11954.76,2025-12-10,2025-12,1,0,0,0,1,0,0,0,0,0,0,0,0,0,0,0,0,1,0,0,0,1,0,0,0,0,0,0,0,0,0,1,0,0,1,0,0.8076923076923077,0.3333333333333333,0.7955867927390403,0.34427716674330117
T101337,C1487,45,6,1022.28,6133.68,2025-12-06,2025-12,0,1,0,1,0,0,0,0,0,0,0,0,0,0,0,0,0,0,1,0,0,0,0,0,1,0,0,1,0,0,0,0,0,0,1,0,0.5192307692307693,0.8333333333333334,0.19637761035546342,0.1758332448346937
T100057,C1391,62,6,234.88,1409.28,2025-10-22,2025-10,0,0,1,0,0,0,0,0,0,1,0,0,0,0,0,0,0,1,0,0,0,0,0,1,0,0,0,0,0,0,0,1,0,0,0,1,0.8461538461538461,0.8333333333333334,0.037121909288567526,0.03912382584972439
T100651,C1278,23,6,3760.71,22564.26,2025-11-14,2025-11,1,0,0,0,0,0,0,0,0,0,0,0,1,0,0,0,0,0,0,1,0,0,0,1,0,1,0,0,0,0,0,0,1,0,0,0,0.09615384615384616,0.8333333333333334,0.7502391667088031,0.65128304700768
T101411,C1443,69,6,2601.26,15607.56,2025-05-19,2025-05,0,0,1,0,0,0,0,0,1,0,0,0,0,0,0,1,0,0,0,0,0,0,0,1,0,0,1,0,0,0,0,0,0,0,0,1,0.9807692307692307,0.8333333333333334,0.515734438994792,0.44997781987773006
T100551,C1546,69,7,4043.14,28301.98,2025-06-17,2025-06,0,0,1,0,0,0,0,0,0,0,1,0,0,0,0,0,0,0,0,1,0,1,0,0,0,0,0,0,0,0,1,0,0,0,0,1,0.9807692307692307,1.0,0.807362087273095,0.8173147901916692
T101837,C1188,56,1,2633.16,2633.16,2025-08-02,2025-08,0,0,1,0,1,0,0,0,0,0,0,0,0,0,1,0,0,0,0,0,0,0,0,1,0,0,0,1,0,0,0,0,0,0,1,0,0.7307692307692307,0.0,0.5221863781159932,0.07453910053165738
T101992,C1005,69,7,3856.52,26995.64,2025-12-11,2025-12,0,1,0,0,0,0,0,0,0,0,0,0,0,1,0,0,0,0,0,1,1,0,0,0,0,0,0,0,0,1,0,0,0,0,0,1,0.9807692307692307,1.0,0.7696172321383424,0.7795133799815208
T101009,C1217,28,1,172.82,172.82,2025-09-29,2025-09,0,0,1,1,0,0,0,0,0,0,0,0,0,0,0,0,0,0,1,0,0,0,0,1,0,0,1,0,0,0,0,0,0,1,0,0,0.19230769230769232,0.0,0.024569954998230264,0.0033445251558468273
T100298,C1225,62,4,4498.83,17995.32,2025-02-01,2025-02,0,0,1,0,0,0,0,0,0,0,0,0,0,1,0,1,0,0,0,0,1,0,0,0,0,0,0,1,0,0,0,0,0,0,0,1,0.8461538461538461,0.5,0.8995277342367396,0.5190721561480607
T100943,C1326,46,3,641.69,1925.07,2025-11-18,2025-11,0,0,1,0,0,0,0,0,1,0,0,0,0,0,0,1,0,0,0,0,0,0,0,0,1,0,0,0,0,0,1,0,0,0,1,0,0.5384615384615384,0.3333333333333333,0.11940132477119887,0.05404918170830057
T101539,C1018,64,5,569.73,2848.65,2025-06-28,2025-06,1,0,0,0,0,0,0,0,0,0,0,1,0,0,0,0,0,0,1,0,0,0,0,0,1,0,0,1,0,0,0,0,0,0,0,1,0.8846153846153846,0.6666666666666666,0.10484704454669565,0.08077470985708941
T101861,C1599,68,1,4428.61,4428.61,2025-06-13,2025-06,0,0,1,0,0,0,0,0,0,1,0,0,0,0,0,0,0,0,1,0,0,1,0,0,0,1,0,0,0,0,0,0,0,0,0,1,0.9615384615384616,0.0,0.8853253779643019,0.12649383051145655
T100160,C1575,29,2,3082.65,6165.3,2025-06-07,2025-06,1,0,0,0,0,0,0,0,1,0,0,0,0,0,0,0,1,0,0,0,0,0,0,0,1,0,0,1,0,0,0,0,0,1,0,0,0.21153846153846154,0.16666666666666666,0.6130980431814734,0.1767482291349868
T100690,C1118,31,2,3451.79,6903.58,2025-09-05,2025-09,0,1,0,0,0,0,0,0,1,0,0,0,0,0,0,0,0,0,1,0,0,1,0,0,0,1,0,0,0,0,0,0,0,1,0,0,0.25,0.16666666666666666,0.6877585073570308,0.19811175251324079
T100162,C1093,40,3,2963.44,8890.32,2025-12-29,2025-12,0,1,0,0,0,0,0,0,0,1,0,0,0,0,0,1,0,0,0,0,0,0,0,1,0,0,1,0,0,0,0,0,0,1,0,0,0.4230769230769231,0.3333333333333333,0.5889872073620872,0.2556018192040794
T100137,C1491,38,2,1189.07,2378.14,2025-06-03,2025-06,0,0,1,1,0,0,0,0,0,0,0,0,0,0,0,0,0,0,0,1,0,0,0,1,0,0,0,0,0,0,1,0,0,1,0,0,0.38461538461538464,0.16666666666666666,0.23011174596753806,0.06715961614643452
T100917,C1532,62,7,3130.06,21910.42,2025-02-25,2025-02,0,1,0,0,0,0,0,1,0,0,0,0,0,0,0,0,1,0,0,0,1,0,0,0,0,0,0,0,0,0,1,0,0,0,0,1,0.8461538461538461,1.0,0.6226869595995348,0.632362954189728
T100806,C1268,22,3,1454.47,4363.41,2025-02-08,2025-02,0,0,1,0,0,0,0,0,0,0,1,0,0,0,0,0,0,1,0,0,0,1,0,0,0,0,0,1,0,0,0,0,1,0,0,0,0.07692307692307693,0.3333333333333333,0.28379026141477476,0.12460714561648152
T100425,C1312,47,4,2624.83,10499.32,2025-11-26,2025-11,0,0,1,0,0,0,0,0,0,0,0,0,1,0,0,1,0,0,0,0,0,1,0,0,0,0,0,0,0,0,0,1,0,0,1,0,0.5576923076923077,0.5,0.5205015927592658,0.3021612669957176
T101521,C1563,67,3,78.01,234.03,2025-03-24,2025-03,0,0,1,0,1,0,0,0,0,0,0,0,0,0,0,1,0,0,0,0,1,0,0,0,0,0,1,0,0,0,0,0,0,0,0,1,0.9423076923076923,0.3333333333333333,0.005394144713556152,0.005115751880101754
T101997,C1467,66,6,2229.76,13378.56,2025-10-23,2025-10,1,0,0,0,1,0,0,0,0,0,0,0,0,0,0,0,0,1,0,0,1,0,0,0,0,0,0,0,0,1,0,0,0,0,0,1,0.9230769230769231,0.8333333333333334,0.4405966526773525,0.3854775034528938
T100407,C1180,63,1,4643.14,4643.14,2025-06-17,2025-06,1,0,0,0,0,0,0,0,1,0,0,0,0,0,0,0,0,0,0,1,0,1,0,0,0,0,0,0,0,0,1,0,0,0,0,1,0.8653846153846154,0.0,0.9287151741922436,0.132701660427392
T100631,C1358,46,7,4284.33,29990.31,2025-06-01,2025-06,0,1,0,0,0,0,0,0,1,0,0,0,0,0,1,0,0,0,0,0,0,0,0,0,1,0,0,0,1,0,0,0,0,0,1,0,0.5384615384615384,1.0,0.856144005663144,0.86616980106181
T100796,C1373,39,5,3105.56,15527.8,2025-12-05,2025-12,1,0,0,0,0,0,0,0,0,0,1,0,0,0,0,0,1,0,0,0,0,0,0,1,0,1,0,0,0,0,0,0,0,1,0,0,0.40384615384615385,0.6666666666666666,0.6177317085503362,0.4476698139387238
T100944,C1058,43,7,4414.45,30901.15,2025-03-05,2025-03,1,0,0,0,0,0,0,1,0,0,0,0,0,0,0,0,1,0,0,0,0,1,0,0,0,0,0,0,0,0,0,1,0,0,1,0,0.4807692307692308,1.0,0.88246144511301,0.8925266732970715
T100316,C1234,39,6,1766.36,10598.16,2025-07-15,2025-07,0,0,1,0,0,0,0,1,0,0,0,0,0,0,0,1,0,0,0,0,0,0,0,0,1,0,0,0,0,0,1,0,0,1,0,0,0.40384615384615385,0.8333333333333334,0.34687161854679677,0.3050213886984681
T101835,C1587,23,6,2223.4,13340.4,2025-11-14,2025-11,0,0,1,0,0,0,0,1,0,0,0,0,0,0,0,0,0,0,0,1,0,0,0,1,0,1,0,0,0,0,0,0,1,0,0,0,0.09615384615384616,0.8333333333333334,0.4393103099560095,0.3843732719254053
T101208,C1194,53,3,937.67,2813.01,2025-02-25,2025-02,0,1,0,0,0,0,0,0,0,0,0,0,0,1,0,0,0,1,0,0,0,1,0,0,0,0,0,0,0,0,1,0,0,0,1,0,0.6730769230769231,0.3333333333333333,0.17926480254841481,0.07974339927952945
T101498,C1192,69,7,2529.42,17705.94,2025-08-21,2025-08,0,1,0,0,0,0,0,0,1,0,0,0,0,0,0,0,1,0,0,0,0,1,0,0,0,0,0,0,0,1,0,0,0,0,0,1,0.9807692307692307,1.0,0.5012044293876725,0.5106984003979399
T101477,C1360,34,1,352.15,352.15,2025-07-03,2025-07,0,1,0,0,0,0,0,0,0,0,1,0,0,0,0,0,1,0,0,0,1,0,0,0,0,0,0,0,0,1,0,0,0,1,0,0,0.3076923076923077,0.0,0.060840370126915094,0.008533776723574908
T100182,C1394,20,3,4170.22,12510.66,2025-04-21,2025-04,1,0,0,0,0,0,0,0,1,0,0,0,0,0,0,0,0,0,0,1,0,0,0,1,0,0,1,0,0,0,0,0,1,0,0,0,0.038461538461538464,0.3333333333333333,0.8330646710825707,0.3603631810549057
T100928,C1360,24,6,682.14,4092.84,2025-09-02,2025-09,1,0,0,0,0,0,1,0,0,0,0,0,0,0,0,0,0,1,0,0,1,0,0,0,0,0,0,0,0,0,1,0,1,0,0,0,0.11538461538461539,0.8333333333333334,0.1275825453809981,0.11677769267118411
T100052,C1181,43,5,2790.87,13954.35,2025-02-26,2025-02,0,0,1,0,0,0,0,0,0,1,0,0,0,0,0,0,1,0,0,0,0,1,0,0,0,0,0,0,0,0,0,1,0,0,1,0,0.4807692307692308,0.6666666666666666,0.5540840370126915,0.4021390724050053
T101414,C1169,67,6,1243.16,7458.96,2025-01-25,2025-01,0,1,0,1,0,0,0,0,0,0,0,0,0,0,0,0,0,0,1,0,1,0,0,0,0,0,0,1,0,0,0,0,0,0,0,1,0.9423076923076923,0.8333333333333334,0.24105172675329933,0.21418271964470134
T100879,C1571,70,3,3700.38,11101.14,2025-05-09,2025-05,1,0,0,0,0,0,1,0,0,0,0,0,0,0,0,0,0,0,0,1,0,0,0,0,1,1,0,0,0,0,0,0,0,0,0,1,1.0,0.3333333333333333,0.7380371138190828,0.3195760630615745
T100478,C1560,53,1,3369.8,3369.8,2025-11-16,2025-11,1,0,0,0,0,0,0,0,0,0,0,0,1,0,0,0,0,0,0,1,0,0,0,1,0,0,0,0,1,0,0,0,0,0,1,0,0.6730769230769231,0.0,0.6711756080295292,0.09585516741868809
T100167,C1408,59,3,1346.16,4038.48,2025-06-21,2025-06,0,1,0,0,0,0,0,0,0,0,0,1,0,0,1,0,0,0,0,0,0,0,0,1,0,0,0,1,0,0,0,0,0,0,1,0,0.7884615384615384,0.3333333333333333,0.2618840066744198,0.11520468360844112
T101434,C1469,28,7,4310.41,30172.87,2025-02-26,2025-02,0,0,1,0,1,0,0,0,0,0,0,0,0,0,1,0,0,0,0,0,1,0,0,0,0,0,0,0,0,0,0,1,0,1,0,0,0.19230769230769232,1.0,0.8614188198412297,0.87145251876774
T101461,C1375,66,5,2799.32,13996.6,2025-05-06,2025-05,1,0,0,0,0,0,0,0,0,0,0,0,0,1,0,0,0,1,0,0,1,0,0,0,0,0,0,0,0,0,1,0,0,0,0,1,0.9230769230769231,0.6666666666666666,0.5557930929868029,0.403361655791703
T100642,C1140,68,2,2950.45,5900.9,2025-09-14,2025-09,0,0,1,0,1,0,0,0,0,0,0,0,0,0,0,1,0,0,0,0,0,0,0,0,1,0,0,0,1,0,0,0,0,0,0,1,0.9615384615384616,0.16666666666666666,0.5863599130302877,0.1690973167694746
T100121,C1481,48,3,3711.36,11134.08,2025-03-21,2025-03,0,0,1,0,0,0,0,0,0,0,1,0,0,0,0,0,0,0,0,1,0,0,0,1,0,1,0,0,0,0,0,0,0,0,1,0,0.5769230769230769,0.3333333333333333,0.7402578753097032,0.3205292440499254
T101618,C1072,25,6,935.1,5610.6,2025-08-17,2025-08,0,0,1,0,0,0,0,0,1,0,0,0,0,0,0,0,0,1,0,0,0,1,0,0,0,0,0,0,1,0,0,0,1,0,0,0,0.1346153846153846,0.8333333333333334,0.17874500682611114,0.16069693908525298
T100069,C1466,63,4,3250.74,13002.96,2025-01-07,2025-01,1,0,0,0,1,0,0,0,0,0,0,0,0,0,0,1,0,0,0,0,1,0,0,0,0,0,0,0,0,0,1,0,0,0,0,1,0.8653846153846154,0.5,0.6470951104818728,0.3746088094873628
T100418,C1469,51,6,727.95,4367.7,2025-07-20,2025-07,1,0,0,0,0,0,0,0,0,1,0,0,0,0,0,0,1,0,0,0,1,0,0,0,0,0,0,0,1,0,0,0,0,0,1,0,0.6346153846153846,0.8333333333333334,0.1368478535672751,0.1247312848526693
T100133,C1199,23,5,2976.31,14881.55,2025-01-16,2025-01,0,1,0,0,0,0,0,0,0,0,0,0,0,1,0,0,0,0,0,1,0,0,0,1,0,0,0,0,0,1,0,0,1,0,0,0,0.09615384615384616,0.6666666666666666,0.591590231076503,0.428969352077104
T101744,C1038,32,5,4378.25,21891.25,2025-02-13,2025-02,0,0,1,0,0,0,1,0,0,0,0,0,0,0,0,0,0,0,0,1,0,0,0,0,1,0,0,0,0,1,0,0,0,1,0,0,0.2692307692307692,0.6666666666666666,0.8751398088688881,0.6318082341063436
T101722,C1357,28,3,2752.57,8257.71,2025-06-16,2025-06,0,1,0,0,0,0,1,0,0,0,0,0,0,0,0,0,0,0,1,0,0,0,0,0,1,0,1,0,0,0,0,0,0,1,0,0,0.19230769230769232,0.3333333333333333,0.5463376649643525,0.23729605645238996
T101945,C1033,46,2,1073.41,2146.82,2025-12-29,2025-12,0,1,0,0,0,0,0,0,0,0,1,0,0,0,1,0,0,0,0,0,0,1,0,0,0,0,1,0,0,0,0,0,0,0,1,0,0.5384615384615384,0.16666666666666666,0.20671891591242353,0.06046593593315812
T100250,C1584,64,3,1574.85,4724.55,2025-06-03,2025-06,0,1,0,0,0,0,0,1,0,0,0,0,0,0,0,0,1,0,0,0,0,1,0,0,0,0,0,0,0,0,1,0,0,0,0,1,0.8846153846153846,0.3333333333333333,0.3081377357536532,0.1350574122264705
T100066,C1435,43,7,1473.54,10314.78,2025-06-07,2025-06,0,0,1,0,0,0,0,0,0,0,0,0,1,0,0,0,0,0,0,1,1,0,0,0,0,0,0,1,0,0,0,0,0,0,1,0,0.4807692307692308,1.0,0.287647267027355,0.2968212542577009
T100832,C1301,59,7,4684.54,32791.78,2025-03-17,2025-03,1,0,0,0,0,0,0,0,1,0,0,0,0,0,1,0,0,0,0,0,1,0,0,0,0,0,1,0,0,0,0,0,0,0,1,0,0.7884615384615384,1.0,0.9370885371896647,0.9472356159809154
T101599,C1171,61,2,1768.99,3537.98,2025-08-14,2025-08,0,0,1,0,0,0,0,0,1,0,0,0,0,0,1,0,0,0,0,0,0,0,0,0,1,0,0,0,0,1,0,0,0,0,0,1,0.8269230769230769,0.16666666666666666,0.3474035495777924,0.10072177271986751
T101634,C1309,66,7,2263.16,15842.12,2025-05-28,2025-05,0,1,0,0,0,0,0,0,1,0,0,0,0,0,0,0,0,0,0,1,1,0,0,0,0,0,0,0,0,0,0,1,0,0,0,1,0.9230769230769231,1.0,0.4473519745158517,0.4567652555980574
T100401,C1331,19,4,816.25,3265.0,2025-12-08,2025-12,1,0,0,0,1,0,0,0,0,0,0,0,0,0,0,0,0,0,0,1,0,1,0,0,0,0,1,0,0,0,0,0,1,0,0,0,0.019230769230769232,0.5,0.15470698285887646,0.09282258188197975
T101746,C1178,29,2,2520.64,5041.28,2025-07-30,2025-07,1,0,0,0,0,0,0,0,0,0,0,0,1,0,0,0,0,1,0,0,0,1,0,0,0,0,0,0,0,0,0,1,0,1,0,0,0.21153846153846154,0.16666666666666666,0.4994286292157556,0.1442225917783944
T101973,C1008,49,3,4376.5,13129.5,2025-05-07,2025-05,1,0,0,0,0,0,0,0,0,0,0,0,0,1,0,0,0,0,1,0,0,0,0,0,1,0,0,0,0,0,0,1,0,0,1,0,0.5961538461538461,0.3333333333333333,0.8747858623653739,0.3782704829016288
T100156,C1531,23,3,2504.3,7512.9,2025-06-06,2025-06,0,0,1,0,0,0,0,0,0,1,0,0,0,0,0,1,0,0,0,0,0,0,0,0,1,1,0,0,0,0,0,0,1,0,0,0,0.09615384615384616,0.3333333333333333,0.49612378014865754,0.21574357521578957
T101401,C1471,55,3,2100.85,6302.55,2025-03-19,2025-03,0,0,1,0,0,0,0,0,0,1,0,0,0,0,0,0,0,0,0,1,0,0,0,0,1,0,0,0,0,0,0,1,0,0,1,0,0.7115384615384616,0.3333333333333333,0.41452394195277337,0.1807198165864488
T100021,C1254,51,7,2917.62,20423.34,2025-06-05,2025-06,1,0,0,0,0,0,0,0,0,0,0,1,0,0,0,0,0,0,0,1,0,0,0,1,0,0,0,0,0,1,0,0,0,0,1,0,0.6346153846153846,1.0,0.5797198766243615,0.5893314914041536
T101252,C1317,52,5,4071.23,20356.15,2025-08-08,2025-08,0,1,0,0,0,0,1,0,0,0,0,0,0,0,0,0,0,0,0,1,0,0,0,1,0,1,0,0,0,0,0,0,0,0,1,0,0.6538461538461539,0.6666666666666666,0.8130434342923598,0.587387222108243
T101869,C1423,43,3,224.52,673.56,2025-07-26,2025-07,0,1,0,0,0,0,0,0,0,0,0,0,1,0,0,0,0,1,0,0,0,0,0,1,0,0,0,1,0,0,0,0,0,0,1,0,0.4807692307692308,0.3333333333333333,0.035026545987763565,0.017834380896794573
T101922,C1072,70,3,2833.23,8499.69,2025-08-08,2025-08,1,0,0,0,0,0,0,0,0,0,0,0,1,0,0,0,0,0,0,1,0,0,0,1,0,1,0,0,0,0,0,0,0,0,0,1,1.0,0.3333333333333333,0.5626515649491833,0.24429820385861786
T100211,C1216,28,4,1199.08,4796.32,2025-03-28,2025-03,0,0,1,0,0,0,0,0,0,1,0,0,0,0,0,1,0,0,0,0,0,1,0,0,0,1,0,0,0,0,0,0,0,1,0,0,0.19230769230769232,0.5,0.23213631996763917,0.13713421245518762
T101679,C1143,41,3,2153.38,6460.14,2025-01-04,2025-01,0,1,0,0,0,0,0,0,0,0,0,0,1,0,0,0,0,1,0,0,0,0,0,0,1,0,0,1,0,0,0,0,0,0,1,0,0.4423076923076923,0.3333333333333333,0.4251484047125449,0.18527998027661927
T100564,C1431,63,3,3428.55,10285.65,2025-07-24,2025-07,1,0,0,0,0,0,0,0,1,0,0,0,0,0,0,0,1,0,0,0,1,0,0,0,0,0,0,0,0,1,0,0,0,0,0,1,0.8653846153846154,0.3333333333333333,0.6830580977903625,0.2959783228007895
